label,mode,cyc,I,enable,op_slot_1_A,AN_slot_1_A,B_slot_1_A,Y_slot_1_A
t05_slot_1_A_k1,78,0,0,1,0,0,0,0
t05_slot_1_A_k1,78,1,0,1,0,0,0,0
t05_slot_1_A_k1,78,2,0,1,0,0,0,0
t05_slot_1_A_k1,78,3,0,1,0,0,0,0
t05_slot_1_A_k1,78,4,0,1,0,0,0,0
t05_slot_1_A_k1,78,5,0,1,0,0,0,0
t05_slot_1_A_k1,78,6,0,1,0,0,0,0
t05_slot_1_A_k1,78,7,1,1,1,0,0,0
t05_slot_1_A_k1,78,8,0,1,0,1,0,0
t05_slot_1_A_k1,78,9,0,1,0,1,0,0
t05_slot_1_A_k1,78,10,0,1,0,1,0,0
t05_slot_1_A_k1,78,11,0,1,0,1,0,0
t05_slot_1_A_k1,78,12,0,1,0,1,0,0
t05_slot_1_A_k1,78,13,0,1,0,1,0,0
t05_slot_1_A_k1,78,14,0,1,0,1,0,0
t05_slot_1_A_k1,78,15,0,1,0,1,0,0
t05_slot_1_A_k1,78,16,0,1,0,1,0,0
t05_slot_1_A_k1,78,17,0,1,1,1,0,0
t05_slot_1_A_k1,78,18,0,1,1,1,0,0
t05_slot_1_A_k1,78,19,0,1,0,1,0,0
t05_slot_1_A_k1,78,20,0,1,0,1,0,0
t05_slot_1_A_k1,78,21,0,1,0,1,0,0
t05_slot_1_A_k1,78,22,0,1,0,1,0,0
t05_slot_1_A_k1,78,23,0,1,0,1,0,0
t05_slot_1_A_k1,78,24,0,1,0,1,0,0
t05_slot_1_A_k1,78,25,0,1,0,1,0,0
t05_slot_1_A_k1,78,26,0,1,0,1,0,0
t05_slot_1_A_k1,78,27,0,1,0,1,0,0
t05_slot_1_A_k1,78,28,0,1,0,1,0,0
t05_slot_1_A_k1,78,29,0,1,1,1,0,0
t05_slot_1_A_k1,78,30,0,1,1,1,0,0
t05_slot_1_A_k1,78,31,0,1,0,1,0,0
t05_slot_1_A_k1,78,32,0,1,0,1,0,0
t05_slot_1_A_k1,78,33,0,1,0,1,0,0
t05_slot_1_A_k1,78,34,0,1,0,1,0,0
t05_slot_1_A_k1,78,35,0,1,0,1,0,0
t05_slot_1_A_k1,78,36,0,1,0,1,0,0
t05_slot_1_A_k1,78,37,0,1,0,1,0,0
t05_slot_1_A_k1,78,38,0,1,0,1,0,0
t05_slot_1_A_k1,78,39,0,1,0,1,0,0
t05_slot_1_A_k1,78,40,0,1,0,1,0,0
t05_slot_1_A_k1,78,41,0,1,1,1,0,0
t05_slot_1_A_k1,78,42,0,1,1,1,0,0
t05_slot_1_A_k1,78,43,0,1,0,1,0,0
t05_slot_1_A_k1,78,44,0,1,0,1,0,0
t05_slot_1_A_k1,78,45,0,1,0,1,0,0
t05_slot_1_A_k1,78,46,0,1,0,1,0,0
t05_slot_1_A_k1,78,47,0,1,0,1,0,0
t05_slot_1_A_k1,78,48,0,1,0,1,0,0
t05_slot_1_A_k1,78,49,0,1,0,1,0,0
t05_slot_1_A_k1,78,50,0,1,0,1,0,0
t05_slot_1_A_k1,78,51,0,1,0,1,0,0
t05_slot_1_A_k1,78,52,0,1,0,1,0,0
t05_slot_1_A_k1,78,53,0,1,0,1,0,0
t05_slot_1_A_k1,78,54,0,1,0,1,0,0
t05_slot_1_A_k1,78,55,0,1,0,1,0,0
t05_slot_1_A_k1,78,56,0,1,0,1,0,0
t05_slot_1_A_k1,78,57,0,1,0,1,0,0
t05_slot_1_A_k1,78,58,0,1,0,1,0,0
t05_slot_1_A_k1,78,59,0,1,0,1,0,0
t05_slot_1_A_k1,78,60,0,1,0,1,0,0
t05_slot_1_A_k1,78,61,0,1,0,1,0,0
t05_slot_1_A_k1,78,62,0,1,0,1,0,0
t05_slot_1_A_k1,78,63,0,1,0,1,0,0
t05_slot_1_A_k1,78,64,0,1,0,1,0,0
t05_slot_1_A_k1,78,65,0,1,0,1,0,0
t05_slot_1_A_k1,78,66,0,1,0,1,0,0
t05_slot_1_A_k1,78,67,0,1,0,1,0,0
t05_slot_1_A_k1,78,68,0,1,0,1,0,0
t05_slot_1_A_k1,78,69,0,1,0,1,0,0
t05_slot_1_A_k1,78,70,0,1,0,1,0,0
t05_slot_1_A_k1,78,71,0,1,0,1,0,0
t05_slot_1_A_k1,78,72,0,1,0,1,0,0
t05_slot_1_A_k1,78,73,0,1,0,1,0,0
t05_slot_1_A_k1,78,74,0,1,0,1,0,0
t05_slot_1_A_k1,78,75,0,1,0,1,0,0
t05_slot_1_A_k1,78,76,0,1,0,1,0,0
t05_slot_1_A_k1,78,77,0,1,0,1,0,0
t05_slot_1_A_k1,78,78,0,1,0,1,0,0
t05_slot_1_A_k1,78,79,0,1,0,1,0,0
t05_slot_1_A_k1,78,80,0,1,0,1,0,0
t05_slot_1_A_k1,78,81,0,1,0,1,0,0
t05_slot_1_A_k1,78,82,0,1,0,1,0,0
t05_slot_1_A_k1,78,83,0,1,0,1,0,0
t05_slot_1_A_k1,78,84,0,1,0,1,0,0
t05_slot_1_A_k1,78,85,0,1,0,1,0,0
t05_slot_1_A_k1,78,86,0,1,0,1,0,0
t05_slot_1_A_k1,78,87,0,1,0,1,0,0
t05_slot_1_A_k1,78,88,0,1,0,1,0,0
t05_slot_1_A_k1,78,89,0,1,0,1,0,0
t05_slot_1_A_k1,78,90,0,1,0,1,0,0
t05_slot_1_A_k1,78,91,0,1,0,1,0,0
t05_slot_1_A_k1,78,92,0,1,0,1,0,0
t05_slot_1_A_k1,78,93,0,1,0,1,0,0
t05_slot_1_A_k1,78,94,0,1,0,1,0,0
t05_slot_1_A_k1,78,95,0,1,0,1,0,0
t05_slot_1_A_k1,78,96,0,1,0,1,0,0
t05_slot_1_A_k1,78,97,0,1,0,1,0,0
t05_slot_1_A_k1,78,98,0,1,0,1,0,0
t05_slot_1_A_k1,78,99,0,1,0,1,0,0
t05_slot_1_A_k1,78,100,0,1,0,1,0,0
t05_slot_1_A_k1,78,101,0,1,0,1,0,0
t05_slot_1_A_k1,78,102,0,1,0,1,0,0
t05_slot_1_A_k1,78,103,0,1,0,1,0,0
t05_slot_1_A_k1,78,104,0,1,0,1,0,0
t05_slot_1_A_k1,78,105,0,1,0,1,0,0
t05_slot_1_A_k1,78,106,0,1,0,1,0,0
t05_slot_1_A_k1,78,107,0,1,0,1,0,0
t05_slot_1_A_k1,78,108,0,1,0,1,0,0
t05_slot_1_A_k1,78,109,0,1,0,1,0,0
t05_slot_1_A_k1,78,110,0,1,0,1,0,0
t05_slot_1_A_k1,78,111,0,1,0,1,0,0
t05_slot_1_A_k1,78,112,0,1,0,1,0,0
t05_slot_1_A_k1,78,113,0,1,0,1,0,0
t05_slot_1_A_k1,78,114,0,1,0,1,0,0
t05_slot_1_A_k1,78,115,0,1,0,1,0,0
t05_slot_1_A_k1,78,116,0,1,0,1,0,0
t05_slot_1_A_k1,78,117,0,1,0,1,0,0
t05_slot_1_A_k1,78,118,0,1,0,1,0,0
t05_slot_1_A_k1,78,119,0,1,0,1,0,0
t05_slot_1_A_k1,78,120,0,1,0,1,0,0
t05_slot_1_A_k2,79,0,0,1,0,0,0,0
t05_slot_1_A_k2,79,1,0,1,0,0,0,0
t05_slot_1_A_k2,79,2,0,1,0,0,0,0
t05_slot_1_A_k2,79,3,0,1,0,0,0,0
t05_slot_1_A_k2,79,4,0,1,0,0,0,0
t05_slot_1_A_k2,79,5,0,1,0,0,0,0
t05_slot_1_A_k2,79,6,0,1,0,0,0,0
t05_slot_1_A_k2,79,7,1,1,1,0,0,0
t05_slot_1_A_k2,79,8,0,1,0,1,0,0
t05_slot_1_A_k2,79,9,0,1,0,1,0,0
t05_slot_1_A_k2,79,10,0,1,0,1,0,0
t05_slot_1_A_k2,79,11,0,1,0,1,0,0
t05_slot_1_A_k2,79,12,0,1,0,1,0,0
t05_slot_1_A_k2,79,13,0,1,0,1,0,0
t05_slot_1_A_k2,79,14,0,1,0,1,0,0
t05_slot_1_A_k2,79,15,0,1,0,1,0,0
t05_slot_1_A_k2,79,16,0,1,0,1,0,0
t05_slot_1_A_k2,79,17,1,1,1,1,0,0
t05_slot_1_A_k2,79,18,0,1,1,0,1,1
t05_slot_1_A_k2,79,19,0,1,0,0,1,1
t05_slot_1_A_k2,79,20,0,1,0,0,1,1
t05_slot_1_A_k2,79,21,0,1,0,0,1,1
t05_slot_1_A_k2,79,22,0,1,0,0,1,1
t05_slot_1_A_k2,79,23,0,1,0,0,1,1
t05_slot_1_A_k2,79,24,0,1,0,0,1,1
t05_slot_1_A_k2,79,25,0,1,0,0,1,1
t05_slot_1_A_k2,79,26,0,1,0,0,1,1
t05_slot_1_A_k2,79,27,0,1,0,0,1,1
t05_slot_1_A_k2,79,28,0,1,0,0,1,1
t05_slot_1_A_k2,79,29,0,1,1,0,1,1
t05_slot_1_A_k2,79,30,0,1,1,0,1,1
t05_slot_1_A_k2,79,31,0,1,0,0,1,1
t05_slot_1_A_k2,79,32,0,1,0,0,1,1
t05_slot_1_A_k2,79,33,0,1,0,0,1,1
t05_slot_1_A_k2,79,34,0,1,0,0,1,1
t05_slot_1_A_k2,79,35,0,1,0,0,1,1
t05_slot_1_A_k2,79,36,0,1,0,0,1,1
t05_slot_1_A_k2,79,37,0,1,0,0,1,1
t05_slot_1_A_k2,79,38,0,1,0,0,1,1
t05_slot_1_A_k2,79,39,0,1,0,0,1,1
t05_slot_1_A_k2,79,40,0,1,0,0,1,1
t05_slot_1_A_k2,79,41,0,1,1,0,1,1
t05_slot_1_A_k2,79,42,0,1,1,0,1,1
t05_slot_1_A_k2,79,43,0,1,0,0,1,1
t05_slot_1_A_k2,79,44,0,1,0,0,1,1
t05_slot_1_A_k2,79,45,0,1,0,0,1,1
t05_slot_1_A_k2,79,46,0,1,0,0,1,1
t05_slot_1_A_k2,79,47,0,1,0,0,1,1
t05_slot_1_A_k2,79,48,0,1,0,0,1,1
t05_slot_1_A_k2,79,49,0,1,0,0,1,1
t05_slot_1_A_k2,79,50,0,1,0,0,1,1
t05_slot_1_A_k2,79,51,0,1,0,0,1,1
t05_slot_1_A_k2,79,52,0,1,0,0,1,1
t05_slot_1_A_k2,79,53,0,1,0,0,1,1
t05_slot_1_A_k2,79,54,0,1,0,0,1,1
t05_slot_1_A_k2,79,55,0,1,0,0,1,1
t05_slot_1_A_k2,79,56,0,1,0,0,1,1
t05_slot_1_A_k2,79,57,0,1,0,0,1,1
t05_slot_1_A_k2,79,58,0,1,0,0,1,1
t05_slot_1_A_k2,79,59,0,1,0,0,1,1
t05_slot_1_A_k2,79,60,0,1,0,0,1,1
t05_slot_1_A_k2,79,61,0,1,0,0,1,1
t05_slot_1_A_k2,79,62,0,1,0,0,1,1
t05_slot_1_A_k2,79,63,0,1,0,0,1,1
t05_slot_1_A_k2,79,64,0,1,0,0,1,1
t05_slot_1_A_k2,79,65,0,1,0,0,1,1
t05_slot_1_A_k2,79,66,0,1,0,0,1,1
t05_slot_1_A_k2,79,67,0,1,0,0,1,1
t05_slot_1_A_k2,79,68,0,1,0,0,1,1
t05_slot_1_A_k2,79,69,0,1,0,0,1,1
t05_slot_1_A_k2,79,70,0,1,0,0,1,1
t05_slot_1_A_k2,79,71,0,1,0,0,1,1
t05_slot_1_A_k2,79,72,0,1,0,0,1,1
t05_slot_1_A_k2,79,73,0,1,0,0,1,1
t05_slot_1_A_k2,79,74,0,1,0,0,1,1
t05_slot_1_A_k2,79,75,0,1,0,0,1,1
t05_slot_1_A_k2,79,76,0,1,0,0,1,1
t05_slot_1_A_k2,79,77,0,1,0,0,1,1
t05_slot_1_A_k2,79,78,0,1,0,0,1,1
t05_slot_1_A_k2,79,79,0,1,0,0,1,1
t05_slot_1_A_k2,79,80,0,1,0,0,1,1
t05_slot_1_A_k2,79,81,0,1,0,0,1,1
t05_slot_1_A_k2,79,82,0,1,0,0,1,1
t05_slot_1_A_k2,79,83,0,1,0,0,1,1
t05_slot_1_A_k2,79,84,0,1,0,0,1,1
t05_slot_1_A_k2,79,85,0,1,0,0,1,1
t05_slot_1_A_k2,79,86,0,1,0,0,1,1
t05_slot_1_A_k2,79,87,0,1,0,0,1,1
t05_slot_1_A_k2,79,88,0,1,0,0,1,1
t05_slot_1_A_k2,79,89,0,1,0,0,1,1
t05_slot_1_A_k2,79,90,0,1,0,0,1,1
t05_slot_1_A_k2,79,91,0,1,0,0,1,1
t05_slot_1_A_k2,79,92,0,1,0,0,1,1
t05_slot_1_A_k2,79,93,0,1,0,0,1,1
t05_slot_1_A_k2,79,94,0,1,0,0,1,1
t05_slot_1_A_k2,79,95,0,1,0,0,1,1
t05_slot_1_A_k2,79,96,0,1,0,0,1,1
t05_slot_1_A_k2,79,97,0,1,0,0,1,1
t05_slot_1_A_k2,79,98,0,1,0,0,1,1
t05_slot_1_A_k2,79,99,0,1,0,0,1,1
t05_slot_1_A_k2,79,100,0,1,0,0,1,1
t05_slot_1_A_k2,79,101,0,1,0,0,1,1
t05_slot_1_A_k2,79,102,0,1,0,0,1,1
t05_slot_1_A_k2,79,103,0,1,0,0,1,1
t05_slot_1_A_k2,79,104,0,1,0,0,1,1
t05_slot_1_A_k2,79,105,0,1,0,0,1,1
t05_slot_1_A_k2,79,106,0,1,0,0,1,1
t05_slot_1_A_k2,79,107,0,1,0,0,1,1
t05_slot_1_A_k2,79,108,0,1,0,0,1,1
t05_slot_1_A_k2,79,109,0,1,0,0,1,1
t05_slot_1_A_k2,79,110,0,1,0,0,1,1
t05_slot_1_A_k2,79,111,0,1,0,0,1,1
t05_slot_1_A_k2,79,112,0,1,0,0,1,1
t05_slot_1_A_k2,79,113,0,1,0,0,1,1
t05_slot_1_A_k2,79,114,0,1,0,0,1,1
t05_slot_1_A_k2,79,115,0,1,0,0,1,1
t05_slot_1_A_k2,79,116,0,1,0,0,1,1
t05_slot_1_A_k2,79,117,0,1,0,0,1,1
t05_slot_1_A_k2,79,118,0,1,0,0,1,1
t05_slot_1_A_k2,79,119,0,1,0,0,1,1
t05_slot_1_A_k2,79,120,0,1,0,0,1,1
t05_slot_1_A_k3,80,0,0,1,0,0,0,0
t05_slot_1_A_k3,80,1,0,1,0,0,0,0
t05_slot_1_A_k3,80,2,0,1,0,0,0,0
t05_slot_1_A_k3,80,3,0,1,0,0,0,0
t05_slot_1_A_k3,80,4,0,1,0,0,0,0
t05_slot_1_A_k3,80,5,0,1,0,0,0,0
t05_slot_1_A_k3,80,6,0,1,0,0,0,0
t05_slot_1_A_k3,80,7,1,1,1,0,0,0
t05_slot_1_A_k3,80,8,0,1,0,1,0,0
t05_slot_1_A_k3,80,9,0,1,0,1,0,0
t05_slot_1_A_k3,80,10,0,1,0,1,0,0
t05_slot_1_A_k3,80,11,0,1,0,1,0,0
t05_slot_1_A_k3,80,12,0,1,0,1,0,0
t05_slot_1_A_k3,80,13,0,1,0,1,0,0
t05_slot_1_A_k3,80,14,0,1,0,1,0,0
t05_slot_1_A_k3,80,15,0,1,0,1,0,0
t05_slot_1_A_k3,80,16,0,1,0,1,0,0
t05_slot_1_A_k3,80,17,1,1,1,1,0,0
t05_slot_1_A_k3,80,18,1,1,1,0,1,1
t05_slot_1_A_k3,80,19,0,1,0,1,1,0
t05_slot_1_A_k3,80,20,0,1,0,1,1,0
t05_slot_1_A_k3,80,21,0,1,0,1,1,0
t05_slot_1_A_k3,80,22,0,1,0,1,1,0
t05_slot_1_A_k3,80,23,0,1,0,1,1,0
t05_slot_1_A_k3,80,24,0,1,0,1,1,0
t05_slot_1_A_k3,80,25,0,1,0,1,1,0
t05_slot_1_A_k3,80,26,0,1,0,1,1,0
t05_slot_1_A_k3,80,27,0,1,0,1,1,0
t05_slot_1_A_k3,80,28,0,1,0,1,1,0
t05_slot_1_A_k3,80,29,0,1,1,1,1,0
t05_slot_1_A_k3,80,30,0,1,1,1,1,0
t05_slot_1_A_k3,80,31,0,1,0,1,1,0
t05_slot_1_A_k3,80,32,0,1,0,1,1,0
t05_slot_1_A_k3,80,33,0,1,0,1,1,0
t05_slot_1_A_k3,80,34,0,1,0,1,1,0
t05_slot_1_A_k3,80,35,0,1,0,1,1,0
t05_slot_1_A_k3,80,36,0,1,0,1,1,0
t05_slot_1_A_k3,80,37,0,1,0,1,1,0
t05_slot_1_A_k3,80,38,0,1,0,1,1,0
t05_slot_1_A_k3,80,39,0,1,0,1,1,0
t05_slot_1_A_k3,80,40,0,1,0,1,1,0
t05_slot_1_A_k3,80,41,0,1,1,1,1,0
t05_slot_1_A_k3,80,42,0,1,1,1,1,0
t05_slot_1_A_k3,80,43,0,1,0,1,1,0
t05_slot_1_A_k3,80,44,0,1,0,1,1,0
t05_slot_1_A_k3,80,45,0,1,0,1,1,0
t05_slot_1_A_k3,80,46,0,1,0,1,1,0
t05_slot_1_A_k3,80,47,0,1,0,1,1,0
t05_slot_1_A_k3,80,48,0,1,0,1,1,0
t05_slot_1_A_k3,80,49,0,1,0,1,1,0
t05_slot_1_A_k3,80,50,0,1,0,1,1,0
t05_slot_1_A_k3,80,51,0,1,0,1,1,0
t05_slot_1_A_k3,80,52,0,1,0,1,1,0
t05_slot_1_A_k3,80,53,0,1,0,1,1,0
t05_slot_1_A_k3,80,54,0,1,0,1,1,0
t05_slot_1_A_k3,80,55,0,1,0,1,1,0
t05_slot_1_A_k3,80,56,0,1,0,1,1,0
t05_slot_1_A_k3,80,57,0,1,0,1,1,0
t05_slot_1_A_k3,80,58,0,1,0,1,1,0
t05_slot_1_A_k3,80,59,0,1,0,1,1,0
t05_slot_1_A_k3,80,60,0,1,0,1,1,0
t05_slot_1_A_k3,80,61,0,1,0,1,1,0
t05_slot_1_A_k3,80,62,0,1,0,1,1,0
t05_slot_1_A_k3,80,63,0,1,0,1,1,0
t05_slot_1_A_k3,80,64,0,1,0,1,1,0
t05_slot_1_A_k3,80,65,0,1,0,1,1,0
t05_slot_1_A_k3,80,66,0,1,0,1,1,0
t05_slot_1_A_k3,80,67,0,1,0,1,1,0
t05_slot_1_A_k3,80,68,0,1,0,1,1,0
t05_slot_1_A_k3,80,69,0,1,0,1,1,0
t05_slot_1_A_k3,80,70,0,1,0,1,1,0
t05_slot_1_A_k3,80,71,0,1,0,1,1,0
t05_slot_1_A_k3,80,72,0,1,0,1,1,0
t05_slot_1_A_k3,80,73,0,1,0,1,1,0
t05_slot_1_A_k3,80,74,0,1,0,1,1,0
t05_slot_1_A_k3,80,75,0,1,0,1,1,0
t05_slot_1_A_k3,80,76,0,1,0,1,1,0
t05_slot_1_A_k3,80,77,0,1,0,1,1,0
t05_slot_1_A_k3,80,78,0,1,0,1,1,0
t05_slot_1_A_k3,80,79,0,1,0,1,1,0
t05_slot_1_A_k3,80,80,0,1,0,1,1,0
t05_slot_1_A_k3,80,81,0,1,0,1,1,0
t05_slot_1_A_k3,80,82,0,1,0,1,1,0
t05_slot_1_A_k3,80,83,0,1,0,1,1,0
t05_slot_1_A_k3,80,84,0,1,0,1,1,0
t05_slot_1_A_k3,80,85,0,1,0,1,1,0
t05_slot_1_A_k3,80,86,0,1,0,1,1,0
t05_slot_1_A_k3,80,87,0,1,0,1,1,0
t05_slot_1_A_k3,80,88,0,1,0,1,1,0
t05_slot_1_A_k3,80,89,0,1,0,1,1,0
t05_slot_1_A_k3,80,90,0,1,0,1,1,0
t05_slot_1_A_k3,80,91,0,1,0,1,1,0
t05_slot_1_A_k3,80,92,0,1,0,1,1,0
t05_slot_1_A_k3,80,93,0,1,0,1,1,0
t05_slot_1_A_k3,80,94,0,1,0,1,1,0
t05_slot_1_A_k3,80,95,0,1,0,1,1,0
t05_slot_1_A_k3,80,96,0,1,0,1,1,0
t05_slot_1_A_k3,80,97,0,1,0,1,1,0
t05_slot_1_A_k3,80,98,0,1,0,1,1,0
t05_slot_1_A_k3,80,99,0,1,0,1,1,0
t05_slot_1_A_k3,80,100,0,1,0,1,1,0
t05_slot_1_A_k3,80,101,0,1,0,1,1,0
t05_slot_1_A_k3,80,102,0,1,0,1,1,0
t05_slot_1_A_k3,80,103,0,1,0,1,1,0
t05_slot_1_A_k3,80,104,0,1,0,1,1,0
t05_slot_1_A_k3,80,105,0,1,0,1,1,0
t05_slot_1_A_k3,80,106,0,1,0,1,1,0
t05_slot_1_A_k3,80,107,0,1,0,1,1,0
t05_slot_1_A_k3,80,108,0,1,0,1,1,0
t05_slot_1_A_k3,80,109,0,1,0,1,1,0
t05_slot_1_A_k3,80,110,0,1,0,1,1,0
t05_slot_1_A_k3,80,111,0,1,0,1,1,0
t05_slot_1_A_k3,80,112,0,1,0,1,1,0
t05_slot_1_A_k3,80,113,0,1,0,1,1,0
t05_slot_1_A_k3,80,114,0,1,0,1,1,0
t05_slot_1_A_k3,80,115,0,1,0,1,1,0
t05_slot_1_A_k3,80,116,0,1,0,1,1,0
t05_slot_1_A_k3,80,117,0,1,0,1,1,0
t05_slot_1_A_k3,80,118,0,1,0,1,1,0
t05_slot_1_A_k3,80,119,0,1,0,1,1,0
t05_slot_1_A_k3,80,120,0,1,0,1,1,0
t05_slot_1_A_k4,81,0,0,1,0,0,0,0
t05_slot_1_A_k4,81,1,0,1,0,0,0,0
t05_slot_1_A_k4,81,2,0,1,0,0,0,0
t05_slot_1_A_k4,81,3,0,1,0,0,0,0
t05_slot_1_A_k4,81,4,0,1,0,0,0,0
t05_slot_1_A_k4,81,5,0,1,0,0,0,0
t05_slot_1_A_k4,81,6,0,1,0,0,0,0
t05_slot_1_A_k4,81,7,1,1,1,0,0,0
t05_slot_1_A_k4,81,8,0,1,0,1,0,0
t05_slot_1_A_k4,81,9,0,1,0,1,0,0
t05_slot_1_A_k4,81,10,0,1,0,1,0,0
t05_slot_1_A_k4,81,11,0,1,0,1,0,0
t05_slot_1_A_k4,81,12,0,1,0,1,0,0
t05_slot_1_A_k4,81,13,0,1,0,1,0,0
t05_slot_1_A_k4,81,14,0,1,0,1,0,0
t05_slot_1_A_k4,81,15,0,1,0,1,0,0
t05_slot_1_A_k4,81,16,0,1,0,1,0,0
t05_slot_1_A_k4,81,17,1,1,1,1,0,0
t05_slot_1_A_k4,81,18,1,1,1,0,1,1
t05_slot_1_A_k4,81,19,0,1,0,1,1,0
t05_slot_1_A_k4,81,20,0,1,0,1,1,0
t05_slot_1_A_k4,81,21,0,1,0,1,1,0
t05_slot_1_A_k4,81,22,0,1,0,1,1,0
t05_slot_1_A_k4,81,23,0,1,0,1,1,0
t05_slot_1_A_k4,81,24,0,1,0,1,1,0
t05_slot_1_A_k4,81,25,0,1,0,1,1,0
t05_slot_1_A_k4,81,26,0,1,0,1,1,0
t05_slot_1_A_k4,81,27,0,1,0,1,1,0
t05_slot_1_A_k4,81,28,0,1,0,1,1,0
t05_slot_1_A_k4,81,29,1,1,1,1,1,0
t05_slot_1_A_k4,81,30,0,1,1,1,1,0
t05_slot_1_A_k4,81,31,0,1,0,1,1,0
t05_slot_1_A_k4,81,32,0,1,0,1,1,0
t05_slot_1_A_k4,81,33,0,1,0,1,1,0
t05_slot_1_A_k4,81,34,0,1,0,1,1,0
t05_slot_1_A_k4,81,35,0,1,0,1,1,0
t05_slot_1_A_k4,81,36,0,1,0,1,1,0
t05_slot_1_A_k4,81,37,0,1,0,1,1,0
t05_slot_1_A_k4,81,38,0,1,0,1,1,0
t05_slot_1_A_k4,81,39,0,1,0,1,1,0
t05_slot_1_A_k4,81,40,0,1,0,1,1,0
t05_slot_1_A_k4,81,41,0,1,1,1,1,0
t05_slot_1_A_k4,81,42,0,1,1,1,1,0
t05_slot_1_A_k4,81,43,0,1,0,1,1,0
t05_slot_1_A_k4,81,44,0,1,0,1,1,0
t05_slot_1_A_k4,81,45,0,1,0,1,1,0
t05_slot_1_A_k4,81,46,0,1,0,1,1,0
t05_slot_1_A_k4,81,47,0,1,0,1,1,0
t05_slot_1_A_k4,81,48,0,1,0,1,1,0
t05_slot_1_A_k4,81,49,0,1,0,1,1,0
t05_slot_1_A_k4,81,50,0,1,0,1,1,0
t05_slot_1_A_k4,81,51,0,1,0,1,1,0
t05_slot_1_A_k4,81,52,0,1,0,1,1,0
t05_slot_1_A_k4,81,53,0,1,0,1,1,0
t05_slot_1_A_k4,81,54,0,1,0,1,1,0
t05_slot_1_A_k4,81,55,0,1,0,1,1,0
t05_slot_1_A_k4,81,56,0,1,0,1,1,0
t05_slot_1_A_k4,81,57,0,1,0,1,1,0
t05_slot_1_A_k4,81,58,0,1,0,1,1,0
t05_slot_1_A_k4,81,59,0,1,0,1,1,0
t05_slot_1_A_k4,81,60,0,1,0,1,1,0
t05_slot_1_A_k4,81,61,0,1,0,1,1,0
t05_slot_1_A_k4,81,62,0,1,0,1,1,0
t05_slot_1_A_k4,81,63,0,1,0,1,1,0
t05_slot_1_A_k4,81,64,0,1,0,1,1,0
t05_slot_1_A_k4,81,65,0,1,0,1,1,0
t05_slot_1_A_k4,81,66,0,1,0,1,1,0
t05_slot_1_A_k4,81,67,0,1,0,1,1,0
t05_slot_1_A_k4,81,68,0,1,0,1,1,0
t05_slot_1_A_k4,81,69,0,1,0,1,1,0
t05_slot_1_A_k4,81,70,0,1,0,1,1,0
t05_slot_1_A_k4,81,71,0,1,0,1,1,0
t05_slot_1_A_k4,81,72,0,1,0,1,1,0
t05_slot_1_A_k4,81,73,0,1,0,1,1,0
t05_slot_1_A_k4,81,74,0,1,0,1,1,0
t05_slot_1_A_k4,81,75,0,1,0,1,1,0
t05_slot_1_A_k4,81,76,0,1,0,1,1,0
t05_slot_1_A_k4,81,77,0,1,0,1,1,0
t05_slot_1_A_k4,81,78,0,1,0,1,1,0
t05_slot_1_A_k4,81,79,0,1,0,1,1,0
t05_slot_1_A_k4,81,80,0,1,0,1,1,0
t05_slot_1_A_k4,81,81,0,1,0,1,1,0
t05_slot_1_A_k4,81,82,0,1,0,1,1,0
t05_slot_1_A_k4,81,83,0,1,0,1,1,0
t05_slot_1_A_k4,81,84,0,1,0,1,1,0
t05_slot_1_A_k4,81,85,0,1,0,1,1,0
t05_slot_1_A_k4,81,86,0,1,0,1,1,0
t05_slot_1_A_k4,81,87,0,1,0,1,1,0
t05_slot_1_A_k4,81,88,0,1,0,1,1,0
t05_slot_1_A_k4,81,89,0,1,0,1,1,0
t05_slot_1_A_k4,81,90,0,1,0,1,1,0
t05_slot_1_A_k4,81,91,0,1,0,1,1,0
t05_slot_1_A_k4,81,92,0,1,0,1,1,0
t05_slot_1_A_k4,81,93,0,1,0,1,1,0
t05_slot_1_A_k4,81,94,0,1,0,1,1,0
t05_slot_1_A_k4,81,95,0,1,0,1,1,0
t05_slot_1_A_k4,81,96,0,1,0,1,1,0
t05_slot_1_A_k4,81,97,0,1,0,1,1,0
t05_slot_1_A_k4,81,98,0,1,0,1,1,0
t05_slot_1_A_k4,81,99,0,1,0,1,1,0
t05_slot_1_A_k4,81,100,0,1,0,1,1,0
t05_slot_1_A_k4,81,101,0,1,0,1,1,0
t05_slot_1_A_k4,81,102,0,1,0,1,1,0
t05_slot_1_A_k4,81,103,0,1,0,1,1,0
t05_slot_1_A_k4,81,104,0,1,0,1,1,0
t05_slot_1_A_k4,81,105,0,1,0,1,1,0
t05_slot_1_A_k4,81,106,0,1,0,1,1,0
t05_slot_1_A_k4,81,107,0,1,0,1,1,0
t05_slot_1_A_k4,81,108,0,1,0,1,1,0
t05_slot_1_A_k4,81,109,0,1,0,1,1,0
t05_slot_1_A_k4,81,110,0,1,0,1,1,0
t05_slot_1_A_k4,81,111,0,1,0,1,1,0
t05_slot_1_A_k4,81,112,0,1,0,1,1,0
t05_slot_1_A_k4,81,113,0,1,0,1,1,0
t05_slot_1_A_k4,81,114,0,1,0,1,1,0
t05_slot_1_A_k4,81,115,0,1,0,1,1,0
t05_slot_1_A_k4,81,116,0,1,0,1,1,0
t05_slot_1_A_k4,81,117,0,1,0,1,1,0
t05_slot_1_A_k4,81,118,0,1,0,1,1,0
t05_slot_1_A_k4,81,119,0,1,0,1,1,0
t05_slot_1_A_k4,81,120,0,1,0,1,1,0
t05_slot_1_A_k5,82,0,0,1,0,0,0,0
t05_slot_1_A_k5,82,1,0,1,0,0,0,0
t05_slot_1_A_k5,82,2,0,1,0,0,0,0
t05_slot_1_A_k5,82,3,0,1,0,0,0,0
t05_slot_1_A_k5,82,4,0,1,0,0,0,0
t05_slot_1_A_k5,82,5,0,1,0,0,0,0
t05_slot_1_A_k5,82,6,0,1,0,0,0,0
t05_slot_1_A_k5,82,7,1,1,1,0,0,0
t05_slot_1_A_k5,82,8,0,1,0,1,0,0
t05_slot_1_A_k5,82,9,0,1,0,1,0,0
t05_slot_1_A_k5,82,10,0,1,0,1,0,0
t05_slot_1_A_k5,82,11,0,1,0,1,0,0
t05_slot_1_A_k5,82,12,0,1,0,1,0,0
t05_slot_1_A_k5,82,13,0,1,0,1,0,0
t05_slot_1_A_k5,82,14,0,1,0,1,0,0
t05_slot_1_A_k5,82,15,0,1,0,1,0,0
t05_slot_1_A_k5,82,16,0,1,0,1,0,0
t05_slot_1_A_k5,82,17,1,1,1,1,0,0
t05_slot_1_A_k5,82,18,1,1,1,0,1,1
t05_slot_1_A_k5,82,19,0,1,0,1,1,0
t05_slot_1_A_k5,82,20,0,1,0,1,1,0
t05_slot_1_A_k5,82,21,0,1,0,1,1,0
t05_slot_1_A_k5,82,22,0,1,0,1,1,0
t05_slot_1_A_k5,82,23,0,1,0,1,1,0
t05_slot_1_A_k5,82,24,0,1,0,1,1,0
t05_slot_1_A_k5,82,25,0,1,0,1,1,0
t05_slot_1_A_k5,82,26,0,1,0,1,1,0
t05_slot_1_A_k5,82,27,0,1,0,1,1,0
t05_slot_1_A_k5,82,28,0,1,0,1,1,0
t05_slot_1_A_k5,82,29,1,1,1,1,1,0
t05_slot_1_A_k5,82,30,1,1,1,1,1,0
t05_slot_1_A_k5,82,31,0,1,0,1,1,0
t05_slot_1_A_k5,82,32,0,1,0,1,1,0
t05_slot_1_A_k5,82,33,0,1,0,1,1,0
t05_slot_1_A_k5,82,34,0,1,0,1,1,0
t05_slot_1_A_k5,82,35,0,1,0,1,1,0
t05_slot_1_A_k5,82,36,0,1,0,1,1,0
t05_slot_1_A_k5,82,37,0,1,0,1,1,0
t05_slot_1_A_k5,82,38,0,1,0,1,1,0
t05_slot_1_A_k5,82,39,0,1,0,1,1,0
t05_slot_1_A_k5,82,40,0,1,0,1,1,0
t05_slot_1_A_k5,82,41,0,1,1,1,1,0
t05_slot_1_A_k5,82,42,0,1,1,1,1,0
t05_slot_1_A_k5,82,43,0,1,0,1,1,0
t05_slot_1_A_k5,82,44,0,1,0,1,1,0
t05_slot_1_A_k5,82,45,0,1,0,1,1,0
t05_slot_1_A_k5,82,46,0,1,0,1,1,0
t05_slot_1_A_k5,82,47,0,1,0,1,1,0
t05_slot_1_A_k5,82,48,0,1,0,1,1,0
t05_slot_1_A_k5,82,49,0,1,0,1,1,0
t05_slot_1_A_k5,82,50,0,1,0,1,1,0
t05_slot_1_A_k5,82,51,0,1,0,1,1,0
t05_slot_1_A_k5,82,52,0,1,0,1,1,0
t05_slot_1_A_k5,82,53,0,1,0,1,1,0
t05_slot_1_A_k5,82,54,0,1,0,1,1,0
t05_slot_1_A_k5,82,55,0,1,0,1,1,0
t05_slot_1_A_k5,82,56,0,1,0,1,1,0
t05_slot_1_A_k5,82,57,0,1,0,1,1,0
t05_slot_1_A_k5,82,58,0,1,0,1,1,0
t05_slot_1_A_k5,82,59,0,1,0,1,1,0
t05_slot_1_A_k5,82,60,0,1,0,1,1,0
t05_slot_1_A_k5,82,61,0,1,0,1,1,0
t05_slot_1_A_k5,82,62,0,1,0,1,1,0
t05_slot_1_A_k5,82,63,0,1,0,1,1,0
t05_slot_1_A_k5,82,64,0,1,0,1,1,0
t05_slot_1_A_k5,82,65,0,1,0,1,1,0
t05_slot_1_A_k5,82,66,0,1,0,1,1,0
t05_slot_1_A_k5,82,67,0,1,0,1,1,0
t05_slot_1_A_k5,82,68,0,1,0,1,1,0
t05_slot_1_A_k5,82,69,0,1,0,1,1,0
t05_slot_1_A_k5,82,70,0,1,0,1,1,0
t05_slot_1_A_k5,82,71,0,1,0,1,1,0
t05_slot_1_A_k5,82,72,0,1,0,1,1,0
t05_slot_1_A_k5,82,73,0,1,0,1,1,0
t05_slot_1_A_k5,82,74,0,1,0,1,1,0
t05_slot_1_A_k5,82,75,0,1,0,1,1,0
t05_slot_1_A_k5,82,76,0,1,0,1,1,0
t05_slot_1_A_k5,82,77,0,1,0,1,1,0
t05_slot_1_A_k5,82,78,0,1,0,1,1,0
t05_slot_1_A_k5,82,79,0,1,0,1,1,0
t05_slot_1_A_k5,82,80,0,1,0,1,1,0
t05_slot_1_A_k5,82,81,0,1,0,1,1,0
t05_slot_1_A_k5,82,82,0,1,0,1,1,0
t05_slot_1_A_k5,82,83,0,1,0,1,1,0
t05_slot_1_A_k5,82,84,0,1,0,1,1,0
t05_slot_1_A_k5,82,85,0,1,0,1,1,0
t05_slot_1_A_k5,82,86,0,1,0,1,1,0
t05_slot_1_A_k5,82,87,0,1,0,1,1,0
t05_slot_1_A_k5,82,88,0,1,0,1,1,0
t05_slot_1_A_k5,82,89,0,1,0,1,1,0
t05_slot_1_A_k5,82,90,0,1,0,1,1,0
t05_slot_1_A_k5,82,91,0,1,0,1,1,0
t05_slot_1_A_k5,82,92,0,1,0,1,1,0
t05_slot_1_A_k5,82,93,0,1,0,1,1,0
t05_slot_1_A_k5,82,94,0,1,0,1,1,0
t05_slot_1_A_k5,82,95,0,1,0,1,1,0
t05_slot_1_A_k5,82,96,0,1,0,1,1,0
t05_slot_1_A_k5,82,97,0,1,0,1,1,0
t05_slot_1_A_k5,82,98,0,1,0,1,1,0
t05_slot_1_A_k5,82,99,0,1,0,1,1,0
t05_slot_1_A_k5,82,100,0,1,0,1,1,0
t05_slot_1_A_k5,82,101,0,1,0,1,1,0
t05_slot_1_A_k5,82,102,0,1,0,1,1,0
t05_slot_1_A_k5,82,103,0,1,0,1,1,0
t05_slot_1_A_k5,82,104,0,1,0,1,1,0
t05_slot_1_A_k5,82,105,0,1,0,1,1,0
t05_slot_1_A_k5,82,106,0,1,0,1,1,0
t05_slot_1_A_k5,82,107,0,1,0,1,1,0
t05_slot_1_A_k5,82,108,0,1,0,1,1,0
t05_slot_1_A_k5,82,109,0,1,0,1,1,0
t05_slot_1_A_k5,82,110,0,1,0,1,1,0
t05_slot_1_A_k5,82,111,0,1,0,1,1,0
t05_slot_1_A_k5,82,112,0,1,0,1,1,0
t05_slot_1_A_k5,82,113,0,1,0,1,1,0
t05_slot_1_A_k5,82,114,0,1,0,1,1,0
t05_slot_1_A_k5,82,115,0,1,0,1,1,0
t05_slot_1_A_k5,82,116,0,1,0,1,1,0
t05_slot_1_A_k5,82,117,0,1,0,1,1,0
t05_slot_1_A_k5,82,118,0,1,0,1,1,0
t05_slot_1_A_k5,82,119,0,1,0,1,1,0
t05_slot_1_A_k5,82,120,0,1,0,1,1,0
t05_slot_1_A_k6,83,0,0,1,0,0,0,0
t05_slot_1_A_k6,83,1,0,1,0,0,0,0
t05_slot_1_A_k6,83,2,0,1,0,0,0,0
t05_slot_1_A_k6,83,3,0,1,0,0,0,0
t05_slot_1_A_k6,83,4,0,1,0,0,0,0
t05_slot_1_A_k6,83,5,0,1,0,0,0,0
t05_slot_1_A_k6,83,6,0,1,0,0,0,0
t05_slot_1_A_k6,83,7,1,1,1,0,0,0
t05_slot_1_A_k6,83,8,0,1,0,1,0,0
t05_slot_1_A_k6,83,9,0,1,0,1,0,0
t05_slot_1_A_k6,83,10,0,1,0,1,0,0
t05_slot_1_A_k6,83,11,0,1,0,1,0,0
t05_slot_1_A_k6,83,12,0,1,0,1,0,0
t05_slot_1_A_k6,83,13,0,1,0,1,0,0
t05_slot_1_A_k6,83,14,0,1,0,1,0,0
t05_slot_1_A_k6,83,15,0,1,0,1,0,0
t05_slot_1_A_k6,83,16,0,1,0,1,0,0
t05_slot_1_A_k6,83,17,1,1,1,1,0,0
t05_slot_1_A_k6,83,18,1,1,1,0,1,1
t05_slot_1_A_k6,83,19,0,1,0,1,1,0
t05_slot_1_A_k6,83,20,0,1,0,1,1,0
t05_slot_1_A_k6,83,21,0,1,0,1,1,0
t05_slot_1_A_k6,83,22,0,1,0,1,1,0
t05_slot_1_A_k6,83,23,0,1,0,1,1,0
t05_slot_1_A_k6,83,24,0,1,0,1,1,0
t05_slot_1_A_k6,83,25,0,1,0,1,1,0
t05_slot_1_A_k6,83,26,0,1,0,1,1,0
t05_slot_1_A_k6,83,27,0,1,0,1,1,0
t05_slot_1_A_k6,83,28,0,1,0,1,1,0
t05_slot_1_A_k6,83,29,1,1,1,1,1,0
t05_slot_1_A_k6,83,30,1,1,1,1,1,0
t05_slot_1_A_k6,83,31,0,1,0,1,1,0
t05_slot_1_A_k6,83,32,0,1,0,1,1,0
t05_slot_1_A_k6,83,33,0,1,0,1,1,0
t05_slot_1_A_k6,83,34,0,1,0,1,1,0
t05_slot_1_A_k6,83,35,0,1,0,1,1,0
t05_slot_1_A_k6,83,36,0,1,0,1,1,0
t05_slot_1_A_k6,83,37,0,1,0,1,1,0
t05_slot_1_A_k6,83,38,0,1,0,1,1,0
t05_slot_1_A_k6,83,39,0,1,0,1,1,0
t05_slot_1_A_k6,83,40,0,1,0,1,1,0
t05_slot_1_A_k6,83,41,1,1,1,1,1,0
t05_slot_1_A_k6,83,42,0,1,1,1,1,0
t05_slot_1_A_k6,83,43,0,1,0,1,1,0
t05_slot_1_A_k6,83,44,0,1,0,1,1,0
t05_slot_1_A_k6,83,45,0,1,0,1,1,0
t05_slot_1_A_k6,83,46,0,1,0,1,1,0
t05_slot_1_A_k6,83,47,0,1,0,1,1,0
t05_slot_1_A_k6,83,48,0,1,0,1,1,0
t05_slot_1_A_k6,83,49,0,1,0,1,1,0
t05_slot_1_A_k6,83,50,0,1,0,1,1,0
t05_slot_1_A_k6,83,51,0,1,0,1,1,0
t05_slot_1_A_k6,83,52,0,1,0,1,1,0
t05_slot_1_A_k6,83,53,0,1,0,1,1,0
t05_slot_1_A_k6,83,54,0,1,0,1,1,0
t05_slot_1_A_k6,83,55,0,1,0,1,1,0
t05_slot_1_A_k6,83,56,0,1,0,1,1,0
t05_slot_1_A_k6,83,57,0,1,0,1,1,0
t05_slot_1_A_k6,83,58,0,1,0,1,1,0
t05_slot_1_A_k6,83,59,0,1,0,1,1,0
t05_slot_1_A_k6,83,60,0,1,0,1,1,0
t05_slot_1_A_k6,83,61,0,1,0,1,1,0
t05_slot_1_A_k6,83,62,0,1,0,1,1,0
t05_slot_1_A_k6,83,63,0,1,0,1,1,0
t05_slot_1_A_k6,83,64,0,1,0,1,1,0
t05_slot_1_A_k6,83,65,0,1,0,1,1,0
t05_slot_1_A_k6,83,66,0,1,0,1,1,0
t05_slot_1_A_k6,83,67,0,1,0,1,1,0
t05_slot_1_A_k6,83,68,0,1,0,1,1,0
t05_slot_1_A_k6,83,69,0,1,0,1,1,0
t05_slot_1_A_k6,83,70,0,1,0,1,1,0
t05_slot_1_A_k6,83,71,0,1,0,1,1,0
t05_slot_1_A_k6,83,72,0,1,0,1,1,0
t05_slot_1_A_k6,83,73,0,1,0,1,1,0
t05_slot_1_A_k6,83,74,0,1,0,1,1,0
t05_slot_1_A_k6,83,75,0,1,0,1,1,0
t05_slot_1_A_k6,83,76,0,1,0,1,1,0
t05_slot_1_A_k6,83,77,0,1,0,1,1,0
t05_slot_1_A_k6,83,78,0,1,0,1,1,0
t05_slot_1_A_k6,83,79,0,1,0,1,1,0
t05_slot_1_A_k6,83,80,0,1,0,1,1,0
t05_slot_1_A_k6,83,81,0,1,0,1,1,0
t05_slot_1_A_k6,83,82,0,1,0,1,1,0
t05_slot_1_A_k6,83,83,0,1,0,1,1,0
t05_slot_1_A_k6,83,84,0,1,0,1,1,0
t05_slot_1_A_k6,83,85,0,1,0,1,1,0
t05_slot_1_A_k6,83,86,0,1,0,1,1,0
t05_slot_1_A_k6,83,87,0,1,0,1,1,0
t05_slot_1_A_k6,83,88,0,1,0,1,1,0
t05_slot_1_A_k6,83,89,0,1,0,1,1,0
t05_slot_1_A_k6,83,90,0,1,0,1,1,0
t05_slot_1_A_k6,83,91,0,1,0,1,1,0
t05_slot_1_A_k6,83,92,0,1,0,1,1,0
t05_slot_1_A_k6,83,93,0,1,0,1,1,0
t05_slot_1_A_k6,83,94,0,1,0,1,1,0
t05_slot_1_A_k6,83,95,0,1,0,1,1,0
t05_slot_1_A_k6,83,96,0,1,0,1,1,0
t05_slot_1_A_k6,83,97,0,1,0,1,1,0
t05_slot_1_A_k6,83,98,0,1,0,1,1,0
t05_slot_1_A_k6,83,99,0,1,0,1,1,0
t05_slot_1_A_k6,83,100,0,1,0,1,1,0
t05_slot_1_A_k6,83,101,0,1,0,1,1,0
t05_slot_1_A_k6,83,102,0,1,0,1,1,0
t05_slot_1_A_k6,83,103,0,1,0,1,1,0
t05_slot_1_A_k6,83,104,0,1,0,1,1,0
t05_slot_1_A_k6,83,105,0,1,0,1,1,0
t05_slot_1_A_k6,83,106,0,1,0,1,1,0
t05_slot_1_A_k6,83,107,0,1,0,1,1,0
t05_slot_1_A_k6,83,108,0,1,0,1,1,0
t05_slot_1_A_k6,83,109,0,1,0,1,1,0
t05_slot_1_A_k6,83,110,0,1,0,1,1,0
t05_slot_1_A_k6,83,111,0,1,0,1,1,0
t05_slot_1_A_k6,83,112,0,1,0,1,1,0
t05_slot_1_A_k6,83,113,0,1,0,1,1,0
t05_slot_1_A_k6,83,114,0,1,0,1,1,0
t05_slot_1_A_k6,83,115,0,1,0,1,1,0
t05_slot_1_A_k6,83,116,0,1,0,1,1,0
t05_slot_1_A_k6,83,117,0,1,0,1,1,0
t05_slot_1_A_k6,83,118,0,1,0,1,1,0
t05_slot_1_A_k6,83,119,0,1,0,1,1,0
t05_slot_1_A_k6,83,120,0,1,0,1,1,0
