mode,cyc,Q,xnor_Y,xnor_B,and4_4D,inv10_A,and4_A,and4_B,or3_A,or3_B,o21a,a21o,and3_11,nor2_Y,and4_X
all0,0,0,0,1,0,0,0,0,0,0,0,0,0,0,0
all0,1,0,0,1,0,0,0,0,0,0,0,0,0,0,0
all0,2,0,0,1,0,0,0,0,0,0,0,0,0,0,0
all0,3,0,0,1,0,0,0,0,0,0,0,0,0,0,0
all0,4,0,0,1,0,0,0,0,0,0,0,0,0,0,0
all0,5,0,0,1,0,0,0,0,0,0,0,0,0,0,0
all0,6,0,0,1,0,0,0,0,0,0,0,0,0,0,0
all0,7,0,0,1,0,0,0,0,0,0,0,0,0,0,0
all0,8,0,0,1,0,0,0,0,0,0,0,0,0,0,0
all0,9,0,0,1,0,0,0,0,0,0,0,0,0,0,0
all0,10,0,0,1,0,0,0,0,0,0,0,0,0,0,0
all0,11,0,0,1,0,0,0,0,0,0,0,0,0,0,0
all0,12,0,0,1,0,0,0,0,0,0,0,0,0,0,0
all0,13,0,0,1,0,0,0,0,0,0,0,0,0,0,0
all0,14,0,0,1,0,0,0,0,0,0,0,0,0,0,0
all0,15,0,0,1,0,0,0,0,0,0,0,0,0,0,0
all0,16,0,0,1,0,0,0,0,0,0,0,0,0,0,0
all0,17,0,0,1,0,0,0,0,0,0,0,0,0,0,0
all0,18,0,0,1,0,0,0,0,0,0,0,0,0,0,0
all0,19,0,0,1,0,0,0,0,0,0,0,0,0,0,0
all0,20,0,0,1,0,0,0,0,0,0,0,0,0,0,0
all0,21,0,0,1,0,0,0,0,0,0,0,0,0,0,0
all0,22,0,0,1,0,0,0,0,0,0,0,0,0,0,0
all0,23,0,0,1,0,0,0,0,0,0,0,0,0,0,0
all0,24,0,0,1,0,0,0,0,0,0,0,0,0,0,0
all0,25,0,0,1,0,0,0,0,0,0,0,0,0,0,0
all0,26,0,0,1,0,0,0,0,0,0,0,0,0,0,0
all0,27,0,0,1,0,0,0,0,0,0,0,0,0,0,0
all0,28,0,0,1,0,0,0,0,0,0,0,0,0,0,0
all0,29,0,0,1,0,0,0,0,0,0,0,0,0,0,0
all0,30,0,0,1,0,0,0,0,0,0,0,0,0,0,0
all0,31,0,0,1,0,0,0,0,0,0,0,0,0,0,0
all0,32,0,0,1,0,0,0,0,0,0,0,0,0,0,0
all0,33,0,0,1,0,0,0,0,0,0,0,0,0,0,0
all0,34,0,0,1,0,0,0,0,0,0,0,0,0,0,0
all0,35,0,0,1,0,0,0,0,0,0,0,0,0,0,0
all0,36,0,0,1,0,0,0,0,0,0,0,0,0,0,0
all0,37,0,0,1,0,0,0,0,0,0,0,0,0,0,0
all0,38,0,0,1,0,0,0,0,0,0,0,0,0,0,0
all0,39,0,0,1,0,0,0,0,0,0,0,0,0,0,0
all0,40,0,0,1,0,0,0,0,0,0,0,0,0,0,0
all0,41,0,0,1,0,0,0,0,0,0,0,0,0,0,0
all0,42,0,0,1,0,0,0,0,0,0,0,0,0,0,0
all0,43,0,0,1,0,0,0,0,0,0,0,0,0,0,0
all0,44,0,0,1,0,0,0,0,0,0,0,0,0,0,0
all0,45,0,0,1,0,0,0,0,0,0,0,0,0,0,0
all0,46,0,0,1,0,0,0,0,0,0,0,0,0,0,0
all0,47,0,0,1,0,0,0,0,0,0,0,0,0,0,0
all0,48,0,0,1,0,0,0,0,0,0,0,0,0,0,0
all0,49,0,0,1,0,0,0,0,0,0,0,0,0,0,0
all0,50,0,0,1,0,0,0,0,0,0,0,0,0,0,0
all0,51,0,0,1,0,0,0,0,0,0,0,0,0,0,0
all0,52,0,0,1,0,0,0,0,0,0,0,0,0,0,0
all0,53,0,0,1,0,0,0,0,0,0,0,0,0,0,0
all0,54,0,0,1,0,0,0,0,0,0,0,0,0,0,0
all0,55,0,0,1,0,0,0,0,0,0,0,0,0,0,0
all0,56,0,0,1,0,0,0,0,0,0,0,0,0,0,0
all0,57,0,0,1,0,0,0,0,0,0,0,0,0,0,0
all0,58,0,0,1,0,0,0,0,0,0,0,0,0,0,0
all0,59,0,0,1,0,0,0,0,0,0,0,0,0,0,0
all0,60,0,0,1,0,0,0,0,0,0,0,0,0,0,0
all0,61,0,0,1,0,0,0,0,0,0,0,0,0,0,0
all0,62,0,0,1,0,0,0,0,0,0,0,0,0,0,0
all0,63,0,0,1,0,0,0,0,0,0,0,0,0,0,0
all0,64,0,0,1,0,0,0,0,0,0,0,0,0,0,0
all0,65,0,0,1,0,0,0,0,0,0,0,0,0,0,0
all0,66,0,0,1,0,0,0,0,0,0,0,0,0,0,0
all0,67,0,0,1,0,0,0,0,0,0,0,0,0,0,0
all0,68,0,0,1,0,0,0,0,0,0,0,0,0,0,0
all0,69,0,0,1,0,0,0,0,0,0,0,0,0,0,0
all0,70,0,0,1,0,0,0,0,0,0,0,0,0,0,0
all0,71,0,0,1,0,0,0,0,0,0,0,0,0,0,0
all0,72,0,0,1,0,0,0,0,0,0,0,0,0,0,0
all0,73,0,0,1,0,0,0,0,0,0,0,0,0,0,0
all0,74,0,0,1,0,0,0,0,0,0,0,0,0,0,0
all0,75,0,0,1,0,0,0,0,0,0,0,0,0,0,0
all0,76,0,0,1,0,0,0,0,0,0,0,0,0,0,0
all0,77,0,0,1,0,0,0,0,0,0,0,0,0,0,0
all0,78,0,0,1,0,0,0,0,0,0,0,0,0,0,0
all0,79,0,0,1,0,0,0,0,0,0,0,0,0,0,0
all0,80,0,0,1,0,0,0,0,0,0,0,0,0,0,0
all0,81,0,0,1,0,0,0,0,0,0,0,0,0,0,0
all0,82,0,0,1,0,0,0,0,0,0,0,0,0,0,0
all0,83,0,0,1,0,0,0,0,0,0,0,0,0,0,0
all0,84,0,0,1,0,0,0,0,0,0,0,0,0,0,0
all0,85,0,0,1,0,0,0,0,0,0,0,0,0,0,0
all0,86,0,0,1,0,0,0,0,0,0,0,0,0,0,0
all0,87,0,0,1,0,0,0,0,0,0,0,0,0,0,0
all0,88,0,0,1,0,0,0,0,0,0,0,0,0,0,0
all0,89,0,0,1,0,0,0,0,0,0,0,0,0,0,0
all0,90,0,0,1,0,0,0,0,0,0,0,0,0,0,0
all0,91,0,0,1,0,0,0,0,0,0,0,0,0,0,0
all0,92,0,0,1,0,0,0,0,0,0,0,0,0,0,0
all0,93,0,0,1,0,0,0,0,0,0,0,0,0,0,0
all0,94,0,0,1,0,0,0,0,0,0,0,0,0,0,0
all0,95,0,0,1,0,0,0,0,0,0,0,0,0,0,0
all0,96,0,0,1,0,0,0,0,0,0,0,0,0,0,0
all0,97,0,0,1,0,0,0,0,0,0,0,0,0,0,0
all0,98,0,0,1,0,0,0,0,0,0,0,0,0,0,0
all0,99,0,0,1,0,0,0,0,0,0,0,0,0,0,0
all0,100,0,0,1,0,0,0,0,0,0,0,0,0,0,0
all0,101,0,0,1,0,0,0,0,0,0,0,0,0,0,0
all0,102,0,0,1,0,0,0,0,0,0,0,0,0,0,0
all0,103,0,0,1,0,0,0,0,0,0,0,0,0,0,0
all0,104,0,0,1,0,0,0,0,0,0,0,0,0,0,0
all0,105,0,0,1,0,0,0,0,0,0,0,0,0,0,0
all0,106,0,0,1,0,0,0,0,0,0,0,0,0,0,0
all0,107,0,0,1,0,0,0,0,0,0,0,0,0,0,0
all0,108,0,0,1,0,0,0,0,0,0,0,0,0,0,0
all0,109,0,0,1,0,0,0,0,0,0,0,0,0,0,0
all0,110,0,0,1,0,0,0,0,0,0,0,0,0,0,0
all0,111,0,0,1,0,0,0,0,0,0,0,0,0,0,0
all0,112,0,0,1,0,0,0,0,0,0,0,0,0,0,0
all0,113,0,0,1,0,0,0,0,0,0,0,0,0,0,0
all0,114,0,0,1,0,0,0,0,0,0,0,0,0,0,0
all0,115,0,0,1,0,0,0,0,0,0,0,0,0,0,0
all0,116,0,0,1,0,0,0,0,0,0,0,0,0,0,0
all0,117,0,0,1,0,0,0,0,0,0,0,0,0,0,0
all0,118,0,0,1,0,0,0,0,0,0,0,0,0,0,0
all0,119,0,0,1,0,0,0,0,0,0,0,0,0,0,0
all0,120,0,0,1,0,0,0,0,0,0,0,0,0,0,0
Ik01_n1_g—,0,0,0,1,0,0,0,0,0,0,0,0,0,0,0
Ik01_n1_g—,1,0,0,1,0,0,0,0,0,0,0,0,0,0,0
Ik01_n1_g—,2,0,0,1,0,0,0,0,0,0,0,0,0,0,0
Ik01_n1_g—,3,0,0,1,0,0,0,0,0,0,0,0,0,0,0
Ik01_n1_g—,4,0,0,1,0,0,0,0,0,0,0,0,0,0,0
Ik01_n1_g—,5,0,0,1,0,0,0,0,0,0,0,0,0,0,0
Ik01_n1_g—,6,0,0,1,0,0,0,0,0,0,0,0,0,0,0
Ik01_n1_g—,7,0,0,1,0,0,0,0,0,0,0,0,0,0,0
Ik01_n1_g—,8,0,0,1,0,0,0,0,0,0,0,0,0,0,0
Ik01_n1_g—,9,0,0,1,0,0,0,0,0,0,0,0,0,0,0
Ik01_n1_g—,10,0,0,1,0,0,0,0,0,0,0,0,0,0,0
Ik01_n1_g—,11,0,0,1,0,0,0,0,0,0,0,0,0,0,0
Ik01_n1_g—,12,0,0,1,0,0,0,0,0,0,0,0,0,0,0
Ik01_n1_g—,13,0,0,1,0,0,0,0,0,0,0,0,0,0,0
Ik01_n1_g—,14,0,0,1,0,0,0,0,0,0,0,0,0,0,0
Ik01_n1_g—,15,0,0,1,0,0,0,0,0,0,0,0,0,1,0
Ik01_n1_g—,16,0,0,1,0,0,0,0,1,0,0,0,0,1,0
Ik01_n1_g—,17,0,0,1,0,0,0,0,1,0,0,0,0,1,0
Ik01_n1_g—,18,0,0,1,0,0,0,0,1,0,0,0,0,1,0
Ik01_n1_g—,19,0,0,1,0,0,0,0,1,0,0,0,0,1,0
Ik01_n1_g—,20,0,0,1,0,0,0,0,1,0,0,0,0,1,0
Ik01_n1_g—,21,0,0,1,0,0,0,0,1,0,0,0,0,1,0
Ik01_n1_g—,22,0,0,1,0,0,0,0,1,0,0,0,0,1,0
Ik01_n1_g—,23,0,0,1,0,0,0,0,1,0,0,0,0,1,0
Ik01_n1_g—,24,0,0,1,0,0,0,0,1,0,0,0,0,1,0
Ik01_n1_g—,25,0,0,1,0,0,0,0,1,0,0,0,0,1,0
Ik01_n1_g—,26,0,0,1,0,0,0,0,1,0,0,0,0,1,0
Ik01_n1_g—,27,0,0,1,0,0,0,0,1,0,0,0,0,1,0
Ik01_n1_g—,28,0,0,1,0,0,0,0,1,0,0,0,0,1,0
Ik01_n1_g—,29,0,0,1,0,0,0,0,1,0,0,0,0,1,0
Ik01_n1_g—,30,0,0,1,0,0,0,0,1,0,0,0,0,1,0
Ik01_n1_g—,31,0,0,1,0,0,0,0,1,0,0,0,0,1,0
Ik01_n1_g—,32,0,0,1,0,0,0,0,1,0,0,0,0,1,0
Ik01_n1_g—,33,0,0,1,0,0,0,0,1,0,0,0,0,1,0
Ik01_n1_g—,34,0,0,1,0,0,0,0,1,0,0,0,0,1,0
Ik01_n1_g—,35,0,0,1,0,0,0,0,1,0,0,0,0,1,0
Ik01_n1_g—,36,0,0,1,0,0,0,0,1,0,0,0,0,1,0
Ik01_n1_g—,37,0,0,1,0,0,0,0,1,0,0,0,0,1,0
Ik01_n1_g—,38,0,0,1,0,0,0,0,1,0,0,0,0,1,0
Ik01_n1_g—,39,0,0,1,0,0,0,0,1,0,0,0,0,1,0
Ik01_n1_g—,40,0,0,1,0,0,0,0,1,0,0,0,0,1,0
Ik01_n1_g—,41,0,0,1,0,0,0,0,1,0,0,0,0,1,0
Ik01_n1_g—,42,0,0,1,0,0,0,0,1,0,0,0,0,1,0
Ik01_n1_g—,43,0,0,1,0,0,0,0,1,0,0,0,0,1,0
Ik01_n1_g—,44,0,0,1,0,0,0,0,1,0,0,0,0,1,0
Ik01_n1_g—,45,0,0,1,0,0,0,0,1,0,0,0,0,1,0
Ik01_n1_g—,46,0,0,1,0,0,0,0,1,0,0,0,0,1,0
Ik01_n1_g—,47,0,0,1,0,0,0,0,1,0,0,0,0,1,0
Ik01_n1_g—,48,0,0,1,0,0,0,0,1,0,0,0,0,1,0
Ik01_n1_g—,49,0,0,1,0,0,0,0,1,0,0,0,0,1,0
Ik01_n1_g—,50,0,0,1,0,0,0,0,1,0,0,0,0,1,0
Ik01_n1_g—,51,0,0,1,0,0,0,0,1,0,0,0,0,1,0
Ik01_n1_g—,52,0,0,1,0,0,0,0,1,0,0,0,0,1,0
Ik01_n1_g—,53,0,0,1,0,0,0,0,1,0,0,0,0,1,0
Ik01_n1_g—,54,0,0,1,0,0,0,0,1,0,0,0,0,1,0
Ik01_n1_g—,55,0,0,1,0,0,0,0,1,0,0,0,0,1,0
Ik01_n1_g—,56,0,0,1,0,0,0,0,1,0,0,0,0,1,0
Ik01_n1_g—,57,0,0,1,0,0,0,0,1,0,0,0,0,1,0
Ik01_n1_g—,58,0,0,1,0,0,0,0,1,0,0,0,0,1,0
Ik01_n1_g—,59,0,0,1,0,0,0,0,1,0,0,0,0,1,0
Ik01_n1_g—,60,0,0,1,0,0,0,0,1,0,0,0,0,1,0
Ik01_n1_g—,61,0,0,1,0,0,0,0,1,0,0,0,0,1,0
Ik01_n1_g—,62,0,0,1,0,0,0,0,1,0,0,0,0,1,0
Ik01_n1_g—,63,0,0,1,0,0,0,0,1,0,0,0,0,1,0
Ik01_n1_g—,64,0,0,1,0,0,0,0,1,0,0,0,0,1,0
Ik01_n1_g—,65,0,0,1,0,0,0,0,1,0,0,0,0,1,0
Ik01_n1_g—,66,0,0,1,0,0,0,0,1,0,0,0,0,1,0
Ik01_n1_g—,67,0,0,1,0,0,0,0,1,0,0,0,0,1,0
Ik01_n1_g—,68,0,0,1,0,0,0,0,1,0,0,0,0,1,0
Ik01_n1_g—,69,0,0,1,0,0,0,0,1,0,0,0,0,1,0
Ik01_n1_g—,70,0,0,1,0,0,0,0,1,0,0,0,0,1,0
Ik01_n1_g—,71,0,0,1,0,0,0,0,1,0,0,0,0,1,0
Ik01_n1_g—,72,0,0,1,0,0,0,0,1,0,0,0,0,1,0
Ik01_n1_g—,73,0,0,1,0,0,0,0,1,0,0,0,0,1,0
Ik01_n1_g—,74,0,0,1,0,0,0,0,1,0,0,0,0,1,0
Ik01_n1_g—,75,0,0,1,0,0,0,0,1,0,0,0,0,1,0
Ik01_n1_g—,76,0,0,1,0,0,0,0,1,0,0,0,0,1,0
Ik01_n1_g—,77,0,0,1,0,0,0,0,1,0,0,0,0,1,0
Ik01_n1_g—,78,0,0,1,0,0,0,0,1,0,0,0,0,1,0
Ik01_n1_g—,79,0,0,1,0,0,0,0,1,0,0,0,0,1,0
Ik01_n1_g—,80,0,0,1,0,0,0,0,1,0,0,0,0,1,0
Ik01_n1_g—,81,0,0,1,0,0,0,0,1,0,0,0,0,1,0
Ik01_n1_g—,82,0,0,1,0,0,0,0,1,0,0,0,0,1,0
Ik01_n1_g—,83,0,0,1,0,0,0,0,1,0,0,0,0,1,0
Ik01_n1_g—,84,0,0,1,0,0,0,0,1,0,0,0,0,1,0
Ik01_n1_g—,85,0,0,1,0,0,0,0,1,0,0,0,0,1,0
Ik01_n1_g—,86,0,0,1,0,0,0,0,1,0,0,0,0,1,0
Ik01_n1_g—,87,0,0,1,0,0,0,0,1,0,0,0,0,1,0
Ik01_n1_g—,88,0,0,1,0,0,0,0,1,0,0,0,0,1,0
Ik01_n1_g—,89,0,0,1,0,0,0,0,1,0,0,0,0,1,0
Ik01_n1_g—,90,0,0,1,0,0,0,0,1,0,0,0,0,1,0
Ik01_n1_g—,91,0,0,1,0,0,0,0,1,0,0,0,0,1,0
Ik01_n1_g—,92,0,0,1,0,0,0,0,1,0,0,0,0,1,0
Ik01_n1_g—,93,0,0,1,0,0,0,0,1,0,0,0,0,1,0
Ik01_n1_g—,94,0,0,1,0,0,0,0,1,0,0,0,0,1,0
Ik01_n1_g—,95,0,0,1,0,0,0,0,1,0,0,0,0,1,0
Ik01_n1_g—,96,0,0,1,0,0,0,0,1,0,0,0,0,1,0
Ik01_n1_g—,97,0,0,1,0,0,0,0,1,0,0,0,0,1,0
Ik01_n1_g—,98,0,0,1,0,0,0,0,1,0,0,0,0,1,0
Ik01_n1_g—,99,0,0,1,0,0,0,0,1,0,0,0,0,1,0
Ik01_n1_g—,100,0,0,1,0,0,0,0,1,0,0,0,0,1,0
Ik01_n1_g—,101,0,0,1,0,0,0,0,1,0,0,0,0,1,0
Ik01_n1_g—,102,0,0,1,0,0,0,0,1,0,0,0,0,1,0
Ik01_n1_g—,103,0,0,1,0,0,0,0,1,0,0,0,0,1,0
Ik01_n1_g—,104,0,0,1,0,0,0,0,1,0,0,0,0,1,0
Ik01_n1_g—,105,0,0,1,0,0,0,0,1,0,0,0,0,1,0
Ik01_n1_g—,106,0,0,1,0,0,0,0,1,0,0,0,0,1,0
Ik01_n1_g—,107,0,0,1,0,0,0,0,1,0,0,0,0,1,0
Ik01_n1_g—,108,0,0,1,0,0,0,0,1,0,0,0,0,1,0
Ik01_n1_g—,109,0,0,1,0,0,0,0,1,0,0,0,0,1,0
Ik01_n1_g—,110,0,0,1,0,0,0,0,1,0,0,0,0,1,0
Ik01_n1_g—,111,0,0,1,0,0,0,0,1,0,0,0,0,1,0
Ik01_n1_g—,112,0,0,1,0,0,0,0,1,0,0,0,0,1,0
Ik01_n1_g—,113,0,0,1,0,0,0,0,1,0,0,0,0,1,0
Ik01_n1_g—,114,0,0,1,0,0,0,0,1,0,0,0,0,1,0
Ik01_n1_g—,115,0,0,1,0,0,0,0,1,0,0,0,0,1,0
Ik01_n1_g—,116,0,0,1,0,0,0,0,1,0,0,0,0,1,0
Ik01_n1_g—,117,0,0,1,0,0,0,0,1,0,0,0,0,1,0
Ik01_n1_g—,118,0,0,1,0,0,0,0,1,0,0,0,0,1,0
Ik01_n1_g—,119,0,0,1,0,0,0,0,1,0,0,0,0,1,0
Ik01_n1_g—,120,0,0,1,0,0,0,0,1,0,0,0,0,1,0
Ik02_n2_g7,0,0,0,1,0,0,0,0,0,0,0,0,0,0,0
Ik02_n2_g7,1,0,0,1,0,0,0,0,0,0,0,0,0,0,0
Ik02_n2_g7,2,0,0,1,0,0,0,0,0,0,0,0,0,0,0
Ik02_n2_g7,3,0,0,1,0,0,0,0,0,0,0,0,0,0,0
Ik02_n2_g7,4,0,0,1,0,0,0,0,0,0,0,0,0,0,0
Ik02_n2_g7,5,0,0,1,0,0,0,0,0,0,0,0,0,0,0
Ik02_n2_g7,6,0,0,1,0,0,0,0,0,0,0,0,0,0,0
Ik02_n2_g7,7,0,0,1,0,0,0,0,0,0,0,0,0,0,0
Ik02_n2_g7,8,0,0,1,0,0,0,0,0,0,0,0,0,0,0
Ik02_n2_g7,9,0,0,1,0,0,0,0,0,0,0,0,0,0,0
Ik02_n2_g7,10,0,0,1,0,0,0,0,0,0,0,0,0,0,0
Ik02_n2_g7,11,0,0,1,0,0,0,0,0,0,0,0,0,0,0
Ik02_n2_g7,12,0,0,1,0,0,0,0,0,0,0,0,0,0,0
Ik02_n2_g7,13,0,0,1,0,0,0,0,0,0,0,0,0,0,0
Ik02_n2_g7,14,0,0,1,0,0,0,0,0,0,0,0,0,0,0
Ik02_n2_g7,15,0,0,1,0,0,0,0,0,0,0,0,0,0,0
Ik02_n2_g7,16,0,0,1,0,0,0,0,0,0,0,0,0,0,0
Ik02_n2_g7,17,0,0,1,0,0,0,0,0,0,0,0,0,0,0
Ik02_n2_g7,18,0,0,1,0,0,0,0,0,0,0,0,0,0,0
Ik02_n2_g7,19,0,0,1,0,0,0,0,0,0,0,0,0,0,0
Ik02_n2_g7,20,0,0,1,0,0,0,0,0,0,0,0,0,0,0
Ik02_n2_g7,21,0,0,1,0,0,0,0,0,0,0,0,0,0,0
Ik02_n2_g7,22,0,0,1,0,0,0,0,0,0,0,0,0,0,0
Ik02_n2_g7,23,0,0,1,0,0,0,0,0,0,0,0,0,0,0
Ik02_n2_g7,24,0,0,1,0,0,0,0,0,0,0,0,0,0,0
Ik02_n2_g7,25,0,0,1,0,0,0,0,0,0,0,0,0,1,0
Ik02_n2_g7,26,0,0,1,0,0,0,0,1,0,0,0,0,1,0
Ik02_n2_g7,27,0,0,1,0,0,0,0,1,0,0,0,0,1,0
Ik02_n2_g7,28,0,0,1,0,0,0,0,1,0,0,0,0,1,0
Ik02_n2_g7,29,0,0,1,0,0,0,0,1,0,0,0,0,1,0
Ik02_n2_g7,30,0,0,1,0,0,0,0,1,0,0,0,0,1,0
Ik02_n2_g7,31,0,0,1,0,0,0,0,1,0,0,0,0,1,0
Ik02_n2_g7,32,0,0,1,0,1,0,0,1,0,0,0,0,0,0
Ik02_n2_g7,33,0,0,1,0,0,1,0,0,0,0,0,0,0,0
Ik02_n2_g7,34,0,0,1,0,0,1,0,0,0,0,0,0,0,0
Ik02_n2_g7,35,0,0,1,0,0,1,0,0,0,0,0,0,0,0
Ik02_n2_g7,36,0,0,1,0,0,1,0,0,0,0,0,0,0,0
Ik02_n2_g7,37,0,0,1,0,0,1,0,0,0,0,0,0,0,0
Ik02_n2_g7,38,0,0,1,0,0,1,0,0,0,0,0,0,0,0
Ik02_n2_g7,39,0,0,1,0,0,1,0,0,0,0,0,0,0,0
Ik02_n2_g7,40,0,0,1,0,0,1,0,0,0,0,0,0,0,0
Ik02_n2_g7,41,0,0,1,0,0,1,0,0,0,0,0,0,0,0
Ik02_n2_g7,42,0,0,1,0,0,1,0,0,0,0,0,0,0,0
Ik02_n2_g7,43,0,0,1,0,0,1,0,0,0,0,0,0,0,0
Ik02_n2_g7,44,0,0,1,0,0,1,0,0,0,0,0,0,0,0
Ik02_n2_g7,45,0,0,1,0,0,1,0,0,0,0,0,0,0,0
Ik02_n2_g7,46,0,0,1,0,0,1,0,0,0,0,0,0,0,0
Ik02_n2_g7,47,0,0,1,0,0,1,0,0,0,0,0,0,0,0
Ik02_n2_g7,48,0,0,1,0,0,1,0,0,0,0,0,0,0,0
Ik02_n2_g7,49,0,0,1,0,0,1,0,0,0,0,0,0,0,0
Ik02_n2_g7,50,0,0,1,0,0,1,0,0,0,0,0,0,0,0
Ik02_n2_g7,51,0,0,1,0,0,1,0,0,0,0,0,0,0,0
Ik02_n2_g7,52,0,0,1,0,0,1,0,0,0,0,0,0,0,0
Ik02_n2_g7,53,0,0,1,0,0,1,0,0,0,0,0,0,0,0
Ik02_n2_g7,54,0,0,1,0,0,1,0,0,0,0,0,0,0,0
Ik02_n2_g7,55,0,0,1,0,0,1,0,0,0,0,0,0,0,0
Ik02_n2_g7,56,0,0,1,0,0,1,0,0,0,0,0,0,0,0
Ik02_n2_g7,57,0,0,1,0,0,1,0,0,0,0,0,0,0,0
Ik02_n2_g7,58,0,0,1,0,0,1,0,0,0,0,0,0,0,0
Ik02_n2_g7,59,0,0,1,0,0,1,0,0,0,0,0,0,0,0
Ik02_n2_g7,60,0,0,1,0,0,1,0,0,0,0,0,0,0,0
Ik02_n2_g7,61,0,0,1,0,0,1,0,0,0,0,0,0,0,0
Ik02_n2_g7,62,0,0,1,0,0,1,0,0,0,0,0,0,0,0
Ik02_n2_g7,63,0,0,1,0,0,1,0,0,0,0,0,0,0,0
Ik02_n2_g7,64,0,0,1,0,0,1,0,0,0,0,0,0,0,0
Ik02_n2_g7,65,0,0,1,0,0,1,0,0,0,0,0,0,0,0
Ik02_n2_g7,66,0,0,1,0,0,1,0,0,0,0,0,0,0,0
Ik02_n2_g7,67,0,0,1,0,0,1,0,0,0,0,0,0,0,0
Ik02_n2_g7,68,0,0,1,0,0,1,0,0,0,0,0,0,0,0
Ik02_n2_g7,69,0,0,1,0,0,1,0,0,0,0,0,0,0,0
Ik02_n2_g7,70,0,0,1,0,0,1,0,0,0,0,0,0,0,0
Ik02_n2_g7,71,0,0,1,0,0,1,0,0,0,0,0,0,0,0
Ik02_n2_g7,72,0,0,1,0,0,1,0,0,0,0,0,0,0,0
Ik02_n2_g7,73,0,0,1,0,0,1,0,0,0,0,0,0,0,0
Ik02_n2_g7,74,0,0,1,0,0,1,0,0,0,0,0,0,0,0
Ik02_n2_g7,75,0,0,1,0,0,1,0,0,0,0,0,0,0,0
Ik02_n2_g7,76,0,0,1,0,0,1,0,0,0,0,0,0,0,0
Ik02_n2_g7,77,0,0,1,0,0,1,0,0,0,0,0,0,0,0
Ik02_n2_g7,78,0,0,1,0,0,1,0,0,0,0,0,0,0,0
Ik02_n2_g7,79,0,0,1,0,0,1,0,0,0,0,0,0,0,0
Ik02_n2_g7,80,0,0,1,0,0,1,0,0,0,0,0,0,0,0
Ik02_n2_g7,81,0,0,1,0,0,1,0,0,0,0,0,0,0,0
Ik02_n2_g7,82,0,0,1,0,0,1,0,0,0,0,0,0,0,0
Ik02_n2_g7,83,0,0,1,0,0,1,0,0,0,0,0,0,0,0
Ik02_n2_g7,84,0,0,1,0,0,1,0,0,0,0,0,0,0,0
Ik02_n2_g7,85,0,0,1,0,0,1,0,0,0,0,0,0,0,0
Ik02_n2_g7,86,0,0,1,0,0,1,0,0,0,0,0,0,0,0
Ik02_n2_g7,87,0,0,1,0,0,1,0,0,0,0,0,0,0,0
Ik02_n2_g7,88,0,0,1,0,0,1,0,0,0,0,0,0,0,0
Ik02_n2_g7,89,0,0,1,0,0,1,0,0,0,0,0,0,0,0
Ik02_n2_g7,90,0,0,1,0,0,1,0,0,0,0,0,0,0,0
Ik02_n2_g7,91,0,0,1,0,0,1,0,0,0,0,0,0,0,0
Ik02_n2_g7,92,0,0,1,0,0,1,0,0,0,0,0,0,0,0
Ik02_n2_g7,93,0,0,1,0,0,1,0,0,0,0,0,0,0,0
Ik02_n2_g7,94,0,0,1,0,0,1,0,0,0,0,0,0,0,0
Ik02_n2_g7,95,0,0,1,0,0,1,0,0,0,0,0,0,0,0
Ik02_n2_g7,96,0,0,1,0,0,1,0,0,0,0,0,0,0,0
Ik02_n2_g7,97,0,0,1,0,0,1,0,0,0,0,0,0,0,0
Ik02_n2_g7,98,0,0,1,0,0,1,0,0,0,0,0,0,0,0
Ik02_n2_g7,99,0,0,1,0,0,1,0,0,0,0,0,0,0,0
Ik02_n2_g7,100,0,0,1,0,0,1,0,0,0,0,0,0,0,0
Ik02_n2_g7,101,0,0,1,0,0,1,0,0,0,0,0,0,0,0
Ik02_n2_g7,102,0,0,1,0,0,1,0,0,0,0,0,0,0,0
Ik02_n2_g7,103,0,0,1,0,0,1,0,0,0,0,0,0,0,0
Ik02_n2_g7,104,0,0,1,0,0,1,0,0,0,0,0,0,0,0
Ik02_n2_g7,105,0,0,1,0,0,1,0,0,0,0,0,0,0,0
Ik02_n2_g7,106,0,0,1,0,0,1,0,0,0,0,0,0,0,0
Ik02_n2_g7,107,0,0,1,0,0,1,0,0,0,0,0,0,0,0
Ik02_n2_g7,108,0,0,1,0,0,1,0,0,0,0,0,0,0,0
Ik02_n2_g7,109,0,0,1,0,0,1,0,0,0,0,0,0,0,0
Ik02_n2_g7,110,0,0,1,0,0,1,0,0,0,0,0,0,0,0
Ik02_n2_g7,111,0,0,1,0,0,1,0,0,0,0,0,0,0,0
Ik02_n2_g7,112,0,0,1,0,0,1,0,0,0,0,0,0,0,0
Ik02_n2_g7,113,0,0,1,0,0,1,0,0,0,0,0,0,0,0
Ik02_n2_g7,114,0,0,1,0,0,1,0,0,0,0,0,0,0,0
Ik02_n2_g7,115,0,0,1,0,0,1,0,0,0,0,0,0,0,0
Ik02_n2_g7,116,0,0,1,0,0,1,0,0,0,0,0,0,0,0
Ik02_n2_g7,117,0,0,1,0,0,1,0,0,0,0,0,0,0,0
Ik02_n2_g7,118,0,0,1,0,0,1,0,0,0,0,0,0,0,0
Ik02_n2_g7,119,0,0,1,0,0,1,0,0,0,0,0,0,0,0
Ik02_n2_g7,120,0,0,1,0,0,1,0,0,0,0,0,0,0,0
"Ik03_n3_g9,4",0,0,0,1,0,0,0,0,0,0,0,0,0,0,0
"Ik03_n3_g9,4",1,0,0,1,0,0,0,0,0,0,0,0,0,0,0
"Ik03_n3_g9,4",2,0,0,1,0,0,0,0,0,0,0,0,0,0,0
"Ik03_n3_g9,4",3,0,0,1,0,0,0,0,0,0,0,0,0,0,0
"Ik03_n3_g9,4",4,0,0,1,0,0,0,0,0,0,0,0,0,0,0
"Ik03_n3_g9,4",5,0,0,1,0,0,0,0,0,0,0,0,0,0,0
"Ik03_n3_g9,4",6,0,0,1,0,0,0,0,0,0,0,0,0,0,0
"Ik03_n3_g9,4",7,0,0,1,0,0,0,0,0,0,0,0,0,0,0
"Ik03_n3_g9,4",8,0,0,1,0,0,0,0,0,0,0,0,0,0,0
"Ik03_n3_g9,4",9,0,0,1,0,0,0,0,0,0,0,0,0,0,0
"Ik03_n3_g9,4",10,0,0,1,0,0,0,0,0,0,0,0,0,0,0
"Ik03_n3_g9,4",11,0,0,1,0,0,0,0,0,0,0,0,0,0,0
"Ik03_n3_g9,4",12,0,0,1,0,0,0,0,0,0,0,0,0,0,0
"Ik03_n3_g9,4",13,0,0,1,0,0,0,0,0,0,0,0,0,0,0
"Ik03_n3_g9,4",14,0,0,1,0,0,0,0,0,0,0,0,0,0,0
"Ik03_n3_g9,4",15,0,0,1,0,0,0,0,0,0,0,0,0,0,0
"Ik03_n3_g9,4",16,0,0,1,0,0,0,0,0,0,0,0,0,0,0
"Ik03_n3_g9,4",17,0,0,1,0,0,0,0,0,0,0,0,0,0,0
"Ik03_n3_g9,4",18,0,0,1,0,0,0,0,0,0,0,0,0,0,0
"Ik03_n3_g9,4",19,0,0,1,0,0,0,0,0,0,0,0,0,0,0
"Ik03_n3_g9,4",20,0,0,1,0,0,0,0,0,0,0,0,0,0,0
"Ik03_n3_g9,4",21,0,0,1,0,0,0,0,0,0,0,0,0,0,0
"Ik03_n3_g9,4",22,0,0,1,0,0,0,0,0,0,0,0,0,0,0
"Ik03_n3_g9,4",23,0,0,1,0,0,0,0,0,0,0,0,0,0,0
"Ik03_n3_g9,4",24,0,0,1,0,0,0,0,0,0,0,0,0,0,0
"Ik03_n3_g9,4",25,0,0,1,0,0,0,0,0,0,0,0,0,0,0
"Ik03_n3_g9,4",26,0,0,1,0,0,0,0,0,0,0,0,0,0,0
"Ik03_n3_g9,4",27,0,0,1,0,0,0,0,0,0,0,0,0,0,0
"Ik03_n3_g9,4",28,0,0,1,0,0,0,0,0,0,0,0,0,0,0
"Ik03_n3_g9,4",29,0,0,1,0,0,0,0,0,0,0,0,0,0,0
"Ik03_n3_g9,4",30,0,0,1,0,0,0,0,0,0,0,0,0,0,0
"Ik03_n3_g9,4",31,0,0,1,0,0,0,0,0,0,0,0,0,0,0
"Ik03_n3_g9,4",32,0,0,1,0,0,0,0,0,0,0,0,0,0,0
"Ik03_n3_g9,4",33,0,0,1,0,0,0,0,0,0,0,0,0,0,0
"Ik03_n3_g9,4",34,0,0,1,0,0,0,0,0,0,0,0,0,0,0
"Ik03_n3_g9,4",35,0,0,1,0,0,0,0,0,0,0,0,0,1,0
"Ik03_n3_g9,4",36,0,0,1,0,0,0,0,1,0,0,0,0,1,0
"Ik03_n3_g9,4",37,0,0,1,0,0,0,0,1,0,0,0,0,1,0
"Ik03_n3_g9,4",38,0,0,1,0,0,0,0,1,0,0,0,0,1,0
"Ik03_n3_g9,4",39,0,0,1,0,0,0,0,1,0,0,0,0,1,0
"Ik03_n3_g9,4",40,0,0,1,0,0,0,0,1,0,0,0,0,1,0
"Ik03_n3_g9,4",41,0,0,1,0,0,0,0,1,0,0,0,0,1,0
"Ik03_n3_g9,4",42,0,0,1,0,0,0,0,1,0,0,0,0,1,0
"Ik03_n3_g9,4",43,0,0,1,0,0,0,0,1,0,0,0,0,1,0
"Ik03_n3_g9,4",44,0,0,1,0,1,0,0,1,0,0,0,0,0,0
"Ik03_n3_g9,4",45,0,0,1,0,0,1,0,0,0,0,0,0,0,0
"Ik03_n3_g9,4",46,0,0,1,0,0,1,0,0,0,0,0,0,0,0
"Ik03_n3_g9,4",47,0,0,1,0,0,1,0,0,0,0,0,0,0,0
"Ik03_n3_g9,4",48,0,0,1,0,0,1,0,0,0,0,0,0,1,0
"Ik03_n3_g9,4",49,0,0,1,0,0,1,0,1,0,0,0,0,1,0
"Ik03_n3_g9,4",50,0,0,1,0,0,1,0,1,0,0,0,0,1,0
"Ik03_n3_g9,4",51,0,0,1,0,0,1,0,1,0,0,0,0,1,0
"Ik03_n3_g9,4",52,0,0,1,0,0,1,0,1,0,0,0,0,1,0
"Ik03_n3_g9,4",53,0,0,1,0,0,1,0,1,0,0,0,0,1,0
"Ik03_n3_g9,4",54,0,0,1,0,0,1,0,1,0,0,0,0,1,0
"Ik03_n3_g9,4",55,0,0,1,0,0,1,0,1,0,0,0,0,1,0
"Ik03_n3_g9,4",56,0,0,1,0,0,1,0,1,0,0,0,0,1,0
"Ik03_n3_g9,4",57,0,0,1,0,0,1,0,1,0,0,0,0,1,0
"Ik03_n3_g9,4",58,0,0,1,0,0,1,0,1,0,0,0,0,1,0
"Ik03_n3_g9,4",59,0,0,1,0,0,1,0,1,0,0,0,0,1,0
"Ik03_n3_g9,4",60,0,0,1,0,0,1,0,1,0,0,0,0,1,0
"Ik03_n3_g9,4",61,0,0,1,0,0,1,0,1,0,0,0,0,1,0
"Ik03_n3_g9,4",62,0,0,1,0,0,1,0,1,0,0,0,0,1,0
"Ik03_n3_g9,4",63,0,0,1,0,0,1,0,1,0,0,0,0,1,0
"Ik03_n3_g9,4",64,0,0,1,0,0,1,0,1,0,0,0,0,1,0
"Ik03_n3_g9,4",65,0,0,1,0,0,1,0,1,0,0,0,0,1,0
"Ik03_n3_g9,4",66,0,0,1,0,0,1,0,1,0,0,0,0,1,0
"Ik03_n3_g9,4",67,0,0,1,0,0,1,0,1,0,0,0,0,1,0
"Ik03_n3_g9,4",68,0,0,1,0,0,1,0,1,0,0,0,0,1,0
"Ik03_n3_g9,4",69,0,0,1,0,0,1,0,1,0,0,0,0,1,0
"Ik03_n3_g9,4",70,0,0,1,0,0,1,0,1,0,0,0,0,1,0
"Ik03_n3_g9,4",71,0,0,1,0,0,1,0,1,0,0,0,0,1,0
"Ik03_n3_g9,4",72,0,0,1,0,0,1,0,1,0,0,0,0,1,0
"Ik03_n3_g9,4",73,0,0,1,0,0,1,0,1,0,0,0,0,1,0
"Ik03_n3_g9,4",74,0,0,1,0,0,1,0,1,0,0,0,0,1,0
"Ik03_n3_g9,4",75,0,0,1,0,0,1,0,1,0,0,0,0,1,0
"Ik03_n3_g9,4",76,0,0,1,0,0,1,0,1,0,0,0,0,1,0
"Ik03_n3_g9,4",77,0,0,1,0,0,1,0,1,0,0,0,0,1,0
"Ik03_n3_g9,4",78,0,0,1,0,0,1,0,1,0,0,0,0,1,0
"Ik03_n3_g9,4",79,0,0,1,0,0,1,0,1,0,0,0,0,1,0
"Ik03_n3_g9,4",80,0,0,1,0,0,1,0,1,0,0,0,0,1,0
"Ik03_n3_g9,4",81,0,0,1,0,0,1,0,1,0,0,0,0,1,0
"Ik03_n3_g9,4",82,0,0,1,0,0,1,0,1,0,0,0,0,1,0
"Ik03_n3_g9,4",83,0,0,1,0,0,1,0,1,0,0,0,0,1,0
"Ik03_n3_g9,4",84,0,0,1,0,0,1,0,1,0,0,0,0,1,0
"Ik03_n3_g9,4",85,0,0,1,0,0,1,0,1,0,0,0,0,1,0
"Ik03_n3_g9,4",86,0,0,1,0,0,1,0,1,0,0,0,0,1,0
"Ik03_n3_g9,4",87,0,0,1,0,0,1,0,1,0,0,0,0,1,0
"Ik03_n3_g9,4",88,0,0,1,0,0,1,0,1,0,0,0,0,1,0
"Ik03_n3_g9,4",89,0,0,1,0,0,1,0,1,0,0,0,0,1,0
"Ik03_n3_g9,4",90,0,0,1,0,0,1,0,1,0,0,0,0,1,0
"Ik03_n3_g9,4",91,0,0,1,0,0,1,0,1,0,0,0,0,1,0
"Ik03_n3_g9,4",92,0,0,1,0,0,1,0,1,0,0,0,0,1,0
"Ik03_n3_g9,4",93,0,0,1,0,0,1,0,1,0,0,0,0,1,0
"Ik03_n3_g9,4",94,0,0,1,0,0,1,0,1,0,0,0,0,1,0
"Ik03_n3_g9,4",95,0,0,1,0,0,1,0,1,0,0,0,0,1,0
"Ik03_n3_g9,4",96,0,0,1,0,0,1,0,1,0,0,0,0,1,0
"Ik03_n3_g9,4",97,0,0,1,0,0,1,0,1,0,0,0,0,1,0
"Ik03_n3_g9,4",98,0,0,1,0,0,1,0,1,0,0,0,0,1,0
"Ik03_n3_g9,4",99,0,0,1,0,0,1,0,1,0,0,0,0,1,0
"Ik03_n3_g9,4",100,0,0,1,0,0,1,0,1,0,0,0,0,1,0
"Ik03_n3_g9,4",101,0,0,1,0,0,1,0,1,0,0,0,0,1,0
"Ik03_n3_g9,4",102,0,0,1,0,0,1,0,1,0,0,0,0,1,0
"Ik03_n3_g9,4",103,0,0,1,0,0,1,0,1,0,0,0,0,1,0
"Ik03_n3_g9,4",104,0,0,1,0,0,1,0,1,0,0,0,0,1,0
"Ik03_n3_g9,4",105,0,0,1,0,0,1,0,1,0,0,0,0,1,0
"Ik03_n3_g9,4",106,0,0,1,0,0,1,0,1,0,0,0,0,1,0
"Ik03_n3_g9,4",107,0,0,1,0,0,1,0,1,0,0,0,0,1,0
"Ik03_n3_g9,4",108,0,0,1,0,0,1,0,1,0,0,0,0,1,0
"Ik03_n3_g9,4",109,0,0,1,0,0,1,0,1,0,0,0,0,1,0
"Ik03_n3_g9,4",110,0,0,1,0,0,1,0,1,0,0,0,0,1,0
"Ik03_n3_g9,4",111,0,0,1,0,0,1,0,1,0,0,0,0,1,0
"Ik03_n3_g9,4",112,0,0,1,0,0,1,0,1,0,0,0,0,1,0
"Ik03_n3_g9,4",113,0,0,1,0,0,1,0,1,0,0,0,0,1,0
"Ik03_n3_g9,4",114,0,0,1,0,0,1,0,1,0,0,0,0,1,0
"Ik03_n3_g9,4",115,0,0,1,0,0,1,0,1,0,0,0,0,1,0
"Ik03_n3_g9,4",116,0,0,1,0,0,1,0,1,0,0,0,0,1,0
"Ik03_n3_g9,4",117,0,0,1,0,0,1,0,1,0,0,0,0,1,0
"Ik03_n3_g9,4",118,0,0,1,0,0,1,0,1,0,0,0,0,1,0
"Ik03_n3_g9,4",119,0,0,1,0,0,1,0,1,0,0,0,0,1,0
"Ik03_n3_g9,4",120,0,0,1,0,0,1,0,1,0,0,0,0,1,0
"Ik04_n4_g5,11,6",0,0,0,1,0,0,0,0,0,0,0,0,0,0,0
"Ik04_n4_g5,11,6",1,0,0,1,0,0,0,0,0,0,0,0,0,1,0
"Ik04_n4_g5,11,6",2,0,0,1,0,0,0,0,1,0,0,0,0,1,0
"Ik04_n4_g5,11,6",3,0,0,1,0,0,0,0,1,0,0,0,0,1,0
"Ik04_n4_g5,11,6",4,0,0,1,0,0,0,0,1,0,0,0,0,1,0
"Ik04_n4_g5,11,6",5,0,0,1,0,0,0,0,1,0,0,0,0,1,0
"Ik04_n4_g5,11,6",6,0,0,1,0,1,0,0,1,0,0,0,0,0,0
"Ik04_n4_g5,11,6",7,0,0,1,0,0,1,0,0,0,0,0,0,0,0
"Ik04_n4_g5,11,6",8,0,0,1,0,0,1,0,0,0,0,0,0,0,0
"Ik04_n4_g5,11,6",9,0,0,1,0,0,1,0,0,0,0,0,0,0,0
"Ik04_n4_g5,11,6",10,0,0,1,0,0,1,0,0,0,0,0,0,0,0
"Ik04_n4_g5,11,6",11,0,0,1,0,0,1,0,0,0,0,0,0,0,0
"Ik04_n4_g5,11,6",12,0,0,1,0,0,1,0,0,0,0,0,0,0,0
"Ik04_n4_g5,11,6",13,0,0,1,0,0,1,0,0,0,0,0,0,0,0
"Ik04_n4_g5,11,6",14,0,0,1,0,0,1,0,0,0,0,0,0,0,0
"Ik04_n4_g5,11,6",15,0,0,1,0,0,1,0,0,0,0,0,0,0,0
"Ik04_n4_g5,11,6",16,0,0,1,0,0,1,0,0,0,0,0,0,0,0
"Ik04_n4_g5,11,6",17,0,0,1,0,0,1,0,0,0,0,0,0,1,0
"Ik04_n4_g5,11,6",18,0,0,1,0,0,1,0,1,0,0,0,0,1,0
"Ik04_n4_g5,11,6",19,0,0,1,0,0,1,0,1,0,0,0,0,1,0
"Ik04_n4_g5,11,6",20,0,0,1,0,0,1,0,1,0,0,0,0,1,0
"Ik04_n4_g5,11,6",21,0,0,1,0,0,1,0,1,0,0,0,0,1,0
"Ik04_n4_g5,11,6",22,0,0,1,0,0,1,0,1,0,0,0,0,1,0
"Ik04_n4_g5,11,6",23,0,0,1,0,1,1,0,1,0,0,1,0,0,0
"Ik04_n4_g5,11,6",24,0,0,1,0,0,0,1,0,0,0,1,0,0,0
"Ik04_n4_g5,11,6",25,0,0,1,0,0,0,1,0,0,0,1,0,0,0
"Ik04_n4_g5,11,6",26,0,0,1,0,0,0,1,0,0,0,1,0,0,0
"Ik04_n4_g5,11,6",27,0,0,1,0,0,0,1,0,0,0,1,0,0,0
"Ik04_n4_g5,11,6",28,0,0,1,0,0,0,1,0,0,0,1,0,0,0
"Ik04_n4_g5,11,6",29,0,0,1,0,0,0,1,0,0,0,1,0,0,0
"Ik04_n4_g5,11,6",30,0,0,1,0,0,0,1,0,0,0,1,0,0,0
"Ik04_n4_g5,11,6",31,0,0,1,0,0,0,1,0,0,0,1,0,0,0
"Ik04_n4_g5,11,6",32,0,0,1,0,0,0,1,0,0,0,1,0,0,0
"Ik04_n4_g5,11,6",33,0,0,1,0,0,0,1,0,0,0,1,0,0,0
"Ik04_n4_g5,11,6",34,0,0,1,0,0,0,1,0,0,0,1,0,0,0
"Ik04_n4_g5,11,6",35,0,0,1,0,0,0,1,0,0,0,1,0,0,0
"Ik04_n4_g5,11,6",36,0,0,1,0,0,0,1,0,0,0,1,0,0,0
"Ik04_n4_g5,11,6",37,0,0,1,0,0,0,1,0,0,0,1,0,0,0
"Ik04_n4_g5,11,6",38,0,0,1,0,0,0,1,0,0,0,1,0,0,0
"Ik04_n4_g5,11,6",39,0,0,1,0,0,0,1,0,0,0,1,0,0,0
"Ik04_n4_g5,11,6",40,0,0,1,0,0,0,1,0,0,0,1,0,0,0
"Ik04_n4_g5,11,6",41,0,0,1,0,0,0,1,0,0,0,1,0,0,0
"Ik04_n4_g5,11,6",42,0,0,1,0,0,0,1,0,0,0,1,0,0,0
"Ik04_n4_g5,11,6",43,0,0,1,0,0,0,1,0,0,0,1,0,0,0
"Ik04_n4_g5,11,6",44,0,0,1,0,0,0,1,0,0,0,1,0,0,0
"Ik04_n4_g5,11,6",45,0,0,1,0,0,0,1,0,0,0,1,0,0,0
"Ik04_n4_g5,11,6",46,0,0,1,0,0,0,1,0,0,0,1,0,0,0
"Ik04_n4_g5,11,6",47,0,0,1,0,0,0,1,0,0,0,1,0,0,0
"Ik04_n4_g5,11,6",48,0,0,1,0,0,0,1,0,0,0,1,0,0,0
"Ik04_n4_g5,11,6",49,0,0,1,0,0,0,1,0,0,0,1,0,0,0
"Ik04_n4_g5,11,6",50,0,0,1,0,0,0,1,0,0,0,1,0,0,0
"Ik04_n4_g5,11,6",51,0,0,1,0,0,0,1,0,0,0,1,0,0,0
"Ik04_n4_g5,11,6",52,0,0,1,0,0,0,1,0,0,0,1,0,0,0
"Ik04_n4_g5,11,6",53,0,0,1,0,0,0,1,0,0,0,1,0,0,0
"Ik04_n4_g5,11,6",54,0,0,1,0,0,0,1,0,0,0,1,0,0,0
"Ik04_n4_g5,11,6",55,0,0,1,0,0,0,1,0,0,0,1,0,0,0
"Ik04_n4_g5,11,6",56,0,0,1,0,0,0,1,0,0,0,1,0,0,0
"Ik04_n4_g5,11,6",57,0,0,1,0,0,0,1,0,0,0,1,0,0,0
"Ik04_n4_g5,11,6",58,0,0,1,0,0,0,1,0,0,0,1,0,0,0
"Ik04_n4_g5,11,6",59,0,0,1,0,0,0,1,0,0,0,1,0,0,0
"Ik04_n4_g5,11,6",60,0,0,1,0,0,0,1,0,0,0,1,0,0,0
"Ik04_n4_g5,11,6",61,0,0,1,0,0,0,1,0,0,0,1,0,0,0
"Ik04_n4_g5,11,6",62,0,0,1,0,0,0,1,0,0,0,1,0,0,0
"Ik04_n4_g5,11,6",63,0,0,1,0,0,0,1,0,0,0,1,0,0,0
"Ik04_n4_g5,11,6",64,0,0,1,0,0,0,1,0,0,0,1,0,0,0
"Ik04_n4_g5,11,6",65,0,0,1,0,0,0,1,0,0,0,1,0,0,0
"Ik04_n4_g5,11,6",66,0,0,1,0,0,0,1,0,0,0,1,0,0,0
"Ik04_n4_g5,11,6",67,0,0,1,0,0,0,1,0,0,0,1,0,0,0
"Ik04_n4_g5,11,6",68,0,0,1,0,0,0,1,0,0,0,1,0,0,0
"Ik04_n4_g5,11,6",69,0,0,1,0,0,0,1,0,0,0,1,0,0,0
"Ik04_n4_g5,11,6",70,0,0,1,0,0,0,1,0,0,0,1,0,0,0
"Ik04_n4_g5,11,6",71,0,0,1,0,0,0,1,0,0,0,1,0,0,0
"Ik04_n4_g5,11,6",72,0,0,1,0,0,0,1,0,0,0,1,0,0,0
"Ik04_n4_g5,11,6",73,0,0,1,0,0,0,1,0,0,0,1,0,0,0
"Ik04_n4_g5,11,6",74,0,0,1,0,0,0,1,0,0,0,1,0,0,0
"Ik04_n4_g5,11,6",75,0,0,1,0,0,0,1,0,0,0,1,0,0,0
"Ik04_n4_g5,11,6",76,0,0,1,0,0,0,1,0,0,0,1,0,0,0
"Ik04_n4_g5,11,6",77,0,0,1,0,0,0,1,0,0,0,1,0,0,0
"Ik04_n4_g5,11,6",78,0,0,1,0,0,0,1,0,0,0,1,0,0,0
"Ik04_n4_g5,11,6",79,0,0,1,0,0,0,1,0,0,0,1,0,0,0
"Ik04_n4_g5,11,6",80,0,0,1,0,0,0,1,0,0,0,1,0,0,0
"Ik04_n4_g5,11,6",81,0,0,1,0,0,0,1,0,0,0,1,0,0,0
"Ik04_n4_g5,11,6",82,0,0,1,0,0,0,1,0,0,0,1,0,0,0
"Ik04_n4_g5,11,6",83,0,0,1,0,0,0,1,0,0,0,1,0,0,0
"Ik04_n4_g5,11,6",84,0,0,1,0,0,0,1,0,0,0,1,0,0,0
"Ik04_n4_g5,11,6",85,0,0,1,0,0,0,1,0,0,0,1,0,0,0
"Ik04_n4_g5,11,6",86,0,0,1,0,0,0,1,0,0,0,1,0,0,0
"Ik04_n4_g5,11,6",87,0,0,1,0,0,0,1,0,0,0,1,0,0,0
"Ik04_n4_g5,11,6",88,0,0,1,0,0,0,1,0,0,0,1,0,0,0
"Ik04_n4_g5,11,6",89,0,0,1,0,0,0,1,0,0,0,1,0,0,0
"Ik04_n4_g5,11,6",90,0,0,1,0,0,0,1,0,0,0,1,0,0,0
"Ik04_n4_g5,11,6",91,0,0,1,0,0,0,1,0,0,0,1,0,0,0
"Ik04_n4_g5,11,6",92,0,0,1,0,0,0,1,0,0,0,1,0,0,0
"Ik04_n4_g5,11,6",93,0,0,1,0,0,0,1,0,0,0,1,0,0,0
"Ik04_n4_g5,11,6",94,0,0,1,0,0,0,1,0,0,0,1,0,0,0
"Ik04_n4_g5,11,6",95,0,0,1,0,0,0,1,0,0,0,1,0,0,0
"Ik04_n4_g5,11,6",96,0,0,1,0,0,0,1,0,0,0,1,0,0,0
"Ik04_n4_g5,11,6",97,0,0,1,0,0,0,1,0,0,0,1,0,0,0
"Ik04_n4_g5,11,6",98,0,0,1,0,0,0,1,0,0,0,1,0,0,0
"Ik04_n4_g5,11,6",99,0,0,1,0,0,0,1,0,0,0,1,0,0,0
"Ik04_n4_g5,11,6",100,0,0,1,0,0,0,1,0,0,0,1,0,0,0
"Ik04_n4_g5,11,6",101,0,0,1,0,0,0,1,0,0,0,1,0,0,0
"Ik04_n4_g5,11,6",102,0,0,1,0,0,0,1,0,0,0,1,0,0,0
"Ik04_n4_g5,11,6",103,0,0,1,0,0,0,1,0,0,0,1,0,0,0
"Ik04_n4_g5,11,6",104,0,0,1,0,0,0,1,0,0,0,1,0,0,0
"Ik04_n4_g5,11,6",105,0,0,1,0,0,0,1,0,0,0,1,0,0,0
"Ik04_n4_g5,11,6",106,0,0,1,0,0,0,1,0,0,0,1,0,0,0
"Ik04_n4_g5,11,6",107,0,0,1,0,0,0,1,0,0,0,1,0,0,0
"Ik04_n4_g5,11,6",108,0,0,1,0,0,0,1,0,0,0,1,0,0,0
"Ik04_n4_g5,11,6",109,0,0,1,0,0,0,1,0,0,0,1,0,0,0
"Ik04_n4_g5,11,6",110,0,0,1,0,0,0,1,0,0,0,1,0,0,0
"Ik04_n4_g5,11,6",111,0,0,1,0,0,0,1,0,0,0,1,0,0,0
"Ik04_n4_g5,11,6",112,0,0,1,0,0,0,1,0,0,0,1,0,0,0
"Ik04_n4_g5,11,6",113,0,0,1,0,0,0,1,0,0,0,1,0,0,0
"Ik04_n4_g5,11,6",114,0,0,1,0,0,0,1,0,0,0,1,0,0,0
"Ik04_n4_g5,11,6",115,0,0,1,0,0,0,1,0,0,0,1,0,0,0
"Ik04_n4_g5,11,6",116,0,0,1,0,0,0,1,0,0,0,1,0,0,0
"Ik04_n4_g5,11,6",117,0,0,1,0,0,0,1,0,0,0,1,0,0,0
"Ik04_n4_g5,11,6",118,0,0,1,0,0,0,1,0,0,0,1,0,0,0
"Ik04_n4_g5,11,6",119,0,0,1,0,0,0,1,0,0,0,1,0,0,0
"Ik04_n4_g5,11,6",120,0,0,1,0,0,0,1,0,0,0,1,0,0,0
"Ik05_n5_g5,1,11,3",0,0,0,1,0,0,0,0,0,0,0,0,0,0,0
"Ik05_n5_g5,1,11,3",1,0,0,1,0,0,0,0,0,0,0,0,0,0,0
"Ik05_n5_g5,1,11,3",2,0,0,1,0,0,0,0,0,0,0,0,0,0,0
"Ik05_n5_g5,1,11,3",3,0,0,1,0,0,0,0,0,0,0,0,0,0,0
"Ik05_n5_g5,1,11,3",4,0,0,1,0,0,0,0,0,0,0,0,0,0,0
"Ik05_n5_g5,1,11,3",5,0,0,1,0,0,0,0,0,0,0,0,0,0,0
"Ik05_n5_g5,1,11,3",6,0,0,1,0,0,0,0,0,0,0,0,0,0,0
"Ik05_n5_g5,1,11,3",7,0,0,1,0,0,0,0,0,0,0,0,0,0,0
"Ik05_n5_g5,1,11,3",8,0,0,1,0,0,0,0,0,0,0,0,0,0,0
"Ik05_n5_g5,1,11,3",9,0,0,1,0,0,0,0,0,0,0,0,0,0,0
"Ik05_n5_g5,1,11,3",10,0,0,1,0,0,0,0,0,0,0,0,0,0,0
"Ik05_n5_g5,1,11,3",11,0,0,1,0,0,0,0,0,0,0,0,0,0,0
"Ik05_n5_g5,1,11,3",12,0,0,1,0,0,0,0,0,0,0,0,0,0,0
"Ik05_n5_g5,1,11,3",13,0,0,1,0,0,0,0,0,0,0,0,0,0,0
"Ik05_n5_g5,1,11,3",14,0,0,1,0,0,0,0,0,0,0,0,0,0,0
"Ik05_n5_g5,1,11,3",15,0,0,1,0,0,0,0,0,0,0,0,0,0,0
"Ik05_n5_g5,1,11,3",16,0,0,1,0,0,0,0,0,0,0,0,0,0,0
"Ik05_n5_g5,1,11,3",17,0,0,1,0,0,0,0,0,0,0,0,0,0,0
"Ik05_n5_g5,1,11,3",18,0,0,1,0,0,0,0,0,0,0,0,0,0,0
"Ik05_n5_g5,1,11,3",19,0,0,1,0,0,0,0,0,0,0,0,0,0,0
"Ik05_n5_g5,1,11,3",20,0,0,1,0,0,0,0,0,0,0,0,0,0,0
"Ik05_n5_g5,1,11,3",21,0,0,1,0,0,0,0,0,0,0,0,0,0,0
"Ik05_n5_g5,1,11,3",22,0,0,1,0,0,0,0,0,0,0,0,0,0,0
"Ik05_n5_g5,1,11,3",23,0,0,1,0,0,0,0,0,0,0,0,0,0,0
"Ik05_n5_g5,1,11,3",24,0,0,1,0,0,0,0,0,0,0,0,0,0,0
"Ik05_n5_g5,1,11,3",25,0,0,1,0,0,0,0,0,0,0,0,0,0,0
"Ik05_n5_g5,1,11,3",26,0,0,1,0,0,0,0,0,0,0,0,0,0,0
"Ik05_n5_g5,1,11,3",27,0,0,1,0,0,0,0,0,0,0,0,0,0,0
"Ik05_n5_g5,1,11,3",28,0,0,1,0,0,0,0,0,0,0,0,0,0,0
"Ik05_n5_g5,1,11,3",29,0,0,1,0,0,0,0,0,0,0,0,0,0,0
"Ik05_n5_g5,1,11,3",30,0,0,1,0,0,0,0,0,0,0,0,0,0,0
"Ik05_n5_g5,1,11,3",31,0,0,1,0,0,0,0,0,0,0,0,0,0,0
"Ik05_n5_g5,1,11,3",32,0,0,1,0,0,0,0,0,0,0,0,0,0,0
"Ik05_n5_g5,1,11,3",33,0,0,1,0,0,0,0,0,0,0,0,0,0,0
"Ik05_n5_g5,1,11,3",34,0,0,1,0,0,0,0,0,0,0,0,0,0,0
"Ik05_n5_g5,1,11,3",35,0,0,1,0,0,0,0,0,0,0,0,0,0,0
"Ik05_n5_g5,1,11,3",36,0,0,1,0,0,0,0,0,0,0,0,0,0,0
"Ik05_n5_g5,1,11,3",37,0,0,1,0,0,0,0,0,0,0,0,0,0,0
"Ik05_n5_g5,1,11,3",38,0,0,1,0,0,0,0,0,0,0,0,0,0,0
"Ik05_n5_g5,1,11,3",39,0,0,1,0,0,0,0,0,0,0,0,0,0,0
"Ik05_n5_g5,1,11,3",40,0,0,1,0,0,0,0,0,0,0,0,0,0,0
"Ik05_n5_g5,1,11,3",41,0,0,1,0,0,0,0,0,0,0,0,0,0,0
"Ik05_n5_g5,1,11,3",42,0,0,1,0,0,0,0,0,0,0,0,0,0,0
"Ik05_n5_g5,1,11,3",43,0,0,1,0,0,0,0,0,0,0,0,0,0,0
"Ik05_n5_g5,1,11,3",44,0,0,1,0,0,0,0,0,0,0,0,0,0,0
"Ik05_n5_g5,1,11,3",45,0,0,1,0,0,0,0,0,0,0,0,0,0,0
"Ik05_n5_g5,1,11,3",46,0,0,1,0,0,0,0,0,0,0,0,0,0,0
"Ik05_n5_g5,1,11,3",47,0,0,1,0,0,0,0,0,0,0,0,0,0,0
"Ik05_n5_g5,1,11,3",48,0,0,1,0,0,0,0,0,0,0,0,0,0,0
"Ik05_n5_g5,1,11,3",49,0,0,1,0,0,0,0,0,0,0,0,0,0,0
"Ik05_n5_g5,1,11,3",50,0,0,1,0,0,0,0,0,0,0,0,0,0,0
"Ik05_n5_g5,1,11,3",51,0,0,1,0,0,0,0,0,0,0,0,0,0,0
"Ik05_n5_g5,1,11,3",52,0,0,1,0,0,0,0,0,0,0,0,0,0,0
"Ik05_n5_g5,1,11,3",53,0,0,1,0,0,0,0,0,0,0,0,0,0,0
"Ik05_n5_g5,1,11,3",54,0,0,1,0,0,0,0,0,0,0,0,0,0,0
"Ik05_n5_g5,1,11,3",55,0,0,1,0,0,0,0,0,0,0,0,0,0,0
"Ik05_n5_g5,1,11,3",56,0,0,1,0,0,0,0,0,0,0,0,0,0,0
"Ik05_n5_g5,1,11,3",57,0,0,1,0,0,0,0,0,0,0,0,0,0,0
"Ik05_n5_g5,1,11,3",58,0,0,1,0,0,0,0,0,0,0,0,0,0,0
"Ik05_n5_g5,1,11,3",59,0,0,1,0,0,0,0,0,0,0,0,0,0,0
"Ik05_n5_g5,1,11,3",60,0,0,1,0,0,0,0,0,0,0,0,0,0,0
"Ik05_n5_g5,1,11,3",61,0,0,1,0,0,0,0,0,0,0,0,0,0,0
"Ik05_n5_g5,1,11,3",62,0,0,1,0,0,0,0,0,0,0,0,0,0,0
"Ik05_n5_g5,1,11,3",63,0,0,1,0,0,0,0,0,0,0,0,0,0,0
"Ik05_n5_g5,1,11,3",64,0,0,1,0,0,0,0,0,0,0,0,0,0,0
"Ik05_n5_g5,1,11,3",65,0,0,1,0,0,0,0,0,0,0,0,0,0,0
"Ik05_n5_g5,1,11,3",66,0,0,1,0,0,0,0,0,0,0,0,0,0,0
"Ik05_n5_g5,1,11,3",67,0,0,1,0,0,0,0,0,0,0,0,0,0,0
"Ik05_n5_g5,1,11,3",68,0,0,1,0,0,0,0,0,0,0,0,0,1,0
"Ik05_n5_g5,1,11,3",69,0,0,1,0,0,0,0,1,0,0,0,0,1,0
"Ik05_n5_g5,1,11,3",70,0,0,1,0,0,0,0,1,0,0,0,0,1,0
"Ik05_n5_g5,1,11,3",71,0,0,1,0,0,0,0,1,0,0,0,0,1,0
"Ik05_n5_g5,1,11,3",72,0,0,1,0,0,0,0,1,0,0,0,0,1,0
"Ik05_n5_g5,1,11,3",73,0,0,1,0,1,0,0,1,0,0,0,0,0,0
"Ik05_n5_g5,1,11,3",74,0,0,1,0,0,1,0,0,0,0,0,0,1,0
"Ik05_n5_g5,1,11,3",75,0,0,1,0,0,1,0,1,0,0,0,0,1,0
"Ik05_n5_g5,1,11,3",76,0,0,1,0,0,1,0,1,0,0,0,0,1,0
"Ik05_n5_g5,1,11,3",77,0,0,1,0,0,1,0,1,0,0,0,0,1,0
"Ik05_n5_g5,1,11,3",78,0,0,1,0,0,1,0,1,0,0,0,0,1,0
"Ik05_n5_g5,1,11,3",79,0,0,1,0,0,1,0,1,0,0,0,0,1,0
"Ik05_n5_g5,1,11,3",80,0,0,1,0,0,1,0,1,0,0,0,0,1,0
"Ik05_n5_g5,1,11,3",81,0,0,1,0,0,1,0,1,0,0,0,0,1,0
"Ik05_n5_g5,1,11,3",82,0,0,1,0,0,1,0,1,0,0,0,0,1,0
"Ik05_n5_g5,1,11,3",83,0,0,1,0,0,1,0,1,0,0,0,0,1,0
"Ik05_n5_g5,1,11,3",84,0,0,1,0,0,1,0,1,0,0,0,0,1,0
"Ik05_n5_g5,1,11,3",85,0,0,1,0,1,1,0,1,0,0,1,0,0,0
"Ik05_n5_g5,1,11,3",86,0,0,1,0,0,0,1,0,0,0,1,0,0,0
"Ik05_n5_g5,1,11,3",87,0,0,1,0,0,0,1,0,0,0,1,0,0,0
"Ik05_n5_g5,1,11,3",88,0,0,1,0,0,0,1,0,0,0,1,0,1,0
"Ik05_n5_g5,1,11,3",89,0,0,1,0,0,0,1,1,0,0,1,0,1,0
"Ik05_n5_g5,1,11,3",90,0,0,1,0,0,0,1,1,0,0,1,0,1,0
"Ik05_n5_g5,1,11,3",91,0,0,1,0,0,0,1,1,0,0,1,0,1,0
"Ik05_n5_g5,1,11,3",92,0,0,1,0,0,0,1,1,0,0,1,0,1,0
"Ik05_n5_g5,1,11,3",93,0,0,1,0,0,0,1,1,0,0,1,0,1,0
"Ik05_n5_g5,1,11,3",94,0,0,1,0,0,0,1,1,0,0,1,0,1,0
"Ik05_n5_g5,1,11,3",95,0,0,1,0,0,0,1,1,0,0,1,0,1,0
"Ik05_n5_g5,1,11,3",96,0,0,1,0,0,0,1,1,0,0,1,0,1,0
"Ik05_n5_g5,1,11,3",97,0,0,1,0,0,0,1,1,0,0,1,0,1,0
"Ik05_n5_g5,1,11,3",98,0,0,1,0,0,0,1,1,0,0,1,0,1,0
"Ik05_n5_g5,1,11,3",99,0,0,1,0,0,0,1,1,0,0,1,0,1,0
"Ik05_n5_g5,1,11,3",100,0,0,1,0,0,0,1,1,0,0,1,0,1,0
"Ik05_n5_g5,1,11,3",101,0,0,1,0,0,0,1,1,0,0,1,0,1,0
"Ik05_n5_g5,1,11,3",102,0,0,1,0,0,0,1,1,0,0,1,0,1,0
"Ik05_n5_g5,1,11,3",103,0,0,1,0,0,0,1,1,0,0,1,0,1,0
"Ik05_n5_g5,1,11,3",104,0,0,1,0,0,0,1,1,0,0,1,0,1,0
"Ik05_n5_g5,1,11,3",105,0,0,1,0,0,0,1,1,0,0,1,0,1,0
"Ik05_n5_g5,1,11,3",106,0,0,1,0,0,0,1,1,0,0,1,0,1,0
"Ik05_n5_g5,1,11,3",107,0,0,1,0,0,0,1,1,0,0,1,0,1,0
"Ik05_n5_g5,1,11,3",108,0,0,1,0,0,0,1,1,0,0,1,0,1,0
"Ik05_n5_g5,1,11,3",109,0,0,1,0,0,0,1,1,0,0,1,0,1,0
"Ik05_n5_g5,1,11,3",110,0,0,1,0,0,0,1,1,0,0,1,0,1,0
"Ik05_n5_g5,1,11,3",111,0,0,1,0,0,0,1,1,0,0,1,0,1,0
"Ik05_n5_g5,1,11,3",112,0,0,1,0,0,0,1,1,0,0,1,0,1,0
"Ik05_n5_g5,1,11,3",113,0,0,1,0,0,0,1,1,0,0,1,0,1,0
"Ik05_n5_g5,1,11,3",114,0,0,1,0,0,0,1,1,0,0,1,0,1,0
"Ik05_n5_g5,1,11,3",115,0,0,1,0,0,0,1,1,0,0,1,0,1,0
"Ik05_n5_g5,1,11,3",116,0,0,1,0,0,0,1,1,0,0,1,0,1,0
"Ik05_n5_g5,1,11,3",117,0,0,1,0,0,0,1,1,0,0,1,0,1,0
"Ik05_n5_g5,1,11,3",118,0,0,1,0,0,0,1,1,0,0,1,0,1,0
"Ik05_n5_g5,1,11,3",119,0,0,1,0,0,0,1,1,0,0,1,0,1,0
"Ik05_n5_g5,1,11,3",120,0,0,1,0,0,0,1,1,0,0,1,0,1,0
"Ik06_n6_g6,5,8,11,1",0,0,0,1,0,0,0,0,0,0,0,0,0,0,0
"Ik06_n6_g6,5,8,11,1",1,0,0,1,0,0,0,0,0,0,0,0,0,0,0
"Ik06_n6_g6,5,8,11,1",2,0,0,1,0,0,0,0,0,0,0,0,0,0,0
"Ik06_n6_g6,5,8,11,1",3,0,0,1,0,0,0,0,0,0,0,0,0,0,0
"Ik06_n6_g6,5,8,11,1",4,0,0,1,0,0,0,0,0,0,0,0,0,0,0
"Ik06_n6_g6,5,8,11,1",5,0,0,1,0,0,0,0,0,0,0,0,0,0,0
"Ik06_n6_g6,5,8,11,1",6,0,0,1,0,0,0,0,0,0,0,0,0,0,0
"Ik06_n6_g6,5,8,11,1",7,0,0,1,0,0,0,0,0,0,0,0,0,0,0
"Ik06_n6_g6,5,8,11,1",8,0,0,1,0,0,0,0,0,0,0,0,0,0,0
"Ik06_n6_g6,5,8,11,1",9,0,0,1,0,0,0,0,0,0,0,0,0,0,0
"Ik06_n6_g6,5,8,11,1",10,0,0,1,0,0,0,0,0,0,0,0,0,0,0
"Ik06_n6_g6,5,8,11,1",11,0,0,1,0,0,0,0,0,0,0,0,0,1,0
"Ik06_n6_g6,5,8,11,1",12,0,0,1,0,0,0,0,1,0,0,0,0,1,0
"Ik06_n6_g6,5,8,11,1",13,0,0,1,0,0,0,0,1,0,0,0,0,1,0
"Ik06_n6_g6,5,8,11,1",14,0,0,1,0,0,0,0,1,0,0,0,0,1,0
"Ik06_n6_g6,5,8,11,1",15,0,0,1,0,0,0,0,1,0,0,0,0,1,0
"Ik06_n6_g6,5,8,11,1",16,0,0,1,0,0,0,0,1,0,0,0,0,1,0
"Ik06_n6_g6,5,8,11,1",17,0,0,1,0,1,0,0,1,0,0,0,0,0,0
"Ik06_n6_g6,5,8,11,1",18,0,0,1,0,0,1,0,0,0,0,0,0,0,0
"Ik06_n6_g6,5,8,11,1",19,0,0,1,0,0,1,0,0,0,0,0,0,0,0
"Ik06_n6_g6,5,8,11,1",20,0,0,1,0,0,1,0,0,0,0,0,0,0,0
"Ik06_n6_g6,5,8,11,1",21,0,0,1,0,0,1,0,0,0,0,0,0,0,0
"Ik06_n6_g6,5,8,11,1",22,0,0,1,0,0,1,0,0,0,0,0,0,1,0
"Ik06_n6_g6,5,8,11,1",23,0,0,1,0,0,1,0,1,0,0,0,0,1,0
"Ik06_n6_g6,5,8,11,1",24,0,0,1,0,0,1,0,1,0,0,0,0,1,0
"Ik06_n6_g6,5,8,11,1",25,0,0,1,0,0,1,0,1,0,0,0,0,1,0
"Ik06_n6_g6,5,8,11,1",26,0,0,1,0,0,1,0,1,0,0,0,0,1,0
"Ik06_n6_g6,5,8,11,1",27,0,0,1,0,0,1,0,1,0,0,0,0,1,0
"Ik06_n6_g6,5,8,11,1",28,0,0,1,0,0,1,0,1,0,0,0,0,1,0
"Ik06_n6_g6,5,8,11,1",29,0,0,1,0,0,1,0,1,0,0,0,0,1,0
"Ik06_n6_g6,5,8,11,1",30,0,0,1,0,1,1,0,1,0,0,1,0,0,0
"Ik06_n6_g6,5,8,11,1",31,0,0,1,0,0,0,1,0,0,0,1,0,0,0
"Ik06_n6_g6,5,8,11,1",32,0,0,1,0,0,0,1,0,0,0,1,0,0,0
"Ik06_n6_g6,5,8,11,1",33,0,0,1,0,0,0,1,0,0,0,1,0,0,0
"Ik06_n6_g6,5,8,11,1",34,0,0,1,0,0,0,1,0,0,0,1,0,0,0
"Ik06_n6_g6,5,8,11,1",35,0,0,1,0,0,0,1,0,0,0,1,0,0,0
"Ik06_n6_g6,5,8,11,1",36,0,0,1,0,0,0,1,0,0,0,1,0,0,0
"Ik06_n6_g6,5,8,11,1",37,0,0,1,0,0,0,1,0,0,0,1,0,0,0
"Ik06_n6_g6,5,8,11,1",38,0,0,1,0,0,0,1,0,0,0,1,0,0,0
"Ik06_n6_g6,5,8,11,1",39,0,0,1,0,0,0,1,0,0,0,1,0,0,0
"Ik06_n6_g6,5,8,11,1",40,0,0,1,0,0,0,1,0,0,0,1,0,0,0
"Ik06_n6_g6,5,8,11,1",41,0,0,1,0,0,0,1,0,0,0,1,0,1,0
"Ik06_n6_g6,5,8,11,1",42,0,0,1,0,1,0,1,1,0,0,1,0,0,0
"Ik06_n6_g6,5,8,11,1",43,0,0,1,0,0,1,1,0,0,0,1,0,0,0
"Ik06_n6_g6,5,8,11,1",44,0,0,1,0,0,1,1,0,0,0,1,0,0,0
"Ik06_n6_g6,5,8,11,1",45,0,0,1,0,0,1,1,0,0,0,1,0,0,0
"Ik06_n6_g6,5,8,11,1",46,0,0,1,0,0,1,1,0,0,0,1,0,0,0
"Ik06_n6_g6,5,8,11,1",47,0,0,1,0,0,1,1,0,0,0,1,0,0,0
"Ik06_n6_g6,5,8,11,1",48,0,0,1,0,0,1,1,0,0,0,1,0,0,0
"Ik06_n6_g6,5,8,11,1",49,0,0,1,0,0,1,1,0,0,0,1,0,0,0
"Ik06_n6_g6,5,8,11,1",50,0,0,1,0,0,1,1,0,0,0,1,0,0,0
"Ik06_n6_g6,5,8,11,1",51,0,0,1,0,0,1,1,0,0,0,1,0,0,0
"Ik06_n6_g6,5,8,11,1",52,0,0,1,0,0,1,1,0,0,0,1,0,0,0
"Ik06_n6_g6,5,8,11,1",53,0,0,1,0,0,1,1,0,0,0,1,0,0,0
"Ik06_n6_g6,5,8,11,1",54,0,0,1,0,0,1,1,0,0,0,1,0,0,0
"Ik06_n6_g6,5,8,11,1",55,0,0,1,0,0,1,1,0,0,0,1,0,0,0
"Ik06_n6_g6,5,8,11,1",56,0,0,1,0,0,1,1,0,0,0,1,0,0,0
"Ik06_n6_g6,5,8,11,1",57,0,0,1,0,0,1,1,0,0,0,1,0,0,0
"Ik06_n6_g6,5,8,11,1",58,0,0,1,0,0,1,1,0,0,0,1,0,0,0
"Ik06_n6_g6,5,8,11,1",59,0,0,1,0,0,1,1,0,0,0,1,0,0,0
"Ik06_n6_g6,5,8,11,1",60,0,0,1,0,0,1,1,0,0,0,1,0,0,0
"Ik06_n6_g6,5,8,11,1",61,0,0,1,0,0,1,1,0,0,0,1,0,0,0
"Ik06_n6_g6,5,8,11,1",62,0,0,1,0,0,1,1,0,0,0,1,0,0,0
"Ik06_n6_g6,5,8,11,1",63,0,0,1,0,0,1,1,0,0,0,1,0,0,0
"Ik06_n6_g6,5,8,11,1",64,0,0,1,0,0,1,1,0,0,0,1,0,0,0
"Ik06_n6_g6,5,8,11,1",65,0,0,1,0,0,1,1,0,0,0,1,0,0,0
"Ik06_n6_g6,5,8,11,1",66,0,0,1,0,0,1,1,0,0,0,1,0,0,0
"Ik06_n6_g6,5,8,11,1",67,0,0,1,0,0,1,1,0,0,0,1,0,0,0
"Ik06_n6_g6,5,8,11,1",68,0,0,1,0,0,1,1,0,0,0,1,0,0,0
"Ik06_n6_g6,5,8,11,1",69,0,0,1,0,0,1,1,0,0,0,1,0,0,0
"Ik06_n6_g6,5,8,11,1",70,0,0,1,0,0,1,1,0,0,0,1,0,0,0
"Ik06_n6_g6,5,8,11,1",71,0,0,1,0,0,1,1,0,0,0,1,0,0,0
"Ik06_n6_g6,5,8,11,1",72,0,0,1,0,0,1,1,0,0,0,1,0,0,0
"Ik06_n6_g6,5,8,11,1",73,0,0,1,0,0,1,1,0,0,0,1,0,0,0
"Ik06_n6_g6,5,8,11,1",74,0,0,1,0,0,1,1,0,0,0,1,0,0,0
"Ik06_n6_g6,5,8,11,1",75,0,0,1,0,0,1,1,0,0,0,1,0,0,0
"Ik06_n6_g6,5,8,11,1",76,0,0,1,0,0,1,1,0,0,0,1,0,0,0
"Ik06_n6_g6,5,8,11,1",77,0,0,1,0,0,1,1,0,0,0,1,0,0,0
"Ik06_n6_g6,5,8,11,1",78,0,0,1,0,0,1,1,0,0,0,1,0,0,0
"Ik06_n6_g6,5,8,11,1",79,0,0,1,0,0,1,1,0,0,0,1,0,0,0
"Ik06_n6_g6,5,8,11,1",80,0,0,1,0,0,1,1,0,0,0,1,0,0,0
"Ik06_n6_g6,5,8,11,1",81,0,0,1,0,0,1,1,0,0,0,1,0,0,0
"Ik06_n6_g6,5,8,11,1",82,0,0,1,0,0,1,1,0,0,0,1,0,0,0
"Ik06_n6_g6,5,8,11,1",83,0,0,1,0,0,1,1,0,0,0,1,0,0,0
"Ik06_n6_g6,5,8,11,1",84,0,0,1,0,0,1,1,0,0,0,1,0,0,0
"Ik06_n6_g6,5,8,11,1",85,0,0,1,0,0,1,1,0,0,0,1,0,0,0
"Ik06_n6_g6,5,8,11,1",86,0,0,1,0,0,1,1,0,0,0,1,0,0,0
"Ik06_n6_g6,5,8,11,1",87,0,0,1,0,0,1,1,0,0,0,1,0,0,0
"Ik06_n6_g6,5,8,11,1",88,0,0,1,0,0,1,1,0,0,0,1,0,0,0
"Ik06_n6_g6,5,8,11,1",89,0,0,1,0,0,1,1,0,0,0,1,0,0,0
"Ik06_n6_g6,5,8,11,1",90,0,0,1,0,0,1,1,0,0,0,1,0,0,0
"Ik06_n6_g6,5,8,11,1",91,0,0,1,0,0,1,1,0,0,0,1,0,0,0
"Ik06_n6_g6,5,8,11,1",92,0,0,1,0,0,1,1,0,0,0,1,0,0,0
"Ik06_n6_g6,5,8,11,1",93,0,0,1,0,0,1,1,0,0,0,1,0,0,0
"Ik06_n6_g6,5,8,11,1",94,0,0,1,0,0,1,1,0,0,0,1,0,0,0
"Ik06_n6_g6,5,8,11,1",95,0,0,1,0,0,1,1,0,0,0,1,0,0,0
"Ik06_n6_g6,5,8,11,1",96,0,0,1,0,0,1,1,0,0,0,1,0,0,0
"Ik06_n6_g6,5,8,11,1",97,0,0,1,0,0,1,1,0,0,0,1,0,0,0
"Ik06_n6_g6,5,8,11,1",98,0,0,1,0,0,1,1,0,0,0,1,0,0,0
"Ik06_n6_g6,5,8,11,1",99,0,0,1,0,0,1,1,0,0,0,1,0,0,0
"Ik06_n6_g6,5,8,11,1",100,0,0,1,0,0,1,1,0,0,0,1,0,0,0
"Ik06_n6_g6,5,8,11,1",101,0,0,1,0,0,1,1,0,0,0,1,0,0,0
"Ik06_n6_g6,5,8,11,1",102,0,0,1,0,0,1,1,0,0,0,1,0,0,0
"Ik06_n6_g6,5,8,11,1",103,0,0,1,0,0,1,1,0,0,0,1,0,0,0
"Ik06_n6_g6,5,8,11,1",104,0,0,1,0,0,1,1,0,0,0,1,0,0,0
"Ik06_n6_g6,5,8,11,1",105,0,0,1,0,0,1,1,0,0,0,1,0,0,0
"Ik06_n6_g6,5,8,11,1",106,0,0,1,0,0,1,1,0,0,0,1,0,0,0
"Ik06_n6_g6,5,8,11,1",107,0,0,1,0,0,1,1,0,0,0,1,0,0,0
"Ik06_n6_g6,5,8,11,1",108,0,0,1,0,0,1,1,0,0,0,1,0,0,0
"Ik06_n6_g6,5,8,11,1",109,0,0,1,0,0,1,1,0,0,0,1,0,0,0
"Ik06_n6_g6,5,8,11,1",110,0,0,1,0,0,1,1,0,0,0,1,0,0,0
"Ik06_n6_g6,5,8,11,1",111,0,0,1,0,0,1,1,0,0,0,1,0,0,0
"Ik06_n6_g6,5,8,11,1",112,0,0,1,0,0,1,1,0,0,0,1,0,0,0
"Ik06_n6_g6,5,8,11,1",113,0,0,1,0,0,1,1,0,0,0,1,0,0,0
"Ik06_n6_g6,5,8,11,1",114,0,0,1,0,0,1,1,0,0,0,1,0,0,0
"Ik06_n6_g6,5,8,11,1",115,0,0,1,0,0,1,1,0,0,0,1,0,0,0
"Ik06_n6_g6,5,8,11,1",116,0,0,1,0,0,1,1,0,0,0,1,0,0,0
"Ik06_n6_g6,5,8,11,1",117,0,0,1,0,0,1,1,0,0,0,1,0,0,0
"Ik06_n6_g6,5,8,11,1",118,0,0,1,0,0,1,1,0,0,0,1,0,0,0
"Ik06_n6_g6,5,8,11,1",119,0,0,1,0,0,1,1,0,0,0,1,0,0,0
"Ik06_n6_g6,5,8,11,1",120,0,0,1,0,0,1,1,0,0,0,1,0,0,0
"Ik07_n7_g7,5,1,3,10,11",0,0,0,1,0,0,0,0,0,0,0,0,0,0,0
"Ik07_n7_g7,5,1,3,10,11",1,0,0,1,0,0,0,0,0,0,0,0,0,0,0
"Ik07_n7_g7,5,1,3,10,11",2,0,0,1,0,0,0,0,0,0,0,0,0,0,0
"Ik07_n7_g7,5,1,3,10,11",3,0,0,1,0,0,0,0,0,0,0,0,0,0,0
"Ik07_n7_g7,5,1,3,10,11",4,0,0,1,0,0,0,0,0,0,0,0,0,0,0
"Ik07_n7_g7,5,1,3,10,11",5,0,0,1,0,0,0,0,0,0,0,0,0,0,0
"Ik07_n7_g7,5,1,3,10,11",6,0,0,1,0,0,0,0,0,0,0,0,0,0,0
"Ik07_n7_g7,5,1,3,10,11",7,0,0,1,0,0,0,0,0,0,0,0,0,0,0
"Ik07_n7_g7,5,1,3,10,11",8,0,0,1,0,0,0,0,0,0,0,0,0,0,0
"Ik07_n7_g7,5,1,3,10,11",9,0,0,1,0,0,0,0,0,0,0,0,0,0,0
"Ik07_n7_g7,5,1,3,10,11",10,0,0,1,0,0,0,0,0,0,0,0,0,0,0
"Ik07_n7_g7,5,1,3,10,11",11,0,0,1,0,0,0,0,0,0,0,0,0,0,0
"Ik07_n7_g7,5,1,3,10,11",12,0,0,1,0,0,0,0,0,0,0,0,0,0,0
"Ik07_n7_g7,5,1,3,10,11",13,0,0,1,0,0,0,0,0,0,0,0,0,0,0
"Ik07_n7_g7,5,1,3,10,11",14,0,0,1,0,0,0,0,0,0,0,0,0,0,0
"Ik07_n7_g7,5,1,3,10,11",15,0,0,1,0,0,0,0,0,0,0,0,0,0,0
"Ik07_n7_g7,5,1,3,10,11",16,0,0,1,0,0,0,0,0,0,0,0,0,0,0
"Ik07_n7_g7,5,1,3,10,11",17,0,0,1,0,0,0,0,0,0,0,0,0,0,0
"Ik07_n7_g7,5,1,3,10,11",18,0,0,1,0,0,0,0,0,0,0,0,0,0,0
"Ik07_n7_g7,5,1,3,10,11",19,0,0,1,0,0,0,0,0,0,0,0,0,0,0
"Ik07_n7_g7,5,1,3,10,11",20,0,0,1,0,0,0,0,0,0,0,0,0,0,0
"Ik07_n7_g7,5,1,3,10,11",21,0,0,1,0,0,0,0,0,0,0,0,0,0,0
"Ik07_n7_g7,5,1,3,10,11",22,0,0,1,0,0,0,0,0,0,0,0,0,0,0
"Ik07_n7_g7,5,1,3,10,11",23,0,0,1,0,0,0,0,0,0,0,0,0,0,0
"Ik07_n7_g7,5,1,3,10,11",24,0,0,1,0,0,0,0,0,0,0,0,0,0,0
"Ik07_n7_g7,5,1,3,10,11",25,0,0,1,0,0,0,0,0,0,0,0,0,1,0
"Ik07_n7_g7,5,1,3,10,11",26,0,0,1,0,0,0,0,1,0,0,0,0,1,0
"Ik07_n7_g7,5,1,3,10,11",27,0,0,1,0,0,0,0,1,0,0,0,0,1,0
"Ik07_n7_g7,5,1,3,10,11",28,0,0,1,0,0,0,0,1,0,0,0,0,1,0
"Ik07_n7_g7,5,1,3,10,11",29,0,0,1,0,0,0,0,1,0,0,0,0,1,0
"Ik07_n7_g7,5,1,3,10,11",30,0,0,1,0,0,0,0,1,0,0,0,0,1,0
"Ik07_n7_g7,5,1,3,10,11",31,0,0,1,0,0,0,0,1,0,0,0,0,1,0
"Ik07_n7_g7,5,1,3,10,11",32,0,0,1,0,1,0,0,1,0,0,0,0,0,0
"Ik07_n7_g7,5,1,3,10,11",33,0,0,1,0,0,1,0,0,0,0,0,0,0,0
"Ik07_n7_g7,5,1,3,10,11",34,0,0,1,0,0,1,0,0,0,0,0,0,0,0
"Ik07_n7_g7,5,1,3,10,11",35,0,0,1,0,0,1,0,0,0,0,0,0,0,0
"Ik07_n7_g7,5,1,3,10,11",36,0,0,1,0,0,1,0,0,0,0,0,0,0,0
"Ik07_n7_g7,5,1,3,10,11",37,0,0,1,0,0,1,0,0,0,0,0,0,1,0
"Ik07_n7_g7,5,1,3,10,11",38,0,0,1,0,1,1,0,1,0,0,1,0,0,0
"Ik07_n7_g7,5,1,3,10,11",39,0,0,1,0,0,0,1,0,0,0,1,0,0,0
"Ik07_n7_g7,5,1,3,10,11",40,0,0,1,0,0,0,1,0,0,0,1,0,0,0
"Ik07_n7_g7,5,1,3,10,11",41,0,0,1,0,0,0,1,0,0,0,1,0,1,0
"Ik07_n7_g7,5,1,3,10,11",42,0,0,1,0,0,0,1,1,0,0,1,0,1,0
"Ik07_n7_g7,5,1,3,10,11",43,0,0,1,0,0,0,1,1,0,0,1,0,1,0
"Ik07_n7_g7,5,1,3,10,11",44,0,0,1,0,0,0,1,1,0,0,1,0,1,0
"Ik07_n7_g7,5,1,3,10,11",45,0,0,1,0,0,0,1,1,0,0,1,0,1,0
"Ik07_n7_g7,5,1,3,10,11",46,0,0,1,0,0,0,1,1,0,0,1,0,1,0
"Ik07_n7_g7,5,1,3,10,11",47,0,0,1,0,0,0,1,1,0,0,1,0,1,0
"Ik07_n7_g7,5,1,3,10,11",48,0,0,1,0,0,0,1,1,0,0,1,0,1,0
"Ik07_n7_g7,5,1,3,10,11",49,0,0,1,0,0,0,1,1,0,0,1,0,1,0
"Ik07_n7_g7,5,1,3,10,11",50,0,0,1,0,0,0,1,1,0,0,1,0,1,0
"Ik07_n7_g7,5,1,3,10,11",51,0,0,1,0,1,0,1,1,0,0,1,0,0,0
"Ik07_n7_g7,5,1,3,10,11",52,0,0,1,0,0,1,1,0,0,0,1,0,0,0
"Ik07_n7_g7,5,1,3,10,11",53,0,0,1,0,0,1,1,0,0,0,1,0,0,0
"Ik07_n7_g7,5,1,3,10,11",54,0,0,1,0,0,1,1,0,0,0,1,0,0,0
"Ik07_n7_g7,5,1,3,10,11",55,0,0,1,0,0,1,1,0,0,0,1,0,0,0
"Ik07_n7_g7,5,1,3,10,11",56,0,0,1,0,0,1,1,0,0,0,1,0,0,0
"Ik07_n7_g7,5,1,3,10,11",57,0,0,1,0,0,1,1,0,0,0,1,0,0,0
"Ik07_n7_g7,5,1,3,10,11",58,0,0,1,0,0,1,1,0,0,0,1,0,0,0
"Ik07_n7_g7,5,1,3,10,11",59,0,0,1,0,0,1,1,0,0,0,1,0,0,0
"Ik07_n7_g7,5,1,3,10,11",60,0,0,1,0,0,1,1,0,0,0,1,0,0,0
"Ik07_n7_g7,5,1,3,10,11",61,0,0,1,0,0,1,1,0,0,0,1,0,0,0
"Ik07_n7_g7,5,1,3,10,11",62,0,0,1,0,0,1,1,0,0,0,1,0,1,0
"Ik07_n7_g7,5,1,3,10,11",63,0,0,1,0,0,1,1,1,0,0,1,0,1,0
"Ik07_n7_g7,5,1,3,10,11",64,0,0,1,0,0,1,1,1,0,0,1,0,1,0
"Ik07_n7_g7,5,1,3,10,11",65,0,0,1,0,0,1,1,1,0,0,1,0,1,0
"Ik07_n7_g7,5,1,3,10,11",66,0,0,1,0,0,1,1,1,0,0,1,0,1,0
"Ik07_n7_g7,5,1,3,10,11",67,0,0,1,0,0,1,1,1,0,0,1,0,1,0
"Ik07_n7_g7,5,1,3,10,11",68,0,0,1,0,0,1,1,1,0,0,1,0,1,0
"Ik07_n7_g7,5,1,3,10,11",69,0,0,1,0,0,1,1,1,0,0,1,0,1,0
"Ik07_n7_g7,5,1,3,10,11",70,0,0,1,0,0,1,1,1,0,0,1,0,1,0
"Ik07_n7_g7,5,1,3,10,11",71,0,0,1,0,0,1,1,1,0,0,1,0,1,0
"Ik07_n7_g7,5,1,3,10,11",72,0,0,1,0,0,1,1,1,0,0,1,0,1,0
"Ik07_n7_g7,5,1,3,10,11",73,0,0,1,0,0,1,1,1,0,0,1,0,1,0
"Ik07_n7_g7,5,1,3,10,11",74,0,0,1,0,0,1,1,1,0,0,1,0,1,0
"Ik07_n7_g7,5,1,3,10,11",75,0,0,1,0,0,1,1,1,0,0,1,0,1,0
"Ik07_n7_g7,5,1,3,10,11",76,0,0,1,0,0,1,1,1,0,0,1,0,1,0
"Ik07_n7_g7,5,1,3,10,11",77,0,0,1,0,0,1,1,1,0,0,1,0,1,0
"Ik07_n7_g7,5,1,3,10,11",78,0,0,1,0,0,1,1,1,0,0,1,0,1,0
"Ik07_n7_g7,5,1,3,10,11",79,0,0,1,0,0,1,1,1,0,0,1,0,1,0
"Ik07_n7_g7,5,1,3,10,11",80,0,0,1,0,0,1,1,1,0,0,1,0,1,0
"Ik07_n7_g7,5,1,3,10,11",81,0,0,1,0,0,1,1,1,0,0,1,0,1,0
"Ik07_n7_g7,5,1,3,10,11",82,0,0,1,0,0,1,1,1,0,0,1,0,1,0
"Ik07_n7_g7,5,1,3,10,11",83,0,0,1,0,0,1,1,1,0,0,1,0,1,0
"Ik07_n7_g7,5,1,3,10,11",84,0,0,1,0,0,1,1,1,0,0,1,0,1,0
"Ik07_n7_g7,5,1,3,10,11",85,0,0,1,0,0,1,1,1,0,0,1,0,1,0
"Ik07_n7_g7,5,1,3,10,11",86,0,0,1,0,0,1,1,1,0,0,1,0,1,0
"Ik07_n7_g7,5,1,3,10,11",87,0,0,1,0,0,1,1,1,0,0,1,0,1,0
"Ik07_n7_g7,5,1,3,10,11",88,0,0,1,0,0,1,1,1,0,0,1,0,1,0
"Ik07_n7_g7,5,1,3,10,11",89,0,0,1,0,0,1,1,1,0,0,1,0,1,0
"Ik07_n7_g7,5,1,3,10,11",90,0,0,1,0,0,1,1,1,0,0,1,0,1,0
"Ik07_n7_g7,5,1,3,10,11",91,0,0,1,0,0,1,1,1,0,0,1,0,1,0
"Ik07_n7_g7,5,1,3,10,11",92,0,0,1,0,0,1,1,1,0,0,1,0,1,0
"Ik07_n7_g7,5,1,3,10,11",93,0,0,1,0,0,1,1,1,0,0,1,0,1,0
"Ik07_n7_g7,5,1,3,10,11",94,0,0,1,0,0,1,1,1,0,0,1,0,1,0
"Ik07_n7_g7,5,1,3,10,11",95,0,0,1,0,0,1,1,1,0,0,1,0,1,0
"Ik07_n7_g7,5,1,3,10,11",96,0,0,1,0,0,1,1,1,0,0,1,0,1,0
"Ik07_n7_g7,5,1,3,10,11",97,0,0,1,0,0,1,1,1,0,0,1,0,1,0
"Ik07_n7_g7,5,1,3,10,11",98,0,0,1,0,0,1,1,1,0,0,1,0,1,0
"Ik07_n7_g7,5,1,3,10,11",99,0,0,1,0,0,1,1,1,0,0,1,0,1,0
"Ik07_n7_g7,5,1,3,10,11",100,0,0,1,0,0,1,1,1,0,0,1,0,1,0
"Ik07_n7_g7,5,1,3,10,11",101,0,0,1,0,0,1,1,1,0,0,1,0,1,0
"Ik07_n7_g7,5,1,3,10,11",102,0,0,1,0,0,1,1,1,0,0,1,0,1,0
"Ik07_n7_g7,5,1,3,10,11",103,0,0,1,0,0,1,1,1,0,0,1,0,1,0
"Ik07_n7_g7,5,1,3,10,11",104,0,0,1,0,0,1,1,1,0,0,1,0,1,0
"Ik07_n7_g7,5,1,3,10,11",105,0,0,1,0,0,1,1,1,0,0,1,0,1,0
"Ik07_n7_g7,5,1,3,10,11",106,0,0,1,0,0,1,1,1,0,0,1,0,1,0
"Ik07_n7_g7,5,1,3,10,11",107,0,0,1,0,0,1,1,1,0,0,1,0,1,0
"Ik07_n7_g7,5,1,3,10,11",108,0,0,1,0,0,1,1,1,0,0,1,0,1,0
"Ik07_n7_g7,5,1,3,10,11",109,0,0,1,0,0,1,1,1,0,0,1,0,1,0
"Ik07_n7_g7,5,1,3,10,11",110,0,0,1,0,0,1,1,1,0,0,1,0,1,0
"Ik07_n7_g7,5,1,3,10,11",111,0,0,1,0,0,1,1,1,0,0,1,0,1,0
"Ik07_n7_g7,5,1,3,10,11",112,0,0,1,0,0,1,1,1,0,0,1,0,1,0
"Ik07_n7_g7,5,1,3,10,11",113,0,0,1,0,0,1,1,1,0,0,1,0,1,0
"Ik07_n7_g7,5,1,3,10,11",114,0,0,1,0,0,1,1,1,0,0,1,0,1,0
"Ik07_n7_g7,5,1,3,10,11",115,0,0,1,0,0,1,1,1,0,0,1,0,1,0
"Ik07_n7_g7,5,1,3,10,11",116,0,0,1,0,0,1,1,1,0,0,1,0,1,0
"Ik07_n7_g7,5,1,3,10,11",117,0,0,1,0,0,1,1,1,0,0,1,0,1,0
"Ik07_n7_g7,5,1,3,10,11",118,0,0,1,0,0,1,1,1,0,0,1,0,1,0
"Ik07_n7_g7,5,1,3,10,11",119,0,0,1,0,0,1,1,1,0,0,1,0,1,0
"Ik07_n7_g7,5,1,3,10,11",120,0,0,1,0,0,1,1,1,0,0,1,0,1,0
"Ik08_n8_g5,2,2,7,9,8,1",0,0,0,1,0,0,0,0,0,0,0,0,0,0,0
"Ik08_n8_g5,2,2,7,9,8,1",1,0,0,1,0,0,0,0,0,0,0,0,0,0,0
"Ik08_n8_g5,2,2,7,9,8,1",2,0,0,1,0,0,0,0,0,0,0,0,0,0,0
"Ik08_n8_g5,2,2,7,9,8,1",3,0,0,1,0,0,0,0,0,0,0,0,0,0,0
"Ik08_n8_g5,2,2,7,9,8,1",4,0,0,1,0,0,0,0,0,0,0,0,0,0,0
"Ik08_n8_g5,2,2,7,9,8,1",5,0,0,1,0,0,0,0,0,0,0,0,0,0,0
"Ik08_n8_g5,2,2,7,9,8,1",6,0,0,1,0,0,0,0,0,0,0,0,0,0,0
"Ik08_n8_g5,2,2,7,9,8,1",7,0,0,1,0,0,0,0,0,0,0,0,0,0,0
"Ik08_n8_g5,2,2,7,9,8,1",8,0,0,1,0,0,0,0,0,0,0,0,0,0,0
"Ik08_n8_g5,2,2,7,9,8,1",9,0,0,1,0,0,0,0,0,0,0,0,0,0,0
"Ik08_n8_g5,2,2,7,9,8,1",10,0,0,1,0,0,0,0,0,0,0,0,0,0,0
"Ik08_n8_g5,2,2,7,9,8,1",11,0,0,1,0,0,0,0,0,0,0,0,0,0,0
"Ik08_n8_g5,2,2,7,9,8,1",12,0,0,1,0,0,0,0,0,0,0,0,0,0,0
"Ik08_n8_g5,2,2,7,9,8,1",13,0,0,1,0,0,0,0,0,0,0,0,0,0,0
"Ik08_n8_g5,2,2,7,9,8,1",14,0,0,1,0,0,0,0,0,0,0,0,0,0,0
"Ik08_n8_g5,2,2,7,9,8,1",15,0,0,1,0,0,0,0,0,0,0,0,0,0,0
"Ik08_n8_g5,2,2,7,9,8,1",16,0,0,1,0,0,0,0,0,0,0,0,0,0,0
"Ik08_n8_g5,2,2,7,9,8,1",17,0,0,1,0,0,0,0,0,0,0,0,0,0,0
"Ik08_n8_g5,2,2,7,9,8,1",18,0,0,1,0,0,0,0,0,0,0,0,0,0,0
"Ik08_n8_g5,2,2,7,9,8,1",19,0,0,1,0,0,0,0,0,0,0,0,0,0,0
"Ik08_n8_g5,2,2,7,9,8,1",20,0,0,1,0,0,0,0,0,0,0,0,0,0,0
"Ik08_n8_g5,2,2,7,9,8,1",21,0,0,1,0,0,0,0,0,0,0,0,0,0,0
"Ik08_n8_g5,2,2,7,9,8,1",22,0,0,1,0,0,0,0,0,0,0,0,0,0,0
"Ik08_n8_g5,2,2,7,9,8,1",23,0,0,1,0,0,0,0,0,0,0,0,0,0,0
"Ik08_n8_g5,2,2,7,9,8,1",24,0,0,1,0,0,0,0,0,0,0,0,0,0,0
"Ik08_n8_g5,2,2,7,9,8,1",25,0,0,1,0,0,0,0,0,0,0,0,0,0,0
"Ik08_n8_g5,2,2,7,9,8,1",26,0,0,1,0,0,0,0,0,0,0,0,0,0,0
"Ik08_n8_g5,2,2,7,9,8,1",27,0,0,1,0,0,0,0,0,0,0,0,0,0,0
"Ik08_n8_g5,2,2,7,9,8,1",28,0,0,1,0,0,0,0,0,0,0,0,0,0,0
"Ik08_n8_g5,2,2,7,9,8,1",29,0,0,1,0,0,0,0,0,0,0,0,0,0,0
"Ik08_n8_g5,2,2,7,9,8,1",30,0,0,1,0,0,0,0,0,0,0,0,0,0,0
"Ik08_n8_g5,2,2,7,9,8,1",31,0,0,1,0,0,0,0,0,0,0,0,0,0,0
"Ik08_n8_g5,2,2,7,9,8,1",32,0,0,1,0,0,0,0,0,0,0,0,0,0,0
"Ik08_n8_g5,2,2,7,9,8,1",33,0,0,1,0,0,0,0,0,0,0,0,0,0,0
"Ik08_n8_g5,2,2,7,9,8,1",34,0,0,1,0,0,0,0,0,0,0,0,0,0,0
"Ik08_n8_g5,2,2,7,9,8,1",35,0,0,1,0,0,0,0,0,0,0,0,0,0,0
"Ik08_n8_g5,2,2,7,9,8,1",36,0,0,1,0,0,0,0,0,0,0,0,0,0,0
"Ik08_n8_g5,2,2,7,9,8,1",37,0,0,1,0,0,0,0,0,0,0,0,0,0,0
"Ik08_n8_g5,2,2,7,9,8,1",38,0,0,1,0,0,0,0,0,0,0,0,0,0,0
"Ik08_n8_g5,2,2,7,9,8,1",39,0,0,1,0,0,0,0,0,0,0,0,0,0,0
"Ik08_n8_g5,2,2,7,9,8,1",40,0,0,1,0,0,0,0,0,0,0,0,0,0,0
"Ik08_n8_g5,2,2,7,9,8,1",41,0,0,1,0,0,0,0,0,0,0,0,0,0,0
"Ik08_n8_g5,2,2,7,9,8,1",42,0,0,1,0,0,0,0,0,0,0,0,0,0,0
"Ik08_n8_g5,2,2,7,9,8,1",43,0,0,1,0,0,0,0,0,0,0,0,0,0,0
"Ik08_n8_g5,2,2,7,9,8,1",44,0,0,1,0,0,0,0,0,0,0,0,0,0,0
"Ik08_n8_g5,2,2,7,9,8,1",45,0,0,1,0,0,0,0,0,0,0,0,0,0,0
"Ik08_n8_g5,2,2,7,9,8,1",46,0,0,1,0,0,0,0,0,0,0,0,0,0,0
"Ik08_n8_g5,2,2,7,9,8,1",47,0,0,1,0,0,0,0,0,0,0,0,0,0,0
"Ik08_n8_g5,2,2,7,9,8,1",48,0,0,1,0,0,0,0,0,0,0,0,0,0,0
"Ik08_n8_g5,2,2,7,9,8,1",49,0,0,1,0,0,0,0,0,0,0,0,0,0,0
"Ik08_n8_g5,2,2,7,9,8,1",50,0,0,1,0,0,0,0,0,0,0,0,0,0,0
"Ik08_n8_g5,2,2,7,9,8,1",51,0,0,1,0,0,0,0,0,0,0,0,0,0,0
"Ik08_n8_g5,2,2,7,9,8,1",52,0,0,1,0,0,0,0,0,0,0,0,0,0,0
"Ik08_n8_g5,2,2,7,9,8,1",53,0,0,1,0,0,0,0,0,0,0,0,0,0,0
"Ik08_n8_g5,2,2,7,9,8,1",54,0,0,1,0,0,0,0,0,0,0,0,0,0,0
"Ik08_n8_g5,2,2,7,9,8,1",55,0,0,1,0,0,0,0,0,0,0,0,0,0,0
"Ik08_n8_g5,2,2,7,9,8,1",56,0,0,1,0,0,0,0,0,0,0,0,0,0,0
"Ik08_n8_g5,2,2,7,9,8,1",57,0,0,1,0,0,0,0,0,0,0,0,0,0,0
"Ik08_n8_g5,2,2,7,9,8,1",58,0,0,1,0,0,0,0,0,0,0,0,0,0,0
"Ik08_n8_g5,2,2,7,9,8,1",59,0,0,1,0,0,0,0,0,0,0,0,0,0,0
"Ik08_n8_g5,2,2,7,9,8,1",60,0,0,1,0,0,0,0,0,0,0,0,0,1,0
"Ik08_n8_g5,2,2,7,9,8,1",61,0,0,1,0,0,0,0,1,0,0,0,0,1,0
"Ik08_n8_g5,2,2,7,9,8,1",62,0,0,1,0,0,0,0,1,0,0,0,0,1,0
"Ik08_n8_g5,2,2,7,9,8,1",63,0,0,1,0,0,0,0,1,0,0,0,0,1,0
"Ik08_n8_g5,2,2,7,9,8,1",64,0,0,1,0,0,0,0,1,0,0,0,0,1,0
"Ik08_n8_g5,2,2,7,9,8,1",65,0,0,1,0,1,0,0,1,0,0,0,0,0,0
"Ik08_n8_g5,2,2,7,9,8,1",66,0,0,1,0,0,1,0,0,0,0,0,0,0,0
"Ik08_n8_g5,2,2,7,9,8,1",67,0,0,1,0,0,1,0,0,0,0,0,0,1,0
"Ik08_n8_g5,2,2,7,9,8,1",68,0,0,1,0,0,1,0,1,0,0,0,0,1,0
"Ik08_n8_g5,2,2,7,9,8,1",69,0,0,1,0,1,1,0,1,0,0,1,0,0,0
"Ik08_n8_g5,2,2,7,9,8,1",70,0,0,1,0,0,0,1,0,0,0,1,0,0,0
"Ik08_n8_g5,2,2,7,9,8,1",71,0,0,1,0,0,0,1,0,0,0,1,0,0,0
"Ik08_n8_g5,2,2,7,9,8,1",72,0,0,1,0,0,0,1,0,0,0,1,0,0,0
"Ik08_n8_g5,2,2,7,9,8,1",73,0,0,1,0,0,0,1,0,0,0,1,0,0,0
"Ik08_n8_g5,2,2,7,9,8,1",74,0,0,1,0,0,0,1,0,0,0,1,0,0,0
"Ik08_n8_g5,2,2,7,9,8,1",75,0,0,1,0,0,0,1,0,0,0,1,0,0,0
"Ik08_n8_g5,2,2,7,9,8,1",76,0,0,1,0,0,0,1,0,0,0,1,0,1,0
"Ik08_n8_g5,2,2,7,9,8,1",77,0,0,1,0,0,0,1,1,0,0,1,0,1,0
"Ik08_n8_g5,2,2,7,9,8,1",78,0,0,1,0,0,0,1,1,0,0,1,0,1,0
"Ik08_n8_g5,2,2,7,9,8,1",79,0,0,1,0,0,0,1,1,0,0,1,0,1,0
"Ik08_n8_g5,2,2,7,9,8,1",80,0,0,1,0,0,0,1,1,0,0,1,0,1,0
"Ik08_n8_g5,2,2,7,9,8,1",81,0,0,1,0,0,0,1,1,0,0,1,0,1,0
"Ik08_n8_g5,2,2,7,9,8,1",82,0,0,1,0,0,0,1,1,0,0,1,0,1,0
"Ik08_n8_g5,2,2,7,9,8,1",83,0,0,1,0,0,0,1,1,0,0,1,0,1,0
"Ik08_n8_g5,2,2,7,9,8,1",84,0,0,1,0,0,0,1,1,0,0,1,0,1,0
"Ik08_n8_g5,2,2,7,9,8,1",85,0,0,1,0,1,0,1,1,0,0,1,0,0,0
"Ik08_n8_g5,2,2,7,9,8,1",86,0,0,1,0,0,1,1,0,0,0,1,0,0,0
"Ik08_n8_g5,2,2,7,9,8,1",87,0,0,1,0,0,1,1,0,0,0,1,0,0,0
"Ik08_n8_g5,2,2,7,9,8,1",88,0,0,1,0,0,1,1,0,0,0,1,0,0,0
"Ik08_n8_g5,2,2,7,9,8,1",89,0,0,1,0,0,1,1,0,0,0,1,0,0,0
"Ik08_n8_g5,2,2,7,9,8,1",90,0,0,1,0,0,1,1,0,0,0,1,0,0,0
"Ik08_n8_g5,2,2,7,9,8,1",91,0,0,1,0,0,1,1,0,0,0,1,0,0,0
"Ik08_n8_g5,2,2,7,9,8,1",92,0,0,1,0,0,1,1,0,0,0,1,0,0,0
"Ik08_n8_g5,2,2,7,9,8,1",93,0,0,1,0,0,1,1,0,0,0,1,0,1,0
"Ik08_n8_g5,2,2,7,9,8,1",94,0,0,1,0,1,1,1,1,0,1,1,1,0,0
"Ik08_n8_g5,2,2,7,9,8,1",95,0,0,1,0,0,0,0,0,1,1,0,0,0,0
"Ik08_n8_g5,2,2,7,9,8,1",96,0,0,1,0,0,0,0,0,1,1,0,0,0,0
"Ik08_n8_g5,2,2,7,9,8,1",97,0,0,1,0,0,0,0,0,1,1,0,0,0,0
"Ik08_n8_g5,2,2,7,9,8,1",98,0,0,1,0,0,0,0,0,1,1,0,0,0,0
"Ik08_n8_g5,2,2,7,9,8,1",99,0,0,1,0,0,0,0,0,1,1,0,0,0,0
"Ik08_n8_g5,2,2,7,9,8,1",100,0,0,1,0,0,0,0,0,1,1,0,0,0,0
"Ik08_n8_g5,2,2,7,9,8,1",101,0,0,1,0,0,0,0,0,1,1,0,0,0,0
"Ik08_n8_g5,2,2,7,9,8,1",102,0,0,1,0,0,0,0,0,1,1,0,0,0,0
"Ik08_n8_g5,2,2,7,9,8,1",103,0,0,1,0,0,0,0,0,1,1,0,0,0,0
"Ik08_n8_g5,2,2,7,9,8,1",104,0,0,1,0,0,0,0,0,1,1,0,0,0,0
"Ik08_n8_g5,2,2,7,9,8,1",105,0,0,1,0,0,0,0,0,1,1,0,0,0,0
"Ik08_n8_g5,2,2,7,9,8,1",106,0,0,1,0,0,0,0,0,1,1,0,0,0,0
"Ik08_n8_g5,2,2,7,9,8,1",107,0,0,1,0,0,0,0,0,1,1,0,0,0,0
"Ik08_n8_g5,2,2,7,9,8,1",108,0,0,1,0,0,0,0,0,1,1,0,0,0,0
"Ik08_n8_g5,2,2,7,9,8,1",109,0,0,1,0,0,0,0,0,1,1,0,0,0,0
"Ik08_n8_g5,2,2,7,9,8,1",110,0,0,1,0,0,0,0,0,1,1,0,0,0,0
"Ik08_n8_g5,2,2,7,9,8,1",111,0,0,1,0,0,0,0,0,1,1,0,0,0,0
"Ik08_n8_g5,2,2,7,9,8,1",112,0,0,1,0,0,0,0,0,1,1,0,0,0,0
"Ik08_n8_g5,2,2,7,9,8,1",113,0,0,1,0,0,0,0,0,1,1,0,0,0,0
"Ik08_n8_g5,2,2,7,9,8,1",114,0,0,1,0,0,0,0,0,1,1,0,0,0,0
"Ik08_n8_g5,2,2,7,9,8,1",115,0,0,1,0,0,0,0,0,1,1,0,0,0,0
"Ik08_n8_g5,2,2,7,9,8,1",116,0,0,1,0,0,0,0,0,1,1,0,0,0,0
"Ik08_n8_g5,2,2,7,9,8,1",117,0,0,1,0,0,0,0,0,1,1,0,0,0,0
"Ik08_n8_g5,2,2,7,9,8,1",118,0,0,1,0,0,0,0,0,1,1,0,0,0,0
"Ik08_n8_g5,2,2,7,9,8,1",119,0,0,1,0,0,0,0,0,1,1,0,0,0,0
"Ik08_n8_g5,2,2,7,9,8,1",120,0,0,1,0,0,0,0,0,1,1,0,0,0,0
"Ik09_n9_g11,3,7,7,5,1,5,3",0,0,0,1,0,0,0,0,0,0,0,0,0,0,0
"Ik09_n9_g11,3,7,7,5,1,5,3",1,0,0,1,0,0,0,0,0,0,0,0,0,0,0
"Ik09_n9_g11,3,7,7,5,1,5,3",2,0,0,1,0,0,0,0,0,0,0,0,0,0,0
"Ik09_n9_g11,3,7,7,5,1,5,3",3,0,0,1,0,0,0,0,0,0,0,0,0,0,0
"Ik09_n9_g11,3,7,7,5,1,5,3",4,0,0,1,0,0,0,0,0,0,0,0,0,0,0
"Ik09_n9_g11,3,7,7,5,1,5,3",5,0,0,1,0,0,0,0,0,0,0,0,0,0,0
"Ik09_n9_g11,3,7,7,5,1,5,3",6,0,0,1,0,0,0,0,0,0,0,0,0,0,0
"Ik09_n9_g11,3,7,7,5,1,5,3",7,0,0,1,0,0,0,0,0,0,0,0,0,0,0
"Ik09_n9_g11,3,7,7,5,1,5,3",8,0,0,1,0,0,0,0,0,0,0,0,0,0,0
"Ik09_n9_g11,3,7,7,5,1,5,3",9,0,0,1,0,0,0,0,0,0,0,0,0,0,0
"Ik09_n9_g11,3,7,7,5,1,5,3",10,0,0,1,0,0,0,0,0,0,0,0,0,0,0
"Ik09_n9_g11,3,7,7,5,1,5,3",11,0,0,1,0,0,0,0,0,0,0,0,0,0,0
"Ik09_n9_g11,3,7,7,5,1,5,3",12,0,0,1,0,0,0,0,0,0,0,0,0,0,0
"Ik09_n9_g11,3,7,7,5,1,5,3",13,0,0,1,0,0,0,0,0,0,0,0,0,0,0
"Ik09_n9_g11,3,7,7,5,1,5,3",14,0,0,1,0,0,0,0,0,0,0,0,0,0,0
"Ik09_n9_g11,3,7,7,5,1,5,3",15,0,0,1,0,0,0,0,0,0,0,0,0,0,0
"Ik09_n9_g11,3,7,7,5,1,5,3",16,0,0,1,0,0,0,0,0,0,0,0,0,0,0
"Ik09_n9_g11,3,7,7,5,1,5,3",17,0,0,1,0,0,0,0,0,0,0,0,0,0,0
"Ik09_n9_g11,3,7,7,5,1,5,3",18,0,0,1,0,0,0,0,0,0,0,0,0,0,0
"Ik09_n9_g11,3,7,7,5,1,5,3",19,0,0,1,0,0,0,0,0,0,0,0,0,0,0
"Ik09_n9_g11,3,7,7,5,1,5,3",20,0,0,1,0,0,0,0,0,0,0,0,0,0,0
"Ik09_n9_g11,3,7,7,5,1,5,3",21,0,0,1,0,0,0,0,0,0,0,0,0,0,0
"Ik09_n9_g11,3,7,7,5,1,5,3",22,0,0,1,0,0,0,0,0,0,0,0,0,1,0
"Ik09_n9_g11,3,7,7,5,1,5,3",23,0,0,1,0,0,0,0,1,0,0,0,0,1,0
"Ik09_n9_g11,3,7,7,5,1,5,3",24,0,0,1,0,0,0,0,1,0,0,0,0,1,0
"Ik09_n9_g11,3,7,7,5,1,5,3",25,0,0,1,0,0,0,0,1,0,0,0,0,1,0
"Ik09_n9_g11,3,7,7,5,1,5,3",26,0,0,1,0,0,0,0,1,0,0,0,0,1,0
"Ik09_n9_g11,3,7,7,5,1,5,3",27,0,0,1,0,0,0,0,1,0,0,0,0,1,0
"Ik09_n9_g11,3,7,7,5,1,5,3",28,0,0,1,0,0,0,0,1,0,0,0,0,1,0
"Ik09_n9_g11,3,7,7,5,1,5,3",29,0,0,1,0,0,0,0,1,0,0,0,0,1,0
"Ik09_n9_g11,3,7,7,5,1,5,3",30,0,0,1,0,0,0,0,1,0,0,0,0,1,0
"Ik09_n9_g11,3,7,7,5,1,5,3",31,0,0,1,0,0,0,0,1,0,0,0,0,1,0
"Ik09_n9_g11,3,7,7,5,1,5,3",32,0,0,1,0,0,0,0,1,0,0,0,0,1,0
"Ik09_n9_g11,3,7,7,5,1,5,3",33,0,0,1,0,1,0,0,1,0,0,0,0,0,0
"Ik09_n9_g11,3,7,7,5,1,5,3",34,0,0,1,0,0,1,0,0,0,0,0,0,0,0
"Ik09_n9_g11,3,7,7,5,1,5,3",35,0,0,1,0,0,1,0,0,0,0,0,0,0,0
"Ik09_n9_g11,3,7,7,5,1,5,3",36,0,0,1,0,0,1,0,0,0,0,0,0,1,0
"Ik09_n9_g11,3,7,7,5,1,5,3",37,0,0,1,0,0,1,0,1,0,0,0,0,1,0
"Ik09_n9_g11,3,7,7,5,1,5,3",38,0,0,1,0,0,1,0,1,0,0,0,0,1,0
"Ik09_n9_g11,3,7,7,5,1,5,3",39,0,0,1,0,0,1,0,1,0,0,0,0,1,0
"Ik09_n9_g11,3,7,7,5,1,5,3",40,0,0,1,0,0,1,0,1,0,0,0,0,1,0
"Ik09_n9_g11,3,7,7,5,1,5,3",41,0,0,1,0,0,1,0,1,0,0,0,0,1,0
"Ik09_n9_g11,3,7,7,5,1,5,3",42,0,0,1,0,0,1,0,1,0,0,0,0,1,0
"Ik09_n9_g11,3,7,7,5,1,5,3",43,0,0,1,0,1,1,0,1,0,0,1,0,0,0
"Ik09_n9_g11,3,7,7,5,1,5,3",44,0,0,1,0,0,0,1,0,0,0,1,0,0,0
"Ik09_n9_g11,3,7,7,5,1,5,3",45,0,0,1,0,0,0,1,0,0,0,1,0,0,0
"Ik09_n9_g11,3,7,7,5,1,5,3",46,0,0,1,0,0,0,1,0,0,0,1,0,0,0
"Ik09_n9_g11,3,7,7,5,1,5,3",47,0,0,1,0,0,0,1,0,0,0,1,0,0,0
"Ik09_n9_g11,3,7,7,5,1,5,3",48,0,0,1,0,0,0,1,0,0,0,1,0,0,0
"Ik09_n9_g11,3,7,7,5,1,5,3",49,0,0,1,0,0,0,1,0,0,0,1,0,0,0
"Ik09_n9_g11,3,7,7,5,1,5,3",50,0,0,1,0,0,0,1,0,0,0,1,0,1,0
"Ik09_n9_g11,3,7,7,5,1,5,3",51,0,0,1,0,0,0,1,1,0,0,1,0,1,0
"Ik09_n9_g11,3,7,7,5,1,5,3",52,0,0,1,0,0,0,1,1,0,0,1,0,1,0
"Ik09_n9_g11,3,7,7,5,1,5,3",53,0,0,1,0,0,0,1,1,0,0,1,0,1,0
"Ik09_n9_g11,3,7,7,5,1,5,3",54,0,0,1,0,0,0,1,1,0,0,1,0,1,0
"Ik09_n9_g11,3,7,7,5,1,5,3",55,0,0,1,0,1,0,1,1,0,0,1,0,0,0
"Ik09_n9_g11,3,7,7,5,1,5,3",56,0,0,1,0,0,1,1,0,0,0,1,0,1,0
"Ik09_n9_g11,3,7,7,5,1,5,3",57,0,0,1,0,0,1,1,1,0,0,1,0,1,0
"Ik09_n9_g11,3,7,7,5,1,5,3",58,0,0,1,0,0,1,1,1,0,0,1,0,1,0
"Ik09_n9_g11,3,7,7,5,1,5,3",59,0,0,1,0,0,1,1,1,0,0,1,0,1,0
"Ik09_n9_g11,3,7,7,5,1,5,3",60,0,0,1,0,0,1,1,1,0,0,1,0,1,0
"Ik09_n9_g11,3,7,7,5,1,5,3",61,0,0,1,0,1,1,1,1,0,1,1,1,0,0
"Ik09_n9_g11,3,7,7,5,1,5,3",62,0,0,1,0,0,0,0,0,1,1,0,0,0,0
"Ik09_n9_g11,3,7,7,5,1,5,3",63,0,0,1,0,0,0,0,0,1,1,0,0,0,0
"Ik09_n9_g11,3,7,7,5,1,5,3",64,0,0,1,0,0,0,0,0,1,1,0,0,1,0
"Ik09_n9_g11,3,7,7,5,1,5,3",65,0,0,1,0,0,0,0,1,1,1,0,0,1,0
"Ik09_n9_g11,3,7,7,5,1,5,3",66,0,0,1,0,0,0,0,1,1,1,0,0,1,0
"Ik09_n9_g11,3,7,7,5,1,5,3",67,0,0,1,0,0,0,0,1,1,1,0,0,1,0
"Ik09_n9_g11,3,7,7,5,1,5,3",68,0,0,1,0,0,0,0,1,1,1,0,0,1,0
"Ik09_n9_g11,3,7,7,5,1,5,3",69,0,0,1,0,0,0,0,1,1,1,0,0,1,0
"Ik09_n9_g11,3,7,7,5,1,5,3",70,0,0,1,0,0,0,0,1,1,1,0,0,1,0
"Ik09_n9_g11,3,7,7,5,1,5,3",71,0,0,1,0,0,0,0,1,1,1,0,0,1,0
"Ik09_n9_g11,3,7,7,5,1,5,3",72,0,0,1,0,0,0,0,1,1,1,0,0,1,0
"Ik09_n9_g11,3,7,7,5,1,5,3",73,0,0,1,0,0,0,0,1,1,1,0,0,1,0
"Ik09_n9_g11,3,7,7,5,1,5,3",74,0,0,1,0,0,0,0,1,1,1,0,0,1,0
"Ik09_n9_g11,3,7,7,5,1,5,3",75,0,0,1,0,0,0,0,1,1,1,0,0,1,0
"Ik09_n9_g11,3,7,7,5,1,5,3",76,0,0,1,0,0,0,0,1,1,1,0,0,1,0
"Ik09_n9_g11,3,7,7,5,1,5,3",77,0,0,1,0,0,0,0,1,1,1,0,0,1,0
"Ik09_n9_g11,3,7,7,5,1,5,3",78,0,0,1,0,0,0,0,1,1,1,0,0,1,0
"Ik09_n9_g11,3,7,7,5,1,5,3",79,0,0,1,0,0,0,0,1,1,1,0,0,1,0
"Ik09_n9_g11,3,7,7,5,1,5,3",80,0,0,1,0,0,0,0,1,1,1,0,0,1,0
"Ik09_n9_g11,3,7,7,5,1,5,3",81,0,0,1,0,0,0,0,1,1,1,0,0,1,0
"Ik09_n9_g11,3,7,7,5,1,5,3",82,0,0,1,0,0,0,0,1,1,1,0,0,1,0
"Ik09_n9_g11,3,7,7,5,1,5,3",83,0,0,1,0,0,0,0,1,1,1,0,0,1,0
"Ik09_n9_g11,3,7,7,5,1,5,3",84,0,0,1,0,0,0,0,1,1,1,0,0,1,0
"Ik09_n9_g11,3,7,7,5,1,5,3",85,0,0,1,0,0,0,0,1,1,1,0,0,1,0
"Ik09_n9_g11,3,7,7,5,1,5,3",86,0,0,1,0,0,0,0,1,1,1,0,0,1,0
"Ik09_n9_g11,3,7,7,5,1,5,3",87,0,0,1,0,0,0,0,1,1,1,0,0,1,0
"Ik09_n9_g11,3,7,7,5,1,5,3",88,0,0,1,0,0,0,0,1,1,1,0,0,1,0
"Ik09_n9_g11,3,7,7,5,1,5,3",89,0,0,1,0,0,0,0,1,1,1,0,0,1,0
"Ik09_n9_g11,3,7,7,5,1,5,3",90,0,0,1,0,0,0,0,1,1,1,0,0,1,0
"Ik09_n9_g11,3,7,7,5,1,5,3",91,0,0,1,0,0,0,0,1,1,1,0,0,1,0
"Ik09_n9_g11,3,7,7,5,1,5,3",92,0,0,1,0,0,0,0,1,1,1,0,0,1,0
"Ik09_n9_g11,3,7,7,5,1,5,3",93,0,0,1,0,0,0,0,1,1,1,0,0,1,0
"Ik09_n9_g11,3,7,7,5,1,5,3",94,0,0,1,0,0,0,0,1,1,1,0,0,1,0
"Ik09_n9_g11,3,7,7,5,1,5,3",95,0,0,1,0,0,0,0,1,1,1,0,0,1,0
"Ik09_n9_g11,3,7,7,5,1,5,3",96,0,0,1,0,0,0,0,1,1,1,0,0,1,0
"Ik09_n9_g11,3,7,7,5,1,5,3",97,0,0,1,0,0,0,0,1,1,1,0,0,1,0
"Ik09_n9_g11,3,7,7,5,1,5,3",98,0,0,1,0,0,0,0,1,1,1,0,0,1,0
"Ik09_n9_g11,3,7,7,5,1,5,3",99,0,0,1,0,0,0,0,1,1,1,0,0,1,0
"Ik09_n9_g11,3,7,7,5,1,5,3",100,0,0,1,0,0,0,0,1,1,1,0,0,1,0
"Ik09_n9_g11,3,7,7,5,1,5,3",101,0,0,1,0,0,0,0,1,1,1,0,0,1,0
"Ik09_n9_g11,3,7,7,5,1,5,3",102,0,0,1,0,0,0,0,1,1,1,0,0,1,0
"Ik09_n9_g11,3,7,7,5,1,5,3",103,0,0,1,0,0,0,0,1,1,1,0,0,1,0
"Ik09_n9_g11,3,7,7,5,1,5,3",104,0,0,1,0,0,0,0,1,1,1,0,0,1,0
"Ik09_n9_g11,3,7,7,5,1,5,3",105,0,0,1,0,0,0,0,1,1,1,0,0,1,0
"Ik09_n9_g11,3,7,7,5,1,5,3",106,0,0,1,0,0,0,0,1,1,1,0,0,1,0
"Ik09_n9_g11,3,7,7,5,1,5,3",107,0,0,1,0,0,0,0,1,1,1,0,0,1,0
"Ik09_n9_g11,3,7,7,5,1,5,3",108,0,0,1,0,0,0,0,1,1,1,0,0,1,0
"Ik09_n9_g11,3,7,7,5,1,5,3",109,0,0,1,0,0,0,0,1,1,1,0,0,1,0
"Ik09_n9_g11,3,7,7,5,1,5,3",110,0,0,1,0,0,0,0,1,1,1,0,0,1,0
"Ik09_n9_g11,3,7,7,5,1,5,3",111,0,0,1,0,0,0,0,1,1,1,0,0,1,0
"Ik09_n9_g11,3,7,7,5,1,5,3",112,0,0,1,0,0,0,0,1,1,1,0,0,1,0
"Ik09_n9_g11,3,7,7,5,1,5,3",113,0,0,1,0,0,0,0,1,1,1,0,0,1,0
"Ik09_n9_g11,3,7,7,5,1,5,3",114,0,0,1,0,0,0,0,1,1,1,0,0,1,0
"Ik09_n9_g11,3,7,7,5,1,5,3",115,0,0,1,0,0,0,0,1,1,1,0,0,1,0
"Ik09_n9_g11,3,7,7,5,1,5,3",116,0,0,1,0,0,0,0,1,1,1,0,0,1,0
"Ik09_n9_g11,3,7,7,5,1,5,3",117,0,0,1,0,0,0,0,1,1,1,0,0,1,0
"Ik09_n9_g11,3,7,7,5,1,5,3",118,0,0,1,0,0,0,0,1,1,1,0,0,1,0
"Ik09_n9_g11,3,7,7,5,1,5,3",119,0,0,1,0,0,0,0,1,1,1,0,0,1,0
"Ik09_n9_g11,3,7,7,5,1,5,3",120,0,0,1,0,0,0,0,1,1,1,0,0,1,0
"Ik10_n10_g8,5,9,6,6,8,9,9,1",0,0,0,1,0,0,0,0,0,0,0,0,0,0,0
"Ik10_n10_g8,5,9,6,6,8,9,9,1",1,0,0,1,0,0,0,0,0,0,0,0,0,0,0
"Ik10_n10_g8,5,9,6,6,8,9,9,1",2,0,0,1,0,0,0,0,0,0,0,0,0,0,0
"Ik10_n10_g8,5,9,6,6,8,9,9,1",3,0,0,1,0,0,0,0,0,0,0,0,0,0,0
"Ik10_n10_g8,5,9,6,6,8,9,9,1",4,0,0,1,0,0,0,0,0,0,0,0,0,0,0
"Ik10_n10_g8,5,9,6,6,8,9,9,1",5,0,0,1,0,0,0,0,0,0,0,0,0,0,0
"Ik10_n10_g8,5,9,6,6,8,9,9,1",6,0,0,1,0,0,0,0,0,0,0,0,0,0,0
"Ik10_n10_g8,5,9,6,6,8,9,9,1",7,0,0,1,0,0,0,0,0,0,0,0,0,0,0
"Ik10_n10_g8,5,9,6,6,8,9,9,1",8,0,0,1,0,0,0,0,0,0,0,0,0,0,0
"Ik10_n10_g8,5,9,6,6,8,9,9,1",9,0,0,1,0,0,0,0,0,0,0,0,0,0,0
"Ik10_n10_g8,5,9,6,6,8,9,9,1",10,0,0,1,0,0,0,0,0,0,0,0,0,0,0
"Ik10_n10_g8,5,9,6,6,8,9,9,1",11,0,0,1,0,0,0,0,0,0,0,0,0,0,0
"Ik10_n10_g8,5,9,6,6,8,9,9,1",12,0,0,1,0,0,0,0,0,0,0,0,0,1,0
"Ik10_n10_g8,5,9,6,6,8,9,9,1",13,0,0,1,0,0,0,0,1,0,0,0,0,1,0
"Ik10_n10_g8,5,9,6,6,8,9,9,1",14,0,0,1,0,0,0,0,1,0,0,0,0,1,0
"Ik10_n10_g8,5,9,6,6,8,9,9,1",15,0,0,1,0,0,0,0,1,0,0,0,0,1,0
"Ik10_n10_g8,5,9,6,6,8,9,9,1",16,0,0,1,0,0,0,0,1,0,0,0,0,1,0
"Ik10_n10_g8,5,9,6,6,8,9,9,1",17,0,0,1,0,0,0,0,1,0,0,0,0,1,0
"Ik10_n10_g8,5,9,6,6,8,9,9,1",18,0,0,1,0,0,0,0,1,0,0,0,0,1,0
"Ik10_n10_g8,5,9,6,6,8,9,9,1",19,0,0,1,0,0,0,0,1,0,0,0,0,1,0
"Ik10_n10_g8,5,9,6,6,8,9,9,1",20,0,0,1,0,1,0,0,1,0,0,0,0,0,0
"Ik10_n10_g8,5,9,6,6,8,9,9,1",21,0,0,1,0,0,1,0,0,0,0,0,0,0,0
"Ik10_n10_g8,5,9,6,6,8,9,9,1",22,0,0,1,0,0,1,0,0,0,0,0,0,0,0
"Ik10_n10_g8,5,9,6,6,8,9,9,1",23,0,0,1,0,0,1,0,0,0,0,0,0,0,0
"Ik10_n10_g8,5,9,6,6,8,9,9,1",24,0,0,1,0,0,1,0,0,0,0,0,0,0,0
"Ik10_n10_g8,5,9,6,6,8,9,9,1",25,0,0,1,0,0,1,0,0,0,0,0,0,1,0
"Ik10_n10_g8,5,9,6,6,8,9,9,1",26,0,0,1,0,0,1,0,1,0,0,0,0,1,0
"Ik10_n10_g8,5,9,6,6,8,9,9,1",27,0,0,1,0,0,1,0,1,0,0,0,0,1,0
"Ik10_n10_g8,5,9,6,6,8,9,9,1",28,0,0,1,0,0,1,0,1,0,0,0,0,1,0
"Ik10_n10_g8,5,9,6,6,8,9,9,1",29,0,0,1,0,0,1,0,1,0,0,0,0,1,0
"Ik10_n10_g8,5,9,6,6,8,9,9,1",30,0,0,1,0,0,1,0,1,0,0,0,0,1,0
"Ik10_n10_g8,5,9,6,6,8,9,9,1",31,0,0,1,0,0,1,0,1,0,0,0,0,1,0
"Ik10_n10_g8,5,9,6,6,8,9,9,1",32,0,0,1,0,0,1,0,1,0,0,0,0,1,0
"Ik10_n10_g8,5,9,6,6,8,9,9,1",33,0,0,1,0,0,1,0,1,0,0,0,0,1,0
"Ik10_n10_g8,5,9,6,6,8,9,9,1",34,0,0,1,0,1,1,0,1,0,0,1,0,0,0
"Ik10_n10_g8,5,9,6,6,8,9,9,1",35,0,0,1,0,0,0,1,0,0,0,1,0,0,0
"Ik10_n10_g8,5,9,6,6,8,9,9,1",36,0,0,1,0,0,0,1,0,0,0,1,0,0,0
"Ik10_n10_g8,5,9,6,6,8,9,9,1",37,0,0,1,0,0,0,1,0,0,0,1,0,0,0
"Ik10_n10_g8,5,9,6,6,8,9,9,1",38,0,0,1,0,0,0,1,0,0,0,1,0,0,0
"Ik10_n10_g8,5,9,6,6,8,9,9,1",39,0,0,1,0,0,0,1,0,0,0,1,0,0,0
"Ik10_n10_g8,5,9,6,6,8,9,9,1",40,0,0,1,0,0,0,1,0,0,0,1,0,1,0
"Ik10_n10_g8,5,9,6,6,8,9,9,1",41,0,0,1,0,0,0,1,1,0,0,1,0,1,0
"Ik10_n10_g8,5,9,6,6,8,9,9,1",42,0,0,1,0,0,0,1,1,0,0,1,0,1,0
"Ik10_n10_g8,5,9,6,6,8,9,9,1",43,0,0,1,0,0,0,1,1,0,0,1,0,1,0
"Ik10_n10_g8,5,9,6,6,8,9,9,1",44,0,0,1,0,0,0,1,1,0,0,1,0,1,0
"Ik10_n10_g8,5,9,6,6,8,9,9,1",45,0,0,1,0,0,0,1,1,0,0,1,0,1,0
"Ik10_n10_g8,5,9,6,6,8,9,9,1",46,0,0,1,0,1,0,1,1,0,0,1,0,0,0
"Ik10_n10_g8,5,9,6,6,8,9,9,1",47,0,0,1,0,0,1,1,0,0,0,1,0,0,0
"Ik10_n10_g8,5,9,6,6,8,9,9,1",48,0,0,1,0,0,1,1,0,0,0,1,0,0,0
"Ik10_n10_g8,5,9,6,6,8,9,9,1",49,0,0,1,0,0,1,1,0,0,0,1,0,0,0
"Ik10_n10_g8,5,9,6,6,8,9,9,1",50,0,0,1,0,0,1,1,0,0,0,1,0,0,0
"Ik10_n10_g8,5,9,6,6,8,9,9,1",51,0,0,1,0,0,1,1,0,0,0,1,0,0,0
"Ik10_n10_g8,5,9,6,6,8,9,9,1",52,0,0,1,0,0,1,1,0,0,0,1,0,0,0
"Ik10_n10_g8,5,9,6,6,8,9,9,1",53,0,0,1,0,0,1,1,0,0,0,1,0,0,0
"Ik10_n10_g8,5,9,6,6,8,9,9,1",54,0,0,1,0,0,1,1,0,0,0,1,0,1,0
"Ik10_n10_g8,5,9,6,6,8,9,9,1",55,0,0,1,0,0,1,1,1,0,0,1,0,1,0
"Ik10_n10_g8,5,9,6,6,8,9,9,1",56,0,0,1,0,0,1,1,1,0,0,1,0,1,0
"Ik10_n10_g8,5,9,6,6,8,9,9,1",57,0,0,1,0,0,1,1,1,0,0,1,0,1,0
"Ik10_n10_g8,5,9,6,6,8,9,9,1",58,0,0,1,0,0,1,1,1,0,0,1,0,1,0
"Ik10_n10_g8,5,9,6,6,8,9,9,1",59,0,0,1,0,0,1,1,1,0,0,1,0,1,0
"Ik10_n10_g8,5,9,6,6,8,9,9,1",60,0,0,1,0,0,1,1,1,0,0,1,0,1,0
"Ik10_n10_g8,5,9,6,6,8,9,9,1",61,0,0,1,0,0,1,1,1,0,0,1,0,1,0
"Ik10_n10_g8,5,9,6,6,8,9,9,1",62,0,0,1,0,0,1,1,1,0,0,1,0,1,0
"Ik10_n10_g8,5,9,6,6,8,9,9,1",63,0,0,1,0,1,1,1,1,0,1,1,1,0,0
"Ik10_n10_g8,5,9,6,6,8,9,9,1",64,0,0,1,0,0,0,0,0,1,1,0,0,0,0
"Ik10_n10_g8,5,9,6,6,8,9,9,1",65,0,0,1,0,0,0,0,0,1,1,0,0,0,0
"Ik10_n10_g8,5,9,6,6,8,9,9,1",66,0,0,1,0,0,0,0,0,1,1,0,0,0,0
"Ik10_n10_g8,5,9,6,6,8,9,9,1",67,0,0,1,0,0,0,0,0,1,1,0,0,0,0
"Ik10_n10_g8,5,9,6,6,8,9,9,1",68,0,0,1,0,0,0,0,0,1,1,0,0,0,0
"Ik10_n10_g8,5,9,6,6,8,9,9,1",69,0,0,1,0,0,0,0,0,1,1,0,0,0,0
"Ik10_n10_g8,5,9,6,6,8,9,9,1",70,0,0,1,0,0,0,0,0,1,1,0,0,0,0
"Ik10_n10_g8,5,9,6,6,8,9,9,1",71,0,0,1,0,0,0,0,0,1,1,0,0,0,0
"Ik10_n10_g8,5,9,6,6,8,9,9,1",72,0,0,1,0,0,0,0,0,1,1,0,0,1,0
"Ik10_n10_g8,5,9,6,6,8,9,9,1",73,0,0,1,0,1,0,0,1,1,1,0,0,0,0
"Ik10_n10_g8,5,9,6,6,8,9,9,1",74,0,0,1,0,0,1,0,0,1,1,0,0,0,0
"Ik10_n10_g8,5,9,6,6,8,9,9,1",75,0,0,1,0,0,1,0,0,1,1,0,0,0,0
"Ik10_n10_g8,5,9,6,6,8,9,9,1",76,0,0,1,0,0,1,0,0,1,1,0,0,0,0
"Ik10_n10_g8,5,9,6,6,8,9,9,1",77,0,0,1,0,0,1,0,0,1,1,0,0,0,0
"Ik10_n10_g8,5,9,6,6,8,9,9,1",78,0,0,1,0,0,1,0,0,1,1,0,0,0,0
"Ik10_n10_g8,5,9,6,6,8,9,9,1",79,0,0,1,0,0,1,0,0,1,1,0,0,0,0
"Ik10_n10_g8,5,9,6,6,8,9,9,1",80,0,0,1,0,0,1,0,0,1,1,0,0,0,0
"Ik10_n10_g8,5,9,6,6,8,9,9,1",81,0,0,1,0,0,1,0,0,1,1,0,0,0,0
"Ik10_n10_g8,5,9,6,6,8,9,9,1",82,0,0,1,0,0,1,0,0,1,1,0,0,0,0
"Ik10_n10_g8,5,9,6,6,8,9,9,1",83,0,0,1,0,0,1,0,0,1,1,0,0,0,0
"Ik10_n10_g8,5,9,6,6,8,9,9,1",84,0,0,1,0,0,1,0,0,1,1,0,0,0,0
"Ik10_n10_g8,5,9,6,6,8,9,9,1",85,0,0,1,0,0,1,0,0,1,1,0,0,0,0
"Ik10_n10_g8,5,9,6,6,8,9,9,1",86,0,0,1,0,0,1,0,0,1,1,0,0,0,0
"Ik10_n10_g8,5,9,6,6,8,9,9,1",87,0,0,1,0,0,1,0,0,1,1,0,0,0,0
"Ik10_n10_g8,5,9,6,6,8,9,9,1",88,0,0,1,0,0,1,0,0,1,1,0,0,0,0
"Ik10_n10_g8,5,9,6,6,8,9,9,1",89,0,0,1,0,0,1,0,0,1,1,0,0,0,0
"Ik10_n10_g8,5,9,6,6,8,9,9,1",90,0,0,1,0,0,1,0,0,1,1,0,0,0,0
"Ik10_n10_g8,5,9,6,6,8,9,9,1",91,0,0,1,0,0,1,0,0,1,1,0,0,0,0
"Ik10_n10_g8,5,9,6,6,8,9,9,1",92,0,0,1,0,0,1,0,0,1,1,0,0,0,0
"Ik10_n10_g8,5,9,6,6,8,9,9,1",93,0,0,1,0,0,1,0,0,1,1,0,0,0,0
"Ik10_n10_g8,5,9,6,6,8,9,9,1",94,0,0,1,0,0,1,0,0,1,1,0,0,0,0
"Ik10_n10_g8,5,9,6,6,8,9,9,1",95,0,0,1,0,0,1,0,0,1,1,0,0,0,0
"Ik10_n10_g8,5,9,6,6,8,9,9,1",96,0,0,1,0,0,1,0,0,1,1,0,0,0,0
"Ik10_n10_g8,5,9,6,6,8,9,9,1",97,0,0,1,0,0,1,0,0,1,1,0,0,0,0
"Ik10_n10_g8,5,9,6,6,8,9,9,1",98,0,0,1,0,0,1,0,0,1,1,0,0,0,0
"Ik10_n10_g8,5,9,6,6,8,9,9,1",99,0,0,1,0,0,1,0,0,1,1,0,0,0,0
"Ik10_n10_g8,5,9,6,6,8,9,9,1",100,0,0,1,0,0,1,0,0,1,1,0,0,0,0
"Ik10_n10_g8,5,9,6,6,8,9,9,1",101,0,0,1,0,0,1,0,0,1,1,0,0,0,0
"Ik10_n10_g8,5,9,6,6,8,9,9,1",102,0,0,1,0,0,1,0,0,1,1,0,0,0,0
"Ik10_n10_g8,5,9,6,6,8,9,9,1",103,0,0,1,0,0,1,0,0,1,1,0,0,0,0
"Ik10_n10_g8,5,9,6,6,8,9,9,1",104,0,0,1,0,0,1,0,0,1,1,0,0,0,0
"Ik10_n10_g8,5,9,6,6,8,9,9,1",105,0,0,1,0,0,1,0,0,1,1,0,0,0,0
"Ik10_n10_g8,5,9,6,6,8,9,9,1",106,0,0,1,0,0,1,0,0,1,1,0,0,0,0
"Ik10_n10_g8,5,9,6,6,8,9,9,1",107,0,0,1,0,0,1,0,0,1,1,0,0,0,0
"Ik10_n10_g8,5,9,6,6,8,9,9,1",108,0,0,1,0,0,1,0,0,1,1,0,0,0,0
"Ik10_n10_g8,5,9,6,6,8,9,9,1",109,0,0,1,0,0,1,0,0,1,1,0,0,0,0
"Ik10_n10_g8,5,9,6,6,8,9,9,1",110,0,0,1,0,0,1,0,0,1,1,0,0,0,0
"Ik10_n10_g8,5,9,6,6,8,9,9,1",111,0,0,1,0,0,1,0,0,1,1,0,0,0,0
"Ik10_n10_g8,5,9,6,6,8,9,9,1",112,0,0,1,0,0,1,0,0,1,1,0,0,0,0
"Ik10_n10_g8,5,9,6,6,8,9,9,1",113,0,0,1,0,0,1,0,0,1,1,0,0,0,0
"Ik10_n10_g8,5,9,6,6,8,9,9,1",114,0,0,1,0,0,1,0,0,1,1,0,0,0,0
"Ik10_n10_g8,5,9,6,6,8,9,9,1",115,0,0,1,0,0,1,0,0,1,1,0,0,0,0
"Ik10_n10_g8,5,9,6,6,8,9,9,1",116,0,0,1,0,0,1,0,0,1,1,0,0,0,0
"Ik10_n10_g8,5,9,6,6,8,9,9,1",117,0,0,1,0,0,1,0,0,1,1,0,0,0,0
"Ik10_n10_g8,5,9,6,6,8,9,9,1",118,0,0,1,0,0,1,0,0,1,1,0,0,0,0
"Ik10_n10_g8,5,9,6,6,8,9,9,1",119,0,0,1,0,0,1,0,0,1,1,0,0,0,0
"Ik10_n10_g8,5,9,6,6,8,9,9,1",120,0,0,1,0,0,1,0,0,1,1,0,0,0,0
"Ik11_n11_g3,4,7,8,6,10,4,5,9,4",0,0,0,1,0,0,0,0,0,0,0,0,0,0,0
"Ik11_n11_g3,4,7,8,6,10,4,5,9,4",1,0,0,1,0,0,0,0,0,0,0,0,0,0,0
"Ik11_n11_g3,4,7,8,6,10,4,5,9,4",2,0,0,1,0,0,0,0,0,0,0,0,0,0,0
"Ik11_n11_g3,4,7,8,6,10,4,5,9,4",3,0,0,1,0,0,0,0,0,0,0,0,0,0,0
"Ik11_n11_g3,4,7,8,6,10,4,5,9,4",4,0,0,1,0,0,0,0,0,0,0,0,0,0,0
"Ik11_n11_g3,4,7,8,6,10,4,5,9,4",5,0,0,1,0,0,0,0,0,0,0,0,0,0,0
"Ik11_n11_g3,4,7,8,6,10,4,5,9,4",6,0,0,1,0,0,0,0,0,0,0,0,0,0,0
"Ik11_n11_g3,4,7,8,6,10,4,5,9,4",7,0,0,1,0,0,0,0,0,0,0,0,0,0,0
"Ik11_n11_g3,4,7,8,6,10,4,5,9,4",8,0,0,1,0,0,0,0,0,0,0,0,0,0,0
"Ik11_n11_g3,4,7,8,6,10,4,5,9,4",9,0,0,1,0,0,0,0,0,0,0,0,0,0,0
"Ik11_n11_g3,4,7,8,6,10,4,5,9,4",10,0,0,1,0,0,0,0,0,0,0,0,0,0,0
"Ik11_n11_g3,4,7,8,6,10,4,5,9,4",11,0,0,1,0,0,0,0,0,0,0,0,0,0,0
"Ik11_n11_g3,4,7,8,6,10,4,5,9,4",12,0,0,1,0,0,0,0,0,0,0,0,0,0,0
"Ik11_n11_g3,4,7,8,6,10,4,5,9,4",13,0,0,1,0,0,0,0,0,0,0,0,0,0,0
"Ik11_n11_g3,4,7,8,6,10,4,5,9,4",14,0,0,1,0,0,0,0,0,0,0,0,0,0,0
"Ik11_n11_g3,4,7,8,6,10,4,5,9,4",15,0,0,1,0,0,0,0,0,0,0,0,0,0,0
"Ik11_n11_g3,4,7,8,6,10,4,5,9,4",16,0,0,1,0,0,0,0,0,0,0,0,0,0,0
"Ik11_n11_g3,4,7,8,6,10,4,5,9,4",17,0,0,1,0,0,0,0,0,0,0,0,0,0,0
"Ik11_n11_g3,4,7,8,6,10,4,5,9,4",18,0,0,1,0,0,0,0,0,0,0,0,0,0,0
"Ik11_n11_g3,4,7,8,6,10,4,5,9,4",19,0,0,1,0,0,0,0,0,0,0,0,0,0,0
"Ik11_n11_g3,4,7,8,6,10,4,5,9,4",20,0,0,1,0,0,0,0,0,0,0,0,0,0,0
"Ik11_n11_g3,4,7,8,6,10,4,5,9,4",21,0,0,1,0,0,0,0,0,0,0,0,0,0,0
"Ik11_n11_g3,4,7,8,6,10,4,5,9,4",22,0,0,1,0,0,0,0,0,0,0,0,0,0,0
"Ik11_n11_g3,4,7,8,6,10,4,5,9,4",23,0,0,1,0,0,0,0,0,0,0,0,0,0,0
"Ik11_n11_g3,4,7,8,6,10,4,5,9,4",24,0,0,1,0,0,0,0,0,0,0,0,0,0,0
"Ik11_n11_g3,4,7,8,6,10,4,5,9,4",25,0,0,1,0,0,0,0,0,0,0,0,0,0,0
"Ik11_n11_g3,4,7,8,6,10,4,5,9,4",26,0,0,1,0,0,0,0,0,0,0,0,0,0,0
"Ik11_n11_g3,4,7,8,6,10,4,5,9,4",27,0,0,1,0,0,0,0,0,0,0,0,0,0,0
"Ik11_n11_g3,4,7,8,6,10,4,5,9,4",28,0,0,1,0,0,0,0,0,0,0,0,0,0,0
"Ik11_n11_g3,4,7,8,6,10,4,5,9,4",29,0,0,1,0,0,0,0,0,0,0,0,0,0,0
"Ik11_n11_g3,4,7,8,6,10,4,5,9,4",30,0,0,1,0,0,0,0,0,0,0,0,0,0,0
"Ik11_n11_g3,4,7,8,6,10,4,5,9,4",31,0,0,1,0,0,0,0,0,0,0,0,0,0,0
"Ik11_n11_g3,4,7,8,6,10,4,5,9,4",32,0,0,1,0,0,0,0,0,0,0,0,0,0,0
"Ik11_n11_g3,4,7,8,6,10,4,5,9,4",33,0,0,1,0,0,0,0,0,0,0,0,0,0,0
"Ik11_n11_g3,4,7,8,6,10,4,5,9,4",34,0,0,1,0,0,0,0,0,0,0,0,0,0,0
"Ik11_n11_g3,4,7,8,6,10,4,5,9,4",35,0,0,1,0,0,0,0,0,0,0,0,0,0,0
"Ik11_n11_g3,4,7,8,6,10,4,5,9,4",36,0,0,1,0,0,0,0,0,0,0,0,0,0,0
"Ik11_n11_g3,4,7,8,6,10,4,5,9,4",37,0,0,1,0,0,0,0,0,0,0,0,0,0,0
"Ik11_n11_g3,4,7,8,6,10,4,5,9,4",38,0,0,1,0,0,0,0,0,0,0,0,0,0,0
"Ik11_n11_g3,4,7,8,6,10,4,5,9,4",39,0,0,1,0,0,0,0,0,0,0,0,0,0,0
"Ik11_n11_g3,4,7,8,6,10,4,5,9,4",40,0,0,1,0,0,0,0,0,0,0,0,0,0,0
"Ik11_n11_g3,4,7,8,6,10,4,5,9,4",41,0,0,1,0,0,0,0,0,0,0,0,0,0,0
"Ik11_n11_g3,4,7,8,6,10,4,5,9,4",42,0,0,1,0,0,0,0,0,0,0,0,0,0,0
"Ik11_n11_g3,4,7,8,6,10,4,5,9,4",43,0,0,1,0,0,0,0,0,0,0,0,0,1,0
"Ik11_n11_g3,4,7,8,6,10,4,5,9,4",44,0,0,1,0,0,0,0,1,0,0,0,0,1,0
"Ik11_n11_g3,4,7,8,6,10,4,5,9,4",45,0,0,1,0,0,0,0,1,0,0,0,0,1,0
"Ik11_n11_g3,4,7,8,6,10,4,5,9,4",46,0,0,1,0,1,0,0,1,0,0,0,0,0,0
"Ik11_n11_g3,4,7,8,6,10,4,5,9,4",47,0,0,1,0,0,1,0,0,0,0,0,0,0,0
"Ik11_n11_g3,4,7,8,6,10,4,5,9,4",48,0,0,1,0,0,1,0,0,0,0,0,0,0,0
"Ik11_n11_g3,4,7,8,6,10,4,5,9,4",49,0,0,1,0,0,1,0,0,0,0,0,0,0,0
"Ik11_n11_g3,4,7,8,6,10,4,5,9,4",50,0,0,1,0,0,1,0,0,0,0,0,0,1,0
"Ik11_n11_g3,4,7,8,6,10,4,5,9,4",51,0,0,1,0,0,1,0,1,0,0,0,0,1,0
"Ik11_n11_g3,4,7,8,6,10,4,5,9,4",52,0,0,1,0,0,1,0,1,0,0,0,0,1,0
"Ik11_n11_g3,4,7,8,6,10,4,5,9,4",53,0,0,1,0,0,1,0,1,0,0,0,0,1,0
"Ik11_n11_g3,4,7,8,6,10,4,5,9,4",54,0,0,1,0,0,1,0,1,0,0,0,0,1,0
"Ik11_n11_g3,4,7,8,6,10,4,5,9,4",55,0,0,1,0,0,1,0,1,0,0,0,0,1,0
"Ik11_n11_g3,4,7,8,6,10,4,5,9,4",56,0,0,1,0,0,1,0,1,0,0,0,0,1,0
"Ik11_n11_g3,4,7,8,6,10,4,5,9,4",57,0,0,1,0,1,1,0,1,0,0,1,0,0,0
"Ik11_n11_g3,4,7,8,6,10,4,5,9,4",58,0,0,1,0,0,0,1,0,0,0,1,0,0,0
"Ik11_n11_g3,4,7,8,6,10,4,5,9,4",59,0,0,1,0,0,0,1,0,0,0,1,0,0,0
"Ik11_n11_g3,4,7,8,6,10,4,5,9,4",60,0,0,1,0,0,0,1,0,0,0,1,0,0,0
"Ik11_n11_g3,4,7,8,6,10,4,5,9,4",61,0,0,1,0,0,0,1,0,0,0,1,0,0,0
"Ik11_n11_g3,4,7,8,6,10,4,5,9,4",62,0,0,1,0,0,0,1,0,0,0,1,0,0,0
"Ik11_n11_g3,4,7,8,6,10,4,5,9,4",63,0,0,1,0,0,0,1,0,0,0,1,0,0,0
"Ik11_n11_g3,4,7,8,6,10,4,5,9,4",64,0,0,1,0,0,0,1,0,0,0,1,0,0,0
"Ik11_n11_g3,4,7,8,6,10,4,5,9,4",65,0,0,1,0,0,0,1,0,0,0,1,0,1,0
"Ik11_n11_g3,4,7,8,6,10,4,5,9,4",66,0,0,1,0,0,0,1,1,0,0,1,0,1,0
"Ik11_n11_g3,4,7,8,6,10,4,5,9,4",67,0,0,1,0,0,0,1,1,0,0,1,0,1,0
"Ik11_n11_g3,4,7,8,6,10,4,5,9,4",68,0,0,1,0,0,0,1,1,0,0,1,0,1,0
"Ik11_n11_g3,4,7,8,6,10,4,5,9,4",69,0,0,1,0,0,0,1,1,0,0,1,0,1,0
"Ik11_n11_g3,4,7,8,6,10,4,5,9,4",70,0,0,1,0,0,0,1,1,0,0,1,0,1,0
"Ik11_n11_g3,4,7,8,6,10,4,5,9,4",71,0,0,1,0,1,0,1,1,0,0,1,0,0,0
"Ik11_n11_g3,4,7,8,6,10,4,5,9,4",72,0,0,1,0,0,1,1,0,0,0,1,0,0,0
"Ik11_n11_g3,4,7,8,6,10,4,5,9,4",73,0,0,1,0,0,1,1,0,0,0,1,0,0,0
"Ik11_n11_g3,4,7,8,6,10,4,5,9,4",74,0,0,1,0,0,1,1,0,0,0,1,0,0,0
"Ik11_n11_g3,4,7,8,6,10,4,5,9,4",75,0,0,1,0,0,1,1,0,0,0,1,0,0,0
"Ik11_n11_g3,4,7,8,6,10,4,5,9,4",76,0,0,1,0,0,1,1,0,0,0,1,0,0,0
"Ik11_n11_g3,4,7,8,6,10,4,5,9,4",77,0,0,1,0,0,1,1,0,0,0,1,0,0,0
"Ik11_n11_g3,4,7,8,6,10,4,5,9,4",78,0,0,1,0,0,1,1,0,0,0,1,0,0,0
"Ik11_n11_g3,4,7,8,6,10,4,5,9,4",79,0,0,1,0,0,1,1,0,0,0,1,0,0,0
"Ik11_n11_g3,4,7,8,6,10,4,5,9,4",80,0,0,1,0,0,1,1,0,0,0,1,0,0,0
"Ik11_n11_g3,4,7,8,6,10,4,5,9,4",81,0,0,1,0,0,1,1,0,0,0,1,0,1,0
"Ik11_n11_g3,4,7,8,6,10,4,5,9,4",82,0,0,1,0,0,1,1,1,0,0,1,0,1,0
"Ik11_n11_g3,4,7,8,6,10,4,5,9,4",83,0,0,1,0,0,1,1,1,0,0,1,0,1,0
"Ik11_n11_g3,4,7,8,6,10,4,5,9,4",84,0,0,1,0,0,1,1,1,0,0,1,0,1,0
"Ik11_n11_g3,4,7,8,6,10,4,5,9,4",85,0,0,1,0,1,1,1,1,0,1,1,1,0,0
"Ik11_n11_g3,4,7,8,6,10,4,5,9,4",86,0,0,1,0,0,0,0,0,1,1,0,0,0,0
"Ik11_n11_g3,4,7,8,6,10,4,5,9,4",87,0,0,1,0,0,0,0,0,1,1,0,0,0,0
"Ik11_n11_g3,4,7,8,6,10,4,5,9,4",88,0,0,1,0,0,0,0,0,1,1,0,0,0,0
"Ik11_n11_g3,4,7,8,6,10,4,5,9,4",89,0,0,1,0,0,0,0,0,1,1,0,0,0,0
"Ik11_n11_g3,4,7,8,6,10,4,5,9,4",90,0,0,1,0,0,0,0,0,1,1,0,0,1,0
"Ik11_n11_g3,4,7,8,6,10,4,5,9,4",91,0,0,1,0,0,0,0,1,1,1,0,0,1,0
"Ik11_n11_g3,4,7,8,6,10,4,5,9,4",92,0,0,1,0,0,0,0,1,1,1,0,0,1,0
"Ik11_n11_g3,4,7,8,6,10,4,5,9,4",93,0,0,1,0,0,0,0,1,1,1,0,0,1,0
"Ik11_n11_g3,4,7,8,6,10,4,5,9,4",94,0,0,1,0,0,0,0,1,1,1,0,0,1,0
"Ik11_n11_g3,4,7,8,6,10,4,5,9,4",95,0,0,1,0,0,0,0,1,1,1,0,0,1,0
"Ik11_n11_g3,4,7,8,6,10,4,5,9,4",96,0,0,1,0,0,0,0,1,1,1,0,0,1,0
"Ik11_n11_g3,4,7,8,6,10,4,5,9,4",97,0,0,1,0,0,0,0,1,1,1,0,0,1,0
"Ik11_n11_g3,4,7,8,6,10,4,5,9,4",98,0,0,1,0,0,0,0,1,1,1,0,0,1,0
"Ik11_n11_g3,4,7,8,6,10,4,5,9,4",99,0,0,1,0,1,0,0,1,1,1,0,0,0,0
"Ik11_n11_g3,4,7,8,6,10,4,5,9,4",100,0,0,1,0,0,1,0,0,1,1,0,0,0,0
"Ik11_n11_g3,4,7,8,6,10,4,5,9,4",101,0,0,1,0,0,1,0,0,1,1,0,0,0,0
"Ik11_n11_g3,4,7,8,6,10,4,5,9,4",102,0,0,1,0,0,1,0,0,1,1,0,0,0,0
"Ik11_n11_g3,4,7,8,6,10,4,5,9,4",103,0,0,1,0,0,1,0,0,1,1,0,0,1,0
"Ik11_n11_g3,4,7,8,6,10,4,5,9,4",104,0,0,1,0,0,1,0,1,1,1,0,0,1,0
"Ik11_n11_g3,4,7,8,6,10,4,5,9,4",105,0,0,1,0,0,1,0,1,1,1,0,0,1,0
"Ik11_n11_g3,4,7,8,6,10,4,5,9,4",106,0,0,1,0,0,1,0,1,1,1,0,0,1,0
"Ik11_n11_g3,4,7,8,6,10,4,5,9,4",107,0,0,1,0,0,1,0,1,1,1,0,0,1,0
"Ik11_n11_g3,4,7,8,6,10,4,5,9,4",108,0,0,1,0,0,1,0,1,1,1,0,0,1,0
"Ik11_n11_g3,4,7,8,6,10,4,5,9,4",109,0,0,1,0,0,1,0,1,1,1,0,0,1,0
"Ik11_n11_g3,4,7,8,6,10,4,5,9,4",110,0,0,1,0,0,1,0,1,1,1,0,0,1,0
"Ik11_n11_g3,4,7,8,6,10,4,5,9,4",111,0,0,1,0,0,1,0,1,1,1,0,0,1,0
"Ik11_n11_g3,4,7,8,6,10,4,5,9,4",112,0,0,1,0,0,1,0,1,1,1,0,0,1,0
"Ik11_n11_g3,4,7,8,6,10,4,5,9,4",113,0,0,1,0,0,1,0,1,1,1,0,0,1,0
"Ik11_n11_g3,4,7,8,6,10,4,5,9,4",114,0,0,1,0,0,1,0,1,1,1,0,0,1,0
"Ik11_n11_g3,4,7,8,6,10,4,5,9,4",115,0,0,1,0,0,1,0,1,1,1,0,0,1,0
"Ik11_n11_g3,4,7,8,6,10,4,5,9,4",116,0,0,1,0,0,1,0,1,1,1,0,0,1,0
"Ik11_n11_g3,4,7,8,6,10,4,5,9,4",117,0,0,1,0,0,1,0,1,1,1,0,0,1,0
"Ik11_n11_g3,4,7,8,6,10,4,5,9,4",118,0,0,1,0,0,1,0,1,1,1,0,0,1,0
"Ik11_n11_g3,4,7,8,6,10,4,5,9,4",119,0,0,1,0,0,1,0,1,1,1,0,0,1,0
"Ik11_n11_g3,4,7,8,6,10,4,5,9,4",120,0,0,1,0,0,1,0,1,1,1,0,0,1,0
"Ik12_n12_g2,10,2,3,5,7,8,1,4,11,11",0,0,0,1,0,0,0,0,0,0,0,0,0,0,0
"Ik12_n12_g2,10,2,3,5,7,8,1,4,11,11",1,0,0,1,0,0,0,0,0,0,0,0,0,0,0
"Ik12_n12_g2,10,2,3,5,7,8,1,4,11,11",2,0,0,1,0,0,0,0,0,0,0,0,0,0,0
"Ik12_n12_g2,10,2,3,5,7,8,1,4,11,11",3,0,0,1,0,0,0,0,0,0,0,0,0,0,0
"Ik12_n12_g2,10,2,3,5,7,8,1,4,11,11",4,0,0,1,0,0,0,0,0,0,0,0,0,0,0
"Ik12_n12_g2,10,2,3,5,7,8,1,4,11,11",5,0,0,1,0,0,0,0,0,0,0,0,0,0,0
"Ik12_n12_g2,10,2,3,5,7,8,1,4,11,11",6,0,0,1,0,0,0,0,0,0,0,0,0,0,0
"Ik12_n12_g2,10,2,3,5,7,8,1,4,11,11",7,0,0,1,0,0,0,0,0,0,0,0,0,0,0
"Ik12_n12_g2,10,2,3,5,7,8,1,4,11,11",8,0,0,1,0,0,0,0,0,0,0,0,0,0,0
"Ik12_n12_g2,10,2,3,5,7,8,1,4,11,11",9,0,0,1,0,0,0,0,0,0,0,0,0,0,0
"Ik12_n12_g2,10,2,3,5,7,8,1,4,11,11",10,0,0,1,0,0,0,0,0,0,0,0,0,0,0
"Ik12_n12_g2,10,2,3,5,7,8,1,4,11,11",11,0,0,1,0,0,0,0,0,0,0,0,0,0,0
"Ik12_n12_g2,10,2,3,5,7,8,1,4,11,11",12,0,0,1,0,0,0,0,0,0,0,0,0,0,0
"Ik12_n12_g2,10,2,3,5,7,8,1,4,11,11",13,0,0,1,0,0,0,0,0,0,0,0,0,0,0
"Ik12_n12_g2,10,2,3,5,7,8,1,4,11,11",14,0,0,1,0,0,0,0,0,0,0,0,0,0,0
"Ik12_n12_g2,10,2,3,5,7,8,1,4,11,11",15,0,0,1,0,0,0,0,0,0,0,0,0,0,0
"Ik12_n12_g2,10,2,3,5,7,8,1,4,11,11",16,0,0,1,0,0,0,0,0,0,0,0,0,0,0
"Ik12_n12_g2,10,2,3,5,7,8,1,4,11,11",17,0,0,1,0,0,0,0,0,0,0,0,0,0,0
"Ik12_n12_g2,10,2,3,5,7,8,1,4,11,11",18,0,0,1,0,0,0,0,0,0,0,0,0,0,0
"Ik12_n12_g2,10,2,3,5,7,8,1,4,11,11",19,0,0,1,0,0,0,0,0,0,0,0,0,0,0
"Ik12_n12_g2,10,2,3,5,7,8,1,4,11,11",20,0,0,1,0,0,0,0,0,0,0,0,0,0,0
"Ik12_n12_g2,10,2,3,5,7,8,1,4,11,11",21,0,0,1,0,0,0,0,0,0,0,0,0,0,0
"Ik12_n12_g2,10,2,3,5,7,8,1,4,11,11",22,0,0,1,0,0,0,0,0,0,0,0,0,0,0
"Ik12_n12_g2,10,2,3,5,7,8,1,4,11,11",23,0,0,1,0,0,0,0,0,0,0,0,0,0,0
"Ik12_n12_g2,10,2,3,5,7,8,1,4,11,11",24,0,0,1,0,0,0,0,0,0,0,0,0,0,0
"Ik12_n12_g2,10,2,3,5,7,8,1,4,11,11",25,0,0,1,0,0,0,0,0,0,0,0,0,0,0
"Ik12_n12_g2,10,2,3,5,7,8,1,4,11,11",26,0,0,1,0,0,0,0,0,0,0,0,0,0,0
"Ik12_n12_g2,10,2,3,5,7,8,1,4,11,11",27,0,0,1,0,0,0,0,0,0,0,0,0,0,0
"Ik12_n12_g2,10,2,3,5,7,8,1,4,11,11",28,0,0,1,0,0,0,0,0,0,0,0,0,0,0
"Ik12_n12_g2,10,2,3,5,7,8,1,4,11,11",29,0,0,1,0,0,0,0,0,0,0,0,0,0,0
"Ik12_n12_g2,10,2,3,5,7,8,1,4,11,11",30,0,0,1,0,0,0,0,0,0,0,0,0,0,0
"Ik12_n12_g2,10,2,3,5,7,8,1,4,11,11",31,0,0,1,0,0,0,0,0,0,0,0,0,0,0
"Ik12_n12_g2,10,2,3,5,7,8,1,4,11,11",32,0,0,1,0,0,0,0,0,0,0,0,0,0,0
"Ik12_n12_g2,10,2,3,5,7,8,1,4,11,11",33,0,0,1,0,0,0,0,0,0,0,0,0,0,0
"Ik12_n12_g2,10,2,3,5,7,8,1,4,11,11",34,0,0,1,0,0,0,0,0,0,0,0,0,0,0
"Ik12_n12_g2,10,2,3,5,7,8,1,4,11,11",35,0,0,1,0,0,0,0,0,0,0,0,0,0,0
"Ik12_n12_g2,10,2,3,5,7,8,1,4,11,11",36,0,0,1,0,0,0,0,0,0,0,0,0,0,0
"Ik12_n12_g2,10,2,3,5,7,8,1,4,11,11",37,0,0,1,0,0,0,0,0,0,0,0,0,0,0
"Ik12_n12_g2,10,2,3,5,7,8,1,4,11,11",38,0,0,1,0,0,0,0,0,0,0,0,0,0,0
"Ik12_n12_g2,10,2,3,5,7,8,1,4,11,11",39,0,0,1,0,0,0,0,0,0,0,0,0,0,0
"Ik12_n12_g2,10,2,3,5,7,8,1,4,11,11",40,0,0,1,0,0,0,0,0,0,0,0,0,0,0
"Ik12_n12_g2,10,2,3,5,7,8,1,4,11,11",41,0,0,1,0,0,0,0,0,0,0,0,0,0,0
"Ik12_n12_g2,10,2,3,5,7,8,1,4,11,11",42,0,0,1,0,0,0,0,0,0,0,0,0,0,0
"Ik12_n12_g2,10,2,3,5,7,8,1,4,11,11",43,0,0,1,0,0,0,0,0,0,0,0,0,0,0
"Ik12_n12_g2,10,2,3,5,7,8,1,4,11,11",44,0,0,1,0,0,0,0,0,0,0,0,0,0,0
"Ik12_n12_g2,10,2,3,5,7,8,1,4,11,11",45,0,0,1,0,0,0,0,0,0,0,0,0,0,0
"Ik12_n12_g2,10,2,3,5,7,8,1,4,11,11",46,0,0,1,0,0,0,0,0,0,0,0,0,0,0
"Ik12_n12_g2,10,2,3,5,7,8,1,4,11,11",47,0,0,1,0,0,0,0,0,0,0,0,0,0,0
"Ik12_n12_g2,10,2,3,5,7,8,1,4,11,11",48,0,0,1,0,0,0,0,0,0,0,0,0,0,0
"Ik12_n12_g2,10,2,3,5,7,8,1,4,11,11",49,0,0,1,0,0,0,0,0,0,0,0,0,0,0
"Ik12_n12_g2,10,2,3,5,7,8,1,4,11,11",50,0,0,1,0,0,0,0,0,0,0,0,0,0,0
"Ik12_n12_g2,10,2,3,5,7,8,1,4,11,11",51,0,0,1,0,0,0,0,0,0,0,0,0,1,0
"Ik12_n12_g2,10,2,3,5,7,8,1,4,11,11",52,0,0,1,0,0,0,0,1,0,0,0,0,1,0
"Ik12_n12_g2,10,2,3,5,7,8,1,4,11,11",53,0,0,1,0,1,0,0,1,0,0,0,0,0,0
"Ik12_n12_g2,10,2,3,5,7,8,1,4,11,11",54,0,0,1,0,0,1,0,0,0,0,0,0,0,0
"Ik12_n12_g2,10,2,3,5,7,8,1,4,11,11",55,0,0,1,0,0,1,0,0,0,0,0,0,0,0
"Ik12_n12_g2,10,2,3,5,7,8,1,4,11,11",56,0,0,1,0,0,1,0,0,0,0,0,0,0,0
"Ik12_n12_g2,10,2,3,5,7,8,1,4,11,11",57,0,0,1,0,0,1,0,0,0,0,0,0,0,0
"Ik12_n12_g2,10,2,3,5,7,8,1,4,11,11",58,0,0,1,0,0,1,0,0,0,0,0,0,0,0
"Ik12_n12_g2,10,2,3,5,7,8,1,4,11,11",59,0,0,1,0,0,1,0,0,0,0,0,0,0,0
"Ik12_n12_g2,10,2,3,5,7,8,1,4,11,11",60,0,0,1,0,0,1,0,0,0,0,0,0,0,0
"Ik12_n12_g2,10,2,3,5,7,8,1,4,11,11",61,0,0,1,0,0,1,0,0,0,0,0,0,0,0
"Ik12_n12_g2,10,2,3,5,7,8,1,4,11,11",62,0,0,1,0,0,1,0,0,0,0,0,0,0,0
"Ik12_n12_g2,10,2,3,5,7,8,1,4,11,11",63,0,0,1,0,0,1,0,0,0,0,0,0,1,0
"Ik12_n12_g2,10,2,3,5,7,8,1,4,11,11",64,0,0,1,0,0,1,0,1,0,0,0,0,1,0
"Ik12_n12_g2,10,2,3,5,7,8,1,4,11,11",65,0,0,1,0,1,1,0,1,0,0,1,0,0,0
"Ik12_n12_g2,10,2,3,5,7,8,1,4,11,11",66,0,0,1,0,0,0,1,0,0,0,1,0,0,0
"Ik12_n12_g2,10,2,3,5,7,8,1,4,11,11",67,0,0,1,0,0,0,1,0,0,0,1,0,0,0
"Ik12_n12_g2,10,2,3,5,7,8,1,4,11,11",68,0,0,1,0,0,0,1,0,0,0,1,0,1,0
"Ik12_n12_g2,10,2,3,5,7,8,1,4,11,11",69,0,0,1,0,0,0,1,1,0,0,1,0,1,0
"Ik12_n12_g2,10,2,3,5,7,8,1,4,11,11",70,0,0,1,0,0,0,1,1,0,0,1,0,1,0
"Ik12_n12_g2,10,2,3,5,7,8,1,4,11,11",71,0,0,1,0,0,0,1,1,0,0,1,0,1,0
"Ik12_n12_g2,10,2,3,5,7,8,1,4,11,11",72,0,0,1,0,0,0,1,1,0,0,1,0,1,0
"Ik12_n12_g2,10,2,3,5,7,8,1,4,11,11",73,0,0,1,0,1,0,1,1,0,0,1,0,0,0
"Ik12_n12_g2,10,2,3,5,7,8,1,4,11,11",74,0,0,1,0,0,1,1,0,0,0,1,0,0,0
"Ik12_n12_g2,10,2,3,5,7,8,1,4,11,11",75,0,0,1,0,0,1,1,0,0,0,1,0,0,0
"Ik12_n12_g2,10,2,3,5,7,8,1,4,11,11",76,0,0,1,0,0,1,1,0,0,0,1,0,0,0
"Ik12_n12_g2,10,2,3,5,7,8,1,4,11,11",77,0,0,1,0,0,1,1,0,0,0,1,0,0,0
"Ik12_n12_g2,10,2,3,5,7,8,1,4,11,11",78,0,0,1,0,0,1,1,0,0,0,1,0,0,0
"Ik12_n12_g2,10,2,3,5,7,8,1,4,11,11",79,0,0,1,0,0,1,1,0,0,0,1,0,0,0
"Ik12_n12_g2,10,2,3,5,7,8,1,4,11,11",80,0,0,1,0,0,1,1,0,0,0,1,0,1,0
"Ik12_n12_g2,10,2,3,5,7,8,1,4,11,11",81,0,0,1,0,0,1,1,1,0,0,1,0,1,0
"Ik12_n12_g2,10,2,3,5,7,8,1,4,11,11",82,0,0,1,0,0,1,1,1,0,0,1,0,1,0
"Ik12_n12_g2,10,2,3,5,7,8,1,4,11,11",83,0,0,1,0,0,1,1,1,0,0,1,0,1,0
"Ik12_n12_g2,10,2,3,5,7,8,1,4,11,11",84,0,0,1,0,0,1,1,1,0,0,1,0,1,0
"Ik12_n12_g2,10,2,3,5,7,8,1,4,11,11",85,0,0,1,0,0,1,1,1,0,0,1,0,1,0
"Ik12_n12_g2,10,2,3,5,7,8,1,4,11,11",86,0,0,1,0,0,1,1,1,0,0,1,0,1,0
"Ik12_n12_g2,10,2,3,5,7,8,1,4,11,11",87,0,0,1,0,0,1,1,1,0,0,1,0,1,0
"Ik12_n12_g2,10,2,3,5,7,8,1,4,11,11",88,0,0,1,0,1,1,1,1,0,1,1,1,0,0
"Ik12_n12_g2,10,2,3,5,7,8,1,4,11,11",89,0,0,1,0,0,0,0,0,1,1,0,0,1,0
"Ik12_n12_g2,10,2,3,5,7,8,1,4,11,11",90,0,0,1,0,0,0,0,1,1,1,0,0,1,0
"Ik12_n12_g2,10,2,3,5,7,8,1,4,11,11",91,0,0,1,0,0,0,0,1,1,1,0,0,1,0
"Ik12_n12_g2,10,2,3,5,7,8,1,4,11,11",92,0,0,1,0,0,0,0,1,1,1,0,0,1,0
"Ik12_n12_g2,10,2,3,5,7,8,1,4,11,11",93,0,0,1,0,1,0,0,1,1,1,0,0,0,0
"Ik12_n12_g2,10,2,3,5,7,8,1,4,11,11",94,0,0,1,0,0,1,0,0,1,1,0,0,0,0
"Ik12_n12_g2,10,2,3,5,7,8,1,4,11,11",95,0,0,1,0,0,1,0,0,1,1,0,0,0,0
"Ik12_n12_g2,10,2,3,5,7,8,1,4,11,11",96,0,0,1,0,0,1,0,0,1,1,0,0,0,0
"Ik12_n12_g2,10,2,3,5,7,8,1,4,11,11",97,0,0,1,0,0,1,0,0,1,1,0,0,0,0
"Ik12_n12_g2,10,2,3,5,7,8,1,4,11,11",98,0,0,1,0,0,1,0,0,1,1,0,0,0,0
"Ik12_n12_g2,10,2,3,5,7,8,1,4,11,11",99,0,0,1,0,0,1,0,0,1,1,0,0,0,0
"Ik12_n12_g2,10,2,3,5,7,8,1,4,11,11",100,0,0,1,0,0,1,0,0,1,1,0,0,0,0
"Ik12_n12_g2,10,2,3,5,7,8,1,4,11,11",101,0,0,1,0,0,1,0,0,1,1,0,0,0,0
"Ik12_n12_g2,10,2,3,5,7,8,1,4,11,11",102,0,0,1,0,0,1,0,0,1,1,0,0,0,0
"Ik12_n12_g2,10,2,3,5,7,8,1,4,11,11",103,0,0,1,0,0,1,0,0,1,1,0,0,0,0
"Ik12_n12_g2,10,2,3,5,7,8,1,4,11,11",104,0,0,1,0,0,1,0,0,1,1,0,0,1,0
"Ik12_n12_g2,10,2,3,5,7,8,1,4,11,11",105,0,0,1,0,0,1,0,1,1,1,0,0,1,0
"Ik12_n12_g2,10,2,3,5,7,8,1,4,11,11",106,0,0,1,0,0,1,0,1,1,1,0,0,1,0
"Ik12_n12_g2,10,2,3,5,7,8,1,4,11,11",107,0,0,1,0,0,1,0,1,1,1,0,0,1,0
"Ik12_n12_g2,10,2,3,5,7,8,1,4,11,11",108,0,0,1,0,0,1,0,1,1,1,0,0,1,0
"Ik12_n12_g2,10,2,3,5,7,8,1,4,11,11",109,0,0,1,0,0,1,0,1,1,1,0,0,1,0
"Ik12_n12_g2,10,2,3,5,7,8,1,4,11,11",110,0,0,1,0,0,1,0,1,1,1,0,0,1,0
"Ik12_n12_g2,10,2,3,5,7,8,1,4,11,11",111,0,0,1,0,0,1,0,1,1,1,0,0,1,0
"Ik12_n12_g2,10,2,3,5,7,8,1,4,11,11",112,0,0,1,0,0,1,0,1,1,1,0,0,1,0
"Ik12_n12_g2,10,2,3,5,7,8,1,4,11,11",113,0,0,1,0,0,1,0,1,1,1,0,0,1,0
"Ik12_n12_g2,10,2,3,5,7,8,1,4,11,11",114,0,0,1,0,0,1,0,1,1,1,0,0,1,0
"Ik12_n12_g2,10,2,3,5,7,8,1,4,11,11",115,0,0,1,0,1,1,0,1,1,1,1,0,0,0
"Ik12_n12_g2,10,2,3,5,7,8,1,4,11,11",116,0,0,1,0,0,0,1,0,1,1,1,0,0,0
"Ik12_n12_g2,10,2,3,5,7,8,1,4,11,11",117,0,0,1,0,0,0,1,0,1,1,1,0,0,0
"Ik12_n12_g2,10,2,3,5,7,8,1,4,11,11",118,0,0,1,0,0,0,1,0,1,1,1,0,0,0
"Ik12_n12_g2,10,2,3,5,7,8,1,4,11,11",119,0,0,1,0,0,0,1,0,1,1,1,0,0,0
"Ik12_n12_g2,10,2,3,5,7,8,1,4,11,11",120,0,0,1,0,0,0,1,0,1,1,1,0,0,0
