mode,cyc,xnor_B,xnor_Y,Q,and4_X
all0,0,1,0,0,0
all0,1,1,0,0,0
all0,2,1,0,0,0
all0,3,1,0,0,0
all0,4,1,0,0,0
all0,5,1,0,0,0
all0,6,1,0,0,0
all0,7,1,0,0,0
all0,8,1,0,0,0
all0,9,1,0,0,0
all0,10,1,0,0,0
all0,11,1,0,0,0
all0,12,1,0,0,0
all0,13,1,0,0,0
all0,14,1,0,0,0
all0,15,1,0,0,0
all0,16,1,0,0,0
all0,17,1,0,0,0
all0,18,1,0,0,0
all0,19,1,0,0,0
all0,20,1,0,0,0
all0,21,1,0,0,0
all0,22,1,0,0,0
all0,23,1,0,0,0
all0,24,1,0,0,0
all0,25,1,0,0,0
all0,26,1,0,0,0
all0,27,1,0,0,0
all0,28,1,0,0,0
all0,29,1,0,0,0
all0,30,1,0,0,0
all0,31,1,0,0,0
all0,32,1,0,0,0
all0,33,1,0,0,0
all0,34,1,0,0,0
all0,35,1,0,0,0
all0,36,1,0,0,0
all0,37,1,0,0,0
all0,38,1,0,0,0
all0,39,1,0,0,0
all0,40,1,0,0,0
all0,41,1,0,0,0
all0,42,1,0,0,0
all0,43,1,0,0,0
all0,44,1,0,0,0
all0,45,1,0,0,0
all0,46,1,0,0,0
all0,47,1,0,0,0
all0,48,1,0,0,0
all0,49,1,0,0,0
all0,50,1,0,0,0
all0,51,1,0,0,0
all0,52,1,0,0,0
all0,53,1,0,0,0
all0,54,1,0,0,0
all0,55,1,0,0,0
all0,56,1,0,0,0
all0,57,1,0,0,0
all0,58,1,0,0,0
all0,59,1,0,0,0
all0,60,1,0,0,0
all0,61,1,0,0,0
all0,62,1,0,0,0
all0,63,1,0,0,0
all0,64,1,0,0,0
all0,65,1,0,0,0
all0,66,1,0,0,0
all0,67,1,0,0,0
all0,68,1,0,0,0
all0,69,1,0,0,0
all0,70,1,0,0,0
all0,71,1,0,0,0
all0,72,1,0,0,0
all0,73,1,0,0,0
all0,74,1,0,0,0
all0,75,1,0,0,0
all0,76,1,0,0,0
all0,77,1,0,0,0
all0,78,1,0,0,0
all0,79,1,0,0,0
all0,80,1,0,0,0
all0,81,1,0,0,0
all0,82,1,0,0,0
all0,83,1,0,0,0
all0,84,1,0,0,0
all0,85,1,0,0,0
all0,86,1,0,0,0
all0,87,1,0,0,0
all0,88,1,0,0,0
all0,89,1,0,0,0
all0,90,1,0,0,0
all0,91,1,0,0,0
all0,92,1,0,0,0
all0,93,1,0,0,0
all0,94,1,0,0,0
all0,95,1,0,0,0
all0,96,1,0,0,0
all0,97,1,0,0,0
all0,98,1,0,0,0
all0,99,1,0,0,0
all0,100,1,0,0,0
all0,101,1,0,0,0
all0,102,1,0,0,0
all0,103,1,0,0,0
all0,104,1,0,0,0
all0,105,1,0,0,0
all0,106,1,0,0,0
all0,107,1,0,0,0
all0,108,1,0,0,0
all0,109,1,0,0,0
all0,110,1,0,0,0
all0,111,1,0,0,0
all0,112,1,0,0,0
all0,113,1,0,0,0
all0,114,1,0,0,0
all0,115,1,0,0,0
all0,116,1,0,0,0
all0,117,1,0,0,0
all0,118,1,0,0,0
all0,119,1,0,0,0
all0,120,1,0,0,0
all1,0,1,0,0,0
all1,1,1,0,0,0
all1,2,1,0,0,0
all1,3,1,0,0,0
all1,4,1,0,0,0
all1,5,1,0,0,0
all1,6,1,0,0,0
all1,7,1,0,0,0
all1,8,1,0,0,0
all1,9,1,0,0,0
all1,10,1,0,0,0
all1,11,1,0,0,0
all1,12,1,0,0,0
all1,13,1,0,0,0
all1,14,1,0,0,0
all1,15,0,1,0,0
all1,16,1,1,1,0
all1,17,1,1,1,0
all1,18,1,1,1,0
all1,19,1,1,1,0
all1,20,1,1,1,0
all1,21,1,1,1,0
all1,22,1,1,1,1
all1,23,1,1,1,0
all1,24,1,1,1,0
all1,25,1,1,1,0
all1,26,1,1,1,0
all1,27,1,1,1,0
all1,28,1,1,1,0
all1,29,1,1,1,0
all1,30,1,1,1,0
all1,31,0,0,1,0
all1,32,1,0,0,0
all1,33,1,0,0,0
all1,34,1,0,0,0
all1,35,1,0,0,0
all1,36,1,0,0,0
all1,37,1,0,0,0
all1,38,1,0,0,0
all1,39,1,0,0,0
all1,40,1,0,0,0
all1,41,1,0,0,0
all1,42,1,0,0,0
all1,43,1,0,0,0
all1,44,1,0,0,0
all1,45,1,0,0,0
all1,46,1,0,0,0
all1,47,0,1,0,0
all1,48,1,1,1,0
all1,49,1,1,1,0
all1,50,1,1,1,0
all1,51,1,1,1,0
all1,52,1,1,1,0
all1,53,1,1,1,0
all1,54,1,1,1,0
all1,55,1,1,1,0
all1,56,1,1,1,0
all1,57,1,1,1,0
all1,58,1,1,1,0
all1,59,1,1,1,0
all1,60,1,1,1,0
all1,61,1,1,1,0
all1,62,1,1,1,0
all1,63,0,0,1,0
all1,64,1,0,0,0
all1,65,1,0,0,0
all1,66,1,0,0,0
all1,67,1,0,0,0
all1,68,1,0,0,0
all1,69,1,0,0,0
all1,70,1,0,0,0
all1,71,1,0,0,0
all1,72,1,0,0,0
all1,73,1,0,0,0
all1,74,1,0,0,0
all1,75,1,0,0,0
all1,76,1,0,0,0
all1,77,1,0,0,0
all1,78,1,0,0,0
all1,79,0,1,0,0
all1,80,1,1,1,0
all1,81,1,1,1,0
all1,82,1,1,1,0
all1,83,1,1,1,0
all1,84,1,1,1,0
all1,85,1,1,1,0
all1,86,1,1,1,0
all1,87,1,1,1,0
all1,88,1,1,1,0
all1,89,1,1,1,0
all1,90,1,1,1,0
all1,91,1,1,1,0
all1,92,1,1,1,0
all1,93,1,1,1,0
all1,94,1,1,1,0
all1,95,0,0,1,0
all1,96,1,0,0,0
all1,97,1,0,0,0
all1,98,1,0,0,0
all1,99,1,0,0,0
all1,100,1,0,0,0
all1,101,1,0,0,0
all1,102,1,0,0,0
all1,103,1,0,0,0
all1,104,1,0,0,0
all1,105,1,0,0,0
all1,106,1,0,0,0
all1,107,1,0,0,0
all1,108,1,0,0,0
all1,109,1,0,0,0
all1,110,1,0,0,0
all1,111,0,1,0,0
all1,112,1,1,1,0
all1,113,1,1,1,0
all1,114,1,1,1,0
all1,115,1,1,1,0
all1,116,1,1,1,0
all1,117,1,1,1,0
all1,118,1,1,1,0
all1,119,1,1,1,0
all1,120,1,1,1,0
I1_cyc1,0,1,0,0,0
I1_cyc1,1,1,0,0,0
I1_cyc1,2,1,0,0,0
I1_cyc1,3,1,0,0,0
I1_cyc1,4,1,0,0,0
I1_cyc1,5,1,0,0,0
I1_cyc1,6,1,0,0,0
I1_cyc1,7,1,0,0,0
I1_cyc1,8,1,0,0,0
I1_cyc1,9,1,0,0,0
I1_cyc1,10,1,0,0,0
I1_cyc1,11,1,0,0,0
I1_cyc1,12,1,0,0,0
I1_cyc1,13,1,0,0,0
I1_cyc1,14,1,0,0,0
I1_cyc1,15,1,0,0,0
I1_cyc1,16,1,0,0,0
I1_cyc1,17,1,0,0,0
I1_cyc1,18,1,0,0,0
I1_cyc1,19,1,0,0,0
I1_cyc1,20,1,0,0,0
I1_cyc1,21,1,0,0,0
I1_cyc1,22,1,0,0,0
I1_cyc1,23,1,0,0,0
I1_cyc1,24,1,0,0,0
I1_cyc1,25,1,0,0,0
I1_cyc1,26,1,0,0,0
I1_cyc1,27,1,0,0,0
I1_cyc1,28,1,0,0,0
I1_cyc1,29,1,0,0,0
I1_cyc1,30,1,0,0,0
I1_cyc1,31,1,0,0,0
I1_cyc1,32,1,0,0,0
I1_cyc1,33,1,0,0,0
I1_cyc1,34,1,0,0,0
I1_cyc1,35,1,0,0,0
I1_cyc1,36,1,0,0,0
I1_cyc1,37,1,0,0,0
I1_cyc1,38,1,0,0,0
I1_cyc1,39,1,0,0,0
I1_cyc1,40,1,0,0,0
I1_cyc1,41,1,0,0,0
I1_cyc1,42,1,0,0,0
I1_cyc1,43,1,0,0,0
I1_cyc1,44,1,0,0,0
I1_cyc1,45,1,0,0,0
I1_cyc1,46,1,0,0,0
I1_cyc1,47,1,0,0,0
I1_cyc1,48,1,0,0,0
I1_cyc1,49,1,0,0,0
I1_cyc1,50,1,0,0,0
I1_cyc1,51,1,0,0,0
I1_cyc1,52,1,0,0,0
I1_cyc1,53,1,0,0,0
I1_cyc1,54,1,0,0,0
I1_cyc1,55,1,0,0,0
I1_cyc1,56,1,0,0,0
I1_cyc1,57,1,0,0,0
I1_cyc1,58,1,0,0,0
I1_cyc1,59,1,0,0,0
I1_cyc1,60,1,0,0,0
I1_cyc1,61,1,0,0,0
I1_cyc1,62,1,0,0,0
I1_cyc1,63,1,0,0,0
I1_cyc1,64,1,0,0,0
I1_cyc1,65,1,0,0,0
I1_cyc1,66,1,0,0,0
I1_cyc1,67,1,0,0,0
I1_cyc1,68,1,0,0,0
I1_cyc1,69,1,0,0,0
I1_cyc1,70,1,0,0,0
I1_cyc1,71,1,0,0,0
I1_cyc1,72,1,0,0,0
I1_cyc1,73,1,0,0,0
I1_cyc1,74,1,0,0,0
I1_cyc1,75,1,0,0,0
I1_cyc1,76,1,0,0,0
I1_cyc1,77,1,0,0,0
I1_cyc1,78,1,0,0,0
I1_cyc1,79,1,0,0,0
I1_cyc1,80,1,0,0,0
I1_cyc1,81,1,0,0,0
I1_cyc1,82,1,0,0,0
I1_cyc1,83,1,0,0,0
I1_cyc1,84,1,0,0,0
I1_cyc1,85,1,0,0,0
I1_cyc1,86,1,0,0,0
I1_cyc1,87,1,0,0,0
I1_cyc1,88,1,0,0,0
I1_cyc1,89,1,0,0,0
I1_cyc1,90,1,0,0,0
I1_cyc1,91,1,0,0,0
I1_cyc1,92,1,0,0,0
I1_cyc1,93,1,0,0,0
I1_cyc1,94,1,0,0,0
I1_cyc1,95,1,0,0,0
I1_cyc1,96,1,0,0,0
I1_cyc1,97,1,0,0,0
I1_cyc1,98,1,0,0,0
I1_cyc1,99,1,0,0,0
I1_cyc1,100,1,0,0,0
I1_cyc1,101,1,0,0,0
I1_cyc1,102,1,0,0,0
I1_cyc1,103,1,0,0,0
I1_cyc1,104,1,0,0,0
I1_cyc1,105,1,0,0,0
I1_cyc1,106,1,0,0,0
I1_cyc1,107,1,0,0,0
I1_cyc1,108,1,0,0,0
I1_cyc1,109,1,0,0,0
I1_cyc1,110,1,0,0,0
I1_cyc1,111,1,0,0,0
I1_cyc1,112,1,0,0,0
I1_cyc1,113,1,0,0,0
I1_cyc1,114,1,0,0,0
I1_cyc1,115,1,0,0,0
I1_cyc1,116,1,0,0,0
I1_cyc1,117,1,0,0,0
I1_cyc1,118,1,0,0,0
I1_cyc1,119,1,0,0,0
I1_cyc1,120,1,0,0,0
I1_cyc10,0,1,0,0,0
I1_cyc10,1,1,0,0,0
I1_cyc10,2,1,0,0,0
I1_cyc10,3,1,0,0,0
I1_cyc10,4,1,0,0,0
I1_cyc10,5,1,0,0,0
I1_cyc10,6,1,0,0,0
I1_cyc10,7,1,0,0,0
I1_cyc10,8,1,0,0,0
I1_cyc10,9,1,0,0,0
I1_cyc10,10,1,0,0,0
I1_cyc10,11,1,0,0,0
I1_cyc10,12,1,0,0,0
I1_cyc10,13,1,0,0,0
I1_cyc10,14,1,0,0,0
I1_cyc10,15,1,0,0,0
I1_cyc10,16,1,0,0,0
I1_cyc10,17,1,0,0,0
I1_cyc10,18,1,0,0,0
I1_cyc10,19,1,0,0,0
I1_cyc10,20,1,0,0,0
I1_cyc10,21,1,0,0,0
I1_cyc10,22,1,0,0,0
I1_cyc10,23,1,0,0,0
I1_cyc10,24,1,0,0,0
I1_cyc10,25,1,0,0,0
I1_cyc10,26,1,0,0,0
I1_cyc10,27,1,0,0,0
I1_cyc10,28,1,0,0,0
I1_cyc10,29,1,0,0,0
I1_cyc10,30,1,0,0,0
I1_cyc10,31,1,0,0,0
I1_cyc10,32,1,0,0,0
I1_cyc10,33,1,0,0,0
I1_cyc10,34,1,0,0,0
I1_cyc10,35,1,0,0,0
I1_cyc10,36,1,0,0,0
I1_cyc10,37,1,0,0,0
I1_cyc10,38,1,0,0,0
I1_cyc10,39,1,0,0,0
I1_cyc10,40,1,0,0,0
I1_cyc10,41,1,0,0,0
I1_cyc10,42,1,0,0,0
I1_cyc10,43,1,0,0,0
I1_cyc10,44,1,0,0,0
I1_cyc10,45,1,0,0,0
I1_cyc10,46,1,0,0,0
I1_cyc10,47,1,0,0,0
I1_cyc10,48,1,0,0,0
I1_cyc10,49,1,0,0,0
I1_cyc10,50,1,0,0,0
I1_cyc10,51,1,0,0,0
I1_cyc10,52,1,0,0,0
I1_cyc10,53,1,0,0,0
I1_cyc10,54,1,0,0,0
I1_cyc10,55,1,0,0,0
I1_cyc10,56,1,0,0,0
I1_cyc10,57,1,0,0,0
I1_cyc10,58,1,0,0,0
I1_cyc10,59,1,0,0,0
I1_cyc10,60,1,0,0,0
I1_cyc10,61,1,0,0,0
I1_cyc10,62,1,0,0,0
I1_cyc10,63,1,0,0,0
I1_cyc10,64,1,0,0,0
I1_cyc10,65,1,0,0,0
I1_cyc10,66,1,0,0,0
I1_cyc10,67,1,0,0,0
I1_cyc10,68,1,0,0,0
I1_cyc10,69,1,0,0,0
I1_cyc10,70,1,0,0,0
I1_cyc10,71,1,0,0,0
I1_cyc10,72,1,0,0,0
I1_cyc10,73,1,0,0,0
I1_cyc10,74,1,0,0,0
I1_cyc10,75,1,0,0,0
I1_cyc10,76,1,0,0,0
I1_cyc10,77,1,0,0,0
I1_cyc10,78,1,0,0,0
I1_cyc10,79,1,0,0,0
I1_cyc10,80,1,0,0,0
I1_cyc10,81,1,0,0,0
I1_cyc10,82,1,0,0,0
I1_cyc10,83,1,0,0,0
I1_cyc10,84,1,0,0,0
I1_cyc10,85,1,0,0,0
I1_cyc10,86,1,0,0,0
I1_cyc10,87,1,0,0,0
I1_cyc10,88,1,0,0,0
I1_cyc10,89,1,0,0,0
I1_cyc10,90,1,0,0,0
I1_cyc10,91,1,0,0,0
I1_cyc10,92,1,0,0,0
I1_cyc10,93,1,0,0,0
I1_cyc10,94,1,0,0,0
I1_cyc10,95,1,0,0,0
I1_cyc10,96,1,0,0,0
I1_cyc10,97,1,0,0,0
I1_cyc10,98,1,0,0,0
I1_cyc10,99,1,0,0,0
I1_cyc10,100,1,0,0,0
I1_cyc10,101,1,0,0,0
I1_cyc10,102,1,0,0,0
I1_cyc10,103,1,0,0,0
I1_cyc10,104,1,0,0,0
I1_cyc10,105,1,0,0,0
I1_cyc10,106,1,0,0,0
I1_cyc10,107,1,0,0,0
I1_cyc10,108,1,0,0,0
I1_cyc10,109,1,0,0,0
I1_cyc10,110,1,0,0,0
I1_cyc10,111,1,0,0,0
I1_cyc10,112,1,0,0,0
I1_cyc10,113,1,0,0,0
I1_cyc10,114,1,0,0,0
I1_cyc10,115,1,0,0,0
I1_cyc10,116,1,0,0,0
I1_cyc10,117,1,0,0,0
I1_cyc10,118,1,0,0,0
I1_cyc10,119,1,0,0,0
I1_cyc10,120,1,0,0,0
I1_cyc1_12,0,1,0,0,0
I1_cyc1_12,1,1,0,0,0
I1_cyc1_12,2,1,0,0,0
I1_cyc1_12,3,1,0,0,0
I1_cyc1_12,4,1,0,0,0
I1_cyc1_12,5,1,0,0,0
I1_cyc1_12,6,1,0,0,0
I1_cyc1_12,7,1,0,0,0
I1_cyc1_12,8,1,0,0,0
I1_cyc1_12,9,1,0,0,0
I1_cyc1_12,10,1,0,0,0
I1_cyc1_12,11,1,0,0,0
I1_cyc1_12,12,1,0,0,0
I1_cyc1_12,13,1,0,0,0
I1_cyc1_12,14,1,0,0,0
I1_cyc1_12,15,1,0,0,0
I1_cyc1_12,16,1,0,0,0
I1_cyc1_12,17,1,0,0,0
I1_cyc1_12,18,1,0,0,0
I1_cyc1_12,19,1,0,0,0
I1_cyc1_12,20,1,0,0,0
I1_cyc1_12,21,1,0,0,0
I1_cyc1_12,22,1,0,0,0
I1_cyc1_12,23,1,0,0,0
I1_cyc1_12,24,1,0,0,0
I1_cyc1_12,25,1,0,0,0
I1_cyc1_12,26,1,0,0,0
I1_cyc1_12,27,1,0,0,0
I1_cyc1_12,28,1,0,0,0
I1_cyc1_12,29,1,0,0,0
I1_cyc1_12,30,1,0,0,0
I1_cyc1_12,31,1,0,0,0
I1_cyc1_12,32,1,0,0,0
I1_cyc1_12,33,1,0,0,0
I1_cyc1_12,34,1,0,0,0
I1_cyc1_12,35,1,0,0,0
I1_cyc1_12,36,1,0,0,0
I1_cyc1_12,37,1,0,0,0
I1_cyc1_12,38,1,0,0,0
I1_cyc1_12,39,1,0,0,0
I1_cyc1_12,40,1,0,0,0
I1_cyc1_12,41,1,0,0,0
I1_cyc1_12,42,1,0,0,0
I1_cyc1_12,43,1,0,0,0
I1_cyc1_12,44,1,0,0,0
I1_cyc1_12,45,1,0,0,0
I1_cyc1_12,46,1,0,0,0
I1_cyc1_12,47,1,0,0,0
I1_cyc1_12,48,1,0,0,0
I1_cyc1_12,49,1,0,0,0
I1_cyc1_12,50,1,0,0,0
I1_cyc1_12,51,1,0,0,0
I1_cyc1_12,52,1,0,0,0
I1_cyc1_12,53,1,0,0,0
I1_cyc1_12,54,1,0,0,0
I1_cyc1_12,55,1,0,0,0
I1_cyc1_12,56,1,0,0,0
I1_cyc1_12,57,1,0,0,0
I1_cyc1_12,58,1,0,0,0
I1_cyc1_12,59,1,0,0,0
I1_cyc1_12,60,1,0,0,0
I1_cyc1_12,61,1,0,0,0
I1_cyc1_12,62,1,0,0,0
I1_cyc1_12,63,1,0,0,0
I1_cyc1_12,64,1,0,0,0
I1_cyc1_12,65,1,0,0,0
I1_cyc1_12,66,1,0,0,0
I1_cyc1_12,67,1,0,0,0
I1_cyc1_12,68,1,0,0,0
I1_cyc1_12,69,1,0,0,0
I1_cyc1_12,70,1,0,0,0
I1_cyc1_12,71,1,0,0,0
I1_cyc1_12,72,1,0,0,0
I1_cyc1_12,73,1,0,0,0
I1_cyc1_12,74,1,0,0,0
I1_cyc1_12,75,1,0,0,0
I1_cyc1_12,76,1,0,0,0
I1_cyc1_12,77,1,0,0,0
I1_cyc1_12,78,1,0,0,0
I1_cyc1_12,79,1,0,0,0
I1_cyc1_12,80,1,0,0,0
I1_cyc1_12,81,1,0,0,0
I1_cyc1_12,82,1,0,0,0
I1_cyc1_12,83,1,0,0,0
I1_cyc1_12,84,1,0,0,0
I1_cyc1_12,85,1,0,0,0
I1_cyc1_12,86,1,0,0,0
I1_cyc1_12,87,1,0,0,0
I1_cyc1_12,88,1,0,0,0
I1_cyc1_12,89,1,0,0,0
I1_cyc1_12,90,1,0,0,0
I1_cyc1_12,91,1,0,0,0
I1_cyc1_12,92,1,0,0,0
I1_cyc1_12,93,1,0,0,0
I1_cyc1_12,94,1,0,0,0
I1_cyc1_12,95,1,0,0,0
I1_cyc1_12,96,1,0,0,0
I1_cyc1_12,97,1,0,0,0
I1_cyc1_12,98,1,0,0,0
I1_cyc1_12,99,1,0,0,0
I1_cyc1_12,100,1,0,0,0
I1_cyc1_12,101,1,0,0,0
I1_cyc1_12,102,1,0,0,0
I1_cyc1_12,103,1,0,0,0
I1_cyc1_12,104,1,0,0,0
I1_cyc1_12,105,1,0,0,0
I1_cyc1_12,106,1,0,0,0
I1_cyc1_12,107,1,0,0,0
I1_cyc1_12,108,1,0,0,0
I1_cyc1_12,109,1,0,0,0
I1_cyc1_12,110,1,0,0,0
I1_cyc1_12,111,1,0,0,0
I1_cyc1_12,112,1,0,0,0
I1_cyc1_12,113,1,0,0,0
I1_cyc1_12,114,1,0,0,0
I1_cyc1_12,115,1,0,0,0
I1_cyc1_12,116,1,0,0,0
I1_cyc1_12,117,1,0,0,0
I1_cyc1_12,118,1,0,0,0
I1_cyc1_12,119,1,0,0,0
I1_cyc1_12,120,1,0,0,0
