mode,cyc,inv7_A,A3,B1,a32o_X,Q,and4_X
all0,0,1,0,1,0,0,0
all0,1,1,0,1,0,0,0
all0,2,1,0,1,0,0,0
all0,3,1,0,1,0,0,0
all0,4,1,0,1,0,0,0
all0,5,1,0,1,0,0,0
all0,6,1,0,1,0,0,0
all0,7,1,0,1,0,0,0
all0,8,1,0,1,0,0,0
all0,9,1,0,1,0,0,0
all0,10,1,0,1,0,0,0
all0,11,1,0,1,0,0,0
all0,12,1,0,1,0,0,0
all0,13,1,0,1,0,0,0
all0,14,1,0,1,0,0,0
all0,15,1,0,1,0,0,0
all0,16,1,0,1,0,0,0
all0,17,1,0,1,0,0,0
all0,18,1,0,1,0,0,0
all0,19,1,0,1,0,0,0
all0,20,1,0,1,0,0,0
all0,21,1,0,1,0,0,0
all0,22,1,0,1,0,0,0
all0,23,1,0,1,0,0,0
all0,24,1,0,1,0,0,0
all0,25,1,0,1,0,0,0
all0,26,1,0,1,0,0,0
all0,27,1,0,1,0,0,0
all0,28,1,0,1,0,0,0
all0,29,1,0,1,0,0,0
all0,30,1,0,1,0,0,0
all0,31,1,0,1,0,0,0
all0,32,1,0,1,0,0,0
all0,33,1,0,1,0,0,0
all0,34,1,0,1,0,0,0
all0,35,1,0,1,0,0,0
all0,36,1,0,1,0,0,0
all0,37,1,0,1,0,0,0
all0,38,1,0,1,0,0,0
all0,39,1,0,1,0,0,0
all0,40,1,0,1,0,0,0
all0,41,1,0,1,0,0,0
all0,42,1,0,1,0,0,0
all0,43,1,0,1,0,0,0
all0,44,1,0,1,0,0,0
all0,45,1,0,1,0,0,0
all0,46,1,0,1,0,0,0
all0,47,1,0,1,0,0,0
all0,48,1,0,1,0,0,0
all0,49,1,0,1,0,0,0
all0,50,1,0,1,0,0,0
all0,51,1,0,1,0,0,0
all0,52,1,0,1,0,0,0
all0,53,1,0,1,0,0,0
all0,54,1,0,1,0,0,0
all0,55,1,0,1,0,0,0
all0,56,1,0,1,0,0,0
all0,57,1,0,1,0,0,0
all0,58,1,0,1,0,0,0
all0,59,1,0,1,0,0,0
all0,60,1,0,1,0,0,0
all0,61,1,0,1,0,0,0
all0,62,1,0,1,0,0,0
all0,63,1,0,1,0,0,0
all0,64,1,0,1,0,0,0
all0,65,1,0,1,0,0,0
all0,66,1,0,1,0,0,0
all0,67,1,0,1,0,0,0
all0,68,1,0,1,0,0,0
all0,69,1,0,1,0,0,0
all0,70,1,0,1,0,0,0
all0,71,1,0,1,0,0,0
all0,72,1,0,1,0,0,0
all0,73,1,0,1,0,0,0
all0,74,1,0,1,0,0,0
all0,75,1,0,1,0,0,0
all0,76,1,0,1,0,0,0
all0,77,1,0,1,0,0,0
all0,78,1,0,1,0,0,0
all0,79,1,0,1,0,0,0
all0,80,1,0,1,0,0,0
all0,81,1,0,1,0,0,0
all0,82,1,0,1,0,0,0
all0,83,1,0,1,0,0,0
all0,84,1,0,1,0,0,0
all0,85,1,0,1,0,0,0
all0,86,1,0,1,0,0,0
all0,87,1,0,1,0,0,0
all0,88,1,0,1,0,0,0
all0,89,1,0,1,0,0,0
all0,90,1,0,1,0,0,0
all0,91,1,0,1,0,0,0
all0,92,1,0,1,0,0,0
all0,93,1,0,1,0,0,0
all0,94,1,0,1,0,0,0
all0,95,1,0,1,0,0,0
all0,96,1,0,1,0,0,0
all0,97,1,0,1,0,0,0
all0,98,1,0,1,0,0,0
all0,99,1,0,1,0,0,0
all0,100,1,0,1,0,0,0
all0,101,1,0,1,0,0,0
all0,102,1,0,1,0,0,0
all0,103,1,0,1,0,0,0
all0,104,1,0,1,0,0,0
all0,105,1,0,1,0,0,0
all0,106,1,0,1,0,0,0
all0,107,1,0,1,0,0,0
all0,108,1,0,1,0,0,0
all0,109,1,0,1,0,0,0
all0,110,1,0,1,0,0,0
all0,111,1,0,1,0,0,0
all0,112,1,0,1,0,0,0
all0,113,1,0,1,0,0,0
all0,114,1,0,1,0,0,0
all0,115,1,0,1,0,0,0
all0,116,1,0,1,0,0,0
all0,117,1,0,1,0,0,0
all0,118,1,0,1,0,0,0
all0,119,1,0,1,0,0,0
all0,120,1,0,1,0,0,0
"I2_d01_@30,31",0,1,0,1,0,0,0
"I2_d01_@30,31",1,1,0,1,0,0,0
"I2_d01_@30,31",2,1,0,1,0,0,0
"I2_d01_@30,31",3,1,0,1,0,0,0
"I2_d01_@30,31",4,1,0,1,0,0,0
"I2_d01_@30,31",5,1,0,1,0,0,0
"I2_d01_@30,31",6,1,0,1,0,0,0
"I2_d01_@30,31",7,1,0,1,0,0,0
"I2_d01_@30,31",8,1,0,1,0,0,0
"I2_d01_@30,31",9,1,0,1,0,0,0
"I2_d01_@30,31",10,1,0,1,0,0,0
"I2_d01_@30,31",11,1,0,1,0,0,0
"I2_d01_@30,31",12,1,0,1,0,0,0
"I2_d01_@30,31",13,1,0,1,0,0,0
"I2_d01_@30,31",14,1,0,1,0,0,0
"I2_d01_@30,31",15,1,0,1,0,0,0
"I2_d01_@30,31",16,1,0,1,0,0,0
"I2_d01_@30,31",17,1,0,1,0,0,0
"I2_d01_@30,31",18,1,0,1,0,0,0
"I2_d01_@30,31",19,1,0,1,0,0,0
"I2_d01_@30,31",20,1,0,1,0,0,0
"I2_d01_@30,31",21,1,0,1,0,0,0
"I2_d01_@30,31",22,1,0,1,0,0,0
"I2_d01_@30,31",23,1,0,1,0,0,0
"I2_d01_@30,31",24,1,0,1,0,0,0
"I2_d01_@30,31",25,1,0,1,0,0,0
"I2_d01_@30,31",26,1,0,1,0,0,0
"I2_d01_@30,31",27,1,0,1,0,0,0
"I2_d01_@30,31",28,1,0,1,0,0,0
"I2_d01_@30,31",29,1,0,1,0,0,0
"I2_d01_@30,31",30,1,0,1,0,0,0
"I2_d01_@30,31",31,1,1,0,1,0,0
"I2_d01_@30,31",32,1,0,1,1,1,0
"I2_d01_@30,31",33,1,0,1,1,1,0
"I2_d01_@30,31",34,1,0,1,1,1,0
"I2_d01_@30,31",35,1,0,1,1,1,0
"I2_d01_@30,31",36,1,0,1,1,1,0
"I2_d01_@30,31",37,1,0,1,1,1,0
"I2_d01_@30,31",38,1,0,1,1,1,0
"I2_d01_@30,31",39,1,0,1,1,1,0
"I2_d01_@30,31",40,1,0,1,1,1,0
"I2_d01_@30,31",41,1,0,1,1,1,0
"I2_d01_@30,31",42,1,0,1,1,1,0
"I2_d01_@30,31",43,1,0,1,1,1,0
"I2_d01_@30,31",44,1,0,1,1,1,0
"I2_d01_@30,31",45,1,0,1,1,1,0
"I2_d01_@30,31",46,1,0,1,1,1,0
"I2_d01_@30,31",47,1,0,1,1,1,0
"I2_d01_@30,31",48,1,0,1,1,1,0
"I2_d01_@30,31",49,1,0,1,1,1,0
"I2_d01_@30,31",50,1,0,1,1,1,0
"I2_d01_@30,31",51,1,0,1,1,1,0
"I2_d01_@30,31",52,1,0,1,1,1,0
"I2_d01_@30,31",53,1,0,1,1,1,0
"I2_d01_@30,31",54,1,0,1,1,1,0
"I2_d01_@30,31",55,1,0,1,1,1,0
"I2_d01_@30,31",56,1,0,1,1,1,0
"I2_d01_@30,31",57,1,0,1,1,1,0
"I2_d01_@30,31",58,1,0,1,1,1,0
"I2_d01_@30,31",59,1,0,1,1,1,0
"I2_d01_@30,31",60,1,0,1,1,1,0
"I2_d01_@30,31",61,1,0,1,1,1,0
"I2_d01_@30,31",62,1,0,1,1,1,0
"I2_d01_@30,31",63,1,0,1,1,1,0
"I2_d01_@30,31",64,1,0,1,1,1,0
"I2_d01_@30,31",65,1,0,1,1,1,0
"I2_d01_@30,31",66,1,0,1,1,1,0
"I2_d01_@30,31",67,1,0,1,1,1,0
"I2_d01_@30,31",68,1,0,1,1,1,0
"I2_d01_@30,31",69,1,0,1,1,1,0
"I2_d01_@30,31",70,1,0,1,1,1,0
"I2_d01_@30,31",71,1,0,1,1,1,0
"I2_d01_@30,31",72,1,0,1,1,1,0
"I2_d01_@30,31",73,1,0,1,1,1,0
"I2_d01_@30,31",74,1,0,1,1,1,0
"I2_d01_@30,31",75,1,0,1,1,1,0
"I2_d01_@30,31",76,1,0,1,1,1,0
"I2_d01_@30,31",77,1,0,1,1,1,0
"I2_d01_@30,31",78,1,0,1,1,1,0
"I2_d01_@30,31",79,1,0,1,1,1,0
"I2_d01_@30,31",80,1,0,1,1,1,0
"I2_d01_@30,31",81,1,0,1,1,1,0
"I2_d01_@30,31",82,1,0,1,1,1,0
"I2_d01_@30,31",83,1,0,1,1,1,0
"I2_d01_@30,31",84,1,0,1,1,1,0
"I2_d01_@30,31",85,1,0,1,1,1,0
"I2_d01_@30,31",86,1,0,1,1,1,0
"I2_d01_@30,31",87,1,0,1,1,1,0
"I2_d01_@30,31",88,1,0,1,1,1,0
"I2_d01_@30,31",89,1,0,1,1,1,0
"I2_d01_@30,31",90,1,0,1,1,1,0
"I2_d01_@30,31",91,1,0,1,1,1,0
"I2_d01_@30,31",92,1,0,1,1,1,0
"I2_d01_@30,31",93,1,0,1,1,1,0
"I2_d01_@30,31",94,1,0,1,1,1,0
"I2_d01_@30,31",95,1,0,1,1,1,0
"I2_d01_@30,31",96,1,0,1,1,1,0
"I2_d01_@30,31",97,1,0,1,1,1,0
"I2_d01_@30,31",98,1,0,1,1,1,0
"I2_d01_@30,31",99,1,0,1,1,1,0
"I2_d01_@30,31",100,1,0,1,1,1,0
"I2_d01_@30,31",101,1,0,1,1,1,0
"I2_d01_@30,31",102,1,0,1,1,1,0
"I2_d01_@30,31",103,1,0,1,1,1,0
"I2_d01_@30,31",104,1,0,1,1,1,0
"I2_d01_@30,31",105,1,0,1,1,1,0
"I2_d01_@30,31",106,1,0,1,1,1,0
"I2_d01_@30,31",107,1,0,1,1,1,0
"I2_d01_@30,31",108,1,0,1,1,1,0
"I2_d01_@30,31",109,1,0,1,1,1,0
"I2_d01_@30,31",110,1,0,1,1,1,0
"I2_d01_@30,31",111,1,0,1,1,1,0
"I2_d01_@30,31",112,1,0,1,1,1,0
"I2_d01_@30,31",113,1,0,1,1,1,0
"I2_d01_@30,31",114,1,0,1,1,1,0
"I2_d01_@30,31",115,1,0,1,1,1,0
"I2_d01_@30,31",116,1,0,1,1,1,0
"I2_d01_@30,31",117,1,0,1,1,1,0
"I2_d01_@30,31",118,1,0,1,1,1,0
"I2_d01_@30,31",119,1,0,1,1,1,0
"I2_d01_@30,31",120,1,0,1,1,1,0
"I2_d02_@30,32",0,1,0,1,0,0,0
"I2_d02_@30,32",1,1,0,1,0,0,0
"I2_d02_@30,32",2,1,0,1,0,0,0
"I2_d02_@30,32",3,1,0,1,0,0,0
"I2_d02_@30,32",4,1,0,1,0,0,0
"I2_d02_@30,32",5,1,0,1,0,0,0
"I2_d02_@30,32",6,1,0,1,0,0,0
"I2_d02_@30,32",7,1,0,1,0,0,0
"I2_d02_@30,32",8,1,0,1,0,0,0
"I2_d02_@30,32",9,1,0,1,0,0,0
"I2_d02_@30,32",10,1,0,1,0,0,0
"I2_d02_@30,32",11,1,0,1,0,0,0
"I2_d02_@30,32",12,1,0,1,0,0,0
"I2_d02_@30,32",13,1,0,1,0,0,0
"I2_d02_@30,32",14,1,0,1,0,0,0
"I2_d02_@30,32",15,1,0,1,0,0,0
"I2_d02_@30,32",16,1,0,1,0,0,0
"I2_d02_@30,32",17,1,0,1,0,0,0
"I2_d02_@30,32",18,1,0,1,0,0,0
"I2_d02_@30,32",19,1,0,1,0,0,0
"I2_d02_@30,32",20,1,0,1,0,0,0
"I2_d02_@30,32",21,1,0,1,0,0,0
"I2_d02_@30,32",22,1,0,1,0,0,0
"I2_d02_@30,32",23,1,0,1,0,0,0
"I2_d02_@30,32",24,1,0,1,0,0,0
"I2_d02_@30,32",25,1,0,1,0,0,0
"I2_d02_@30,32",26,1,0,1,0,0,0
"I2_d02_@30,32",27,1,0,1,0,0,0
"I2_d02_@30,32",28,1,0,1,0,0,0
"I2_d02_@30,32",29,1,0,1,0,0,0
"I2_d02_@30,32",30,1,0,1,0,0,0
"I2_d02_@30,32",31,1,1,1,0,0,0
"I2_d02_@30,32",32,1,1,0,1,0,0
"I2_d02_@30,32",33,1,0,1,1,1,0
"I2_d02_@30,32",34,1,0,1,1,1,0
"I2_d02_@30,32",35,1,0,1,1,1,0
"I2_d02_@30,32",36,1,0,1,1,1,0
"I2_d02_@30,32",37,1,0,1,1,1,0
"I2_d02_@30,32",38,1,0,1,1,1,0
"I2_d02_@30,32",39,1,0,1,1,1,0
"I2_d02_@30,32",40,1,0,1,1,1,0
"I2_d02_@30,32",41,1,0,1,1,1,0
"I2_d02_@30,32",42,1,0,1,1,1,0
"I2_d02_@30,32",43,1,0,1,1,1,0
"I2_d02_@30,32",44,1,0,1,1,1,0
"I2_d02_@30,32",45,1,0,1,1,1,0
"I2_d02_@30,32",46,1,0,1,1,1,0
"I2_d02_@30,32",47,1,0,1,1,1,0
"I2_d02_@30,32",48,1,0,1,1,1,0
"I2_d02_@30,32",49,1,0,1,1,1,0
"I2_d02_@30,32",50,1,0,1,1,1,0
"I2_d02_@30,32",51,1,0,1,1,1,0
"I2_d02_@30,32",52,1,0,1,1,1,0
"I2_d02_@30,32",53,1,0,1,1,1,0
"I2_d02_@30,32",54,1,0,1,1,1,0
"I2_d02_@30,32",55,1,0,1,1,1,0
"I2_d02_@30,32",56,1,0,1,1,1,0
"I2_d02_@30,32",57,1,0,1,1,1,0
"I2_d02_@30,32",58,1,0,1,1,1,0
"I2_d02_@30,32",59,1,0,1,1,1,0
"I2_d02_@30,32",60,1,0,1,1,1,0
"I2_d02_@30,32",61,1,0,1,1,1,0
"I2_d02_@30,32",62,1,0,1,1,1,0
"I2_d02_@30,32",63,1,0,1,1,1,0
"I2_d02_@30,32",64,1,0,1,1,1,0
"I2_d02_@30,32",65,1,0,1,1,1,0
"I2_d02_@30,32",66,1,0,1,1,1,0
"I2_d02_@30,32",67,1,0,1,1,1,0
"I2_d02_@30,32",68,1,0,1,1,1,0
"I2_d02_@30,32",69,1,0,1,1,1,0
"I2_d02_@30,32",70,1,0,1,1,1,0
"I2_d02_@30,32",71,1,0,1,1,1,0
"I2_d02_@30,32",72,1,0,1,1,1,0
"I2_d02_@30,32",73,1,0,1,1,1,0
"I2_d02_@30,32",74,1,0,1,1,1,0
"I2_d02_@30,32",75,1,0,1,1,1,0
"I2_d02_@30,32",76,1,0,1,1,1,0
"I2_d02_@30,32",77,1,0,1,1,1,0
"I2_d02_@30,32",78,1,0,1,1,1,0
"I2_d02_@30,32",79,1,0,1,1,1,0
"I2_d02_@30,32",80,1,0,1,1,1,0
"I2_d02_@30,32",81,1,0,1,1,1,0
"I2_d02_@30,32",82,1,0,1,1,1,0
"I2_d02_@30,32",83,1,0,1,1,1,0
"I2_d02_@30,32",84,1,0,1,1,1,0
"I2_d02_@30,32",85,1,0,1,1,1,0
"I2_d02_@30,32",86,1,0,1,1,1,0
"I2_d02_@30,32",87,1,0,1,1,1,0
"I2_d02_@30,32",88,1,0,1,1,1,0
"I2_d02_@30,32",89,1,0,1,1,1,0
"I2_d02_@30,32",90,1,0,1,1,1,0
"I2_d02_@30,32",91,1,0,1,1,1,0
"I2_d02_@30,32",92,1,0,1,1,1,0
"I2_d02_@30,32",93,1,0,1,1,1,0
"I2_d02_@30,32",94,1,0,1,1,1,0
"I2_d02_@30,32",95,1,0,1,1,1,0
"I2_d02_@30,32",96,1,0,1,1,1,0
"I2_d02_@30,32",97,1,0,1,1,1,0
"I2_d02_@30,32",98,1,0,1,1,1,0
"I2_d02_@30,32",99,1,0,1,1,1,0
"I2_d02_@30,32",100,1,0,1,1,1,0
"I2_d02_@30,32",101,1,0,1,1,1,0
"I2_d02_@30,32",102,1,0,1,1,1,0
"I2_d02_@30,32",103,1,0,1,1,1,0
"I2_d02_@30,32",104,1,0,1,1,1,0
"I2_d02_@30,32",105,1,0,1,1,1,0
"I2_d02_@30,32",106,1,0,1,1,1,0
"I2_d02_@30,32",107,1,0,1,1,1,0
"I2_d02_@30,32",108,1,0,1,1,1,0
"I2_d02_@30,32",109,1,0,1,1,1,0
"I2_d02_@30,32",110,1,0,1,1,1,0
"I2_d02_@30,32",111,1,0,1,1,1,0
"I2_d02_@30,32",112,1,0,1,1,1,0
"I2_d02_@30,32",113,1,0,1,1,1,0
"I2_d02_@30,32",114,1,0,1,1,1,0
"I2_d02_@30,32",115,1,0,1,1,1,0
"I2_d02_@30,32",116,1,0,1,1,1,0
"I2_d02_@30,32",117,1,0,1,1,1,0
"I2_d02_@30,32",118,1,0,1,1,1,0
"I2_d02_@30,32",119,1,0,1,1,1,0
"I2_d02_@30,32",120,1,0,1,1,1,0
"I2_d03_@30,33",0,1,0,1,0,0,0
"I2_d03_@30,33",1,1,0,1,0,0,0
"I2_d03_@30,33",2,1,0,1,0,0,0
"I2_d03_@30,33",3,1,0,1,0,0,0
"I2_d03_@30,33",4,1,0,1,0,0,0
"I2_d03_@30,33",5,1,0,1,0,0,0
"I2_d03_@30,33",6,1,0,1,0,0,0
"I2_d03_@30,33",7,1,0,1,0,0,0
"I2_d03_@30,33",8,1,0,1,0,0,0
"I2_d03_@30,33",9,1,0,1,0,0,0
"I2_d03_@30,33",10,1,0,1,0,0,0
"I2_d03_@30,33",11,1,0,1,0,0,0
"I2_d03_@30,33",12,1,0,1,0,0,0
"I2_d03_@30,33",13,1,0,1,0,0,0
"I2_d03_@30,33",14,1,0,1,0,0,0
"I2_d03_@30,33",15,1,0,1,0,0,0
"I2_d03_@30,33",16,1,0,1,0,0,0
"I2_d03_@30,33",17,1,0,1,0,0,0
"I2_d03_@30,33",18,1,0,1,0,0,0
"I2_d03_@30,33",19,1,0,1,0,0,0
"I2_d03_@30,33",20,1,0,1,0,0,0
"I2_d03_@30,33",21,1,0,1,0,0,0
"I2_d03_@30,33",22,1,0,1,0,0,0
"I2_d03_@30,33",23,1,0,1,0,0,0
"I2_d03_@30,33",24,1,0,1,0,0,0
"I2_d03_@30,33",25,1,0,1,0,0,0
"I2_d03_@30,33",26,1,0,1,0,0,0
"I2_d03_@30,33",27,1,0,1,0,0,0
"I2_d03_@30,33",28,1,0,1,0,0,0
"I2_d03_@30,33",29,1,0,1,0,0,0
"I2_d03_@30,33",30,1,0,1,0,0,0
"I2_d03_@30,33",31,1,1,1,0,0,0
"I2_d03_@30,33",32,1,1,1,0,0,0
"I2_d03_@30,33",33,1,1,0,1,0,0
"I2_d03_@30,33",34,1,0,1,1,1,0
"I2_d03_@30,33",35,1,0,1,1,1,0
"I2_d03_@30,33",36,1,0,1,1,1,0
"I2_d03_@30,33",37,1,0,1,1,1,0
"I2_d03_@30,33",38,1,0,1,1,1,0
"I2_d03_@30,33",39,1,0,1,1,1,0
"I2_d03_@30,33",40,1,0,1,1,1,0
"I2_d03_@30,33",41,1,0,1,1,1,0
"I2_d03_@30,33",42,1,0,1,1,1,0
"I2_d03_@30,33",43,1,0,1,1,1,0
"I2_d03_@30,33",44,1,0,1,1,1,0
"I2_d03_@30,33",45,1,0,1,1,1,0
"I2_d03_@30,33",46,1,0,1,1,1,0
"I2_d03_@30,33",47,1,0,1,1,1,0
"I2_d03_@30,33",48,1,0,1,1,1,0
"I2_d03_@30,33",49,1,0,1,1,1,0
"I2_d03_@30,33",50,1,0,1,1,1,0
"I2_d03_@30,33",51,1,0,1,1,1,0
"I2_d03_@30,33",52,1,0,1,1,1,0
"I2_d03_@30,33",53,1,0,1,1,1,0
"I2_d03_@30,33",54,1,0,1,1,1,0
"I2_d03_@30,33",55,1,0,1,1,1,0
"I2_d03_@30,33",56,1,0,1,1,1,0
"I2_d03_@30,33",57,1,0,1,1,1,0
"I2_d03_@30,33",58,1,0,1,1,1,0
"I2_d03_@30,33",59,1,0,1,1,1,0
"I2_d03_@30,33",60,1,0,1,1,1,0
"I2_d03_@30,33",61,1,0,1,1,1,0
"I2_d03_@30,33",62,1,0,1,1,1,0
"I2_d03_@30,33",63,1,0,1,1,1,0
"I2_d03_@30,33",64,1,0,1,1,1,0
"I2_d03_@30,33",65,1,0,1,1,1,0
"I2_d03_@30,33",66,1,0,1,1,1,0
"I2_d03_@30,33",67,1,0,1,1,1,0
"I2_d03_@30,33",68,1,0,1,1,1,0
"I2_d03_@30,33",69,1,0,1,1,1,0
"I2_d03_@30,33",70,1,0,1,1,1,0
"I2_d03_@30,33",71,1,0,1,1,1,0
"I2_d03_@30,33",72,1,0,1,1,1,0
"I2_d03_@30,33",73,1,0,1,1,1,0
"I2_d03_@30,33",74,1,0,1,1,1,0
"I2_d03_@30,33",75,1,0,1,1,1,0
"I2_d03_@30,33",76,1,0,1,1,1,0
"I2_d03_@30,33",77,1,0,1,1,1,0
"I2_d03_@30,33",78,1,0,1,1,1,0
"I2_d03_@30,33",79,1,0,1,1,1,0
"I2_d03_@30,33",80,1,0,1,1,1,0
"I2_d03_@30,33",81,1,0,1,1,1,0
"I2_d03_@30,33",82,1,0,1,1,1,0
"I2_d03_@30,33",83,1,0,1,1,1,0
"I2_d03_@30,33",84,1,0,1,1,1,0
"I2_d03_@30,33",85,1,0,1,1,1,0
"I2_d03_@30,33",86,1,0,1,1,1,0
"I2_d03_@30,33",87,1,0,1,1,1,0
"I2_d03_@30,33",88,1,0,1,1,1,0
"I2_d03_@30,33",89,1,0,1,1,1,0
"I2_d03_@30,33",90,1,0,1,1,1,0
"I2_d03_@30,33",91,1,0,1,1,1,0
"I2_d03_@30,33",92,1,0,1,1,1,0
"I2_d03_@30,33",93,1,0,1,1,1,0
"I2_d03_@30,33",94,1,0,1,1,1,0
"I2_d03_@30,33",95,1,0,1,1,1,0
"I2_d03_@30,33",96,1,0,1,1,1,0
"I2_d03_@30,33",97,1,0,1,1,1,0
"I2_d03_@30,33",98,1,0,1,1,1,0
"I2_d03_@30,33",99,1,0,1,1,1,0
"I2_d03_@30,33",100,1,0,1,1,1,0
"I2_d03_@30,33",101,1,0,1,1,1,0
"I2_d03_@30,33",102,1,0,1,1,1,0
"I2_d03_@30,33",103,1,0,1,1,1,0
"I2_d03_@30,33",104,1,0,1,1,1,0
"I2_d03_@30,33",105,1,0,1,1,1,0
"I2_d03_@30,33",106,1,0,1,1,1,0
"I2_d03_@30,33",107,1,0,1,1,1,0
"I2_d03_@30,33",108,1,0,1,1,1,0
"I2_d03_@30,33",109,1,0,1,1,1,0
"I2_d03_@30,33",110,1,0,1,1,1,0
"I2_d03_@30,33",111,1,0,1,1,1,0
"I2_d03_@30,33",112,1,0,1,1,1,0
"I2_d03_@30,33",113,1,0,1,1,1,0
"I2_d03_@30,33",114,1,0,1,1,1,0
"I2_d03_@30,33",115,1,0,1,1,1,0
"I2_d03_@30,33",116,1,0,1,1,1,0
"I2_d03_@30,33",117,1,0,1,1,1,0
"I2_d03_@30,33",118,1,0,1,1,1,0
"I2_d03_@30,33",119,1,0,1,1,1,0
"I2_d03_@30,33",120,1,0,1,1,1,0
"I2_d04_@30,34",0,1,0,1,0,0,0
"I2_d04_@30,34",1,1,0,1,0,0,0
"I2_d04_@30,34",2,1,0,1,0,0,0
"I2_d04_@30,34",3,1,0,1,0,0,0
"I2_d04_@30,34",4,1,0,1,0,0,0
"I2_d04_@30,34",5,1,0,1,0,0,0
"I2_d04_@30,34",6,1,0,1,0,0,0
"I2_d04_@30,34",7,1,0,1,0,0,0
"I2_d04_@30,34",8,1,0,1,0,0,0
"I2_d04_@30,34",9,1,0,1,0,0,0
"I2_d04_@30,34",10,1,0,1,0,0,0
"I2_d04_@30,34",11,1,0,1,0,0,0
"I2_d04_@30,34",12,1,0,1,0,0,0
"I2_d04_@30,34",13,1,0,1,0,0,0
"I2_d04_@30,34",14,1,0,1,0,0,0
"I2_d04_@30,34",15,1,0,1,0,0,0
"I2_d04_@30,34",16,1,0,1,0,0,0
"I2_d04_@30,34",17,1,0,1,0,0,0
"I2_d04_@30,34",18,1,0,1,0,0,0
"I2_d04_@30,34",19,1,0,1,0,0,0
"I2_d04_@30,34",20,1,0,1,0,0,0
"I2_d04_@30,34",21,1,0,1,0,0,0
"I2_d04_@30,34",22,1,0,1,0,0,0
"I2_d04_@30,34",23,1,0,1,0,0,0
"I2_d04_@30,34",24,1,0,1,0,0,0
"I2_d04_@30,34",25,1,0,1,0,0,0
"I2_d04_@30,34",26,1,0,1,0,0,0
"I2_d04_@30,34",27,1,0,1,0,0,0
"I2_d04_@30,34",28,1,0,1,0,0,0
"I2_d04_@30,34",29,1,0,1,0,0,0
"I2_d04_@30,34",30,1,0,1,0,0,0
"I2_d04_@30,34",31,1,1,1,0,0,0
"I2_d04_@30,34",32,1,1,1,0,0,0
"I2_d04_@30,34",33,1,1,1,0,0,0
"I2_d04_@30,34",34,1,1,0,1,0,0
"I2_d04_@30,34",35,1,0,1,1,1,0
"I2_d04_@30,34",36,1,0,1,1,1,0
"I2_d04_@30,34",37,1,0,1,1,1,0
"I2_d04_@30,34",38,1,0,1,1,1,0
"I2_d04_@30,34",39,1,0,1,1,1,0
"I2_d04_@30,34",40,1,0,1,1,1,0
"I2_d04_@30,34",41,1,0,1,1,1,0
"I2_d04_@30,34",42,1,0,1,1,1,0
"I2_d04_@30,34",43,1,0,1,1,1,0
"I2_d04_@30,34",44,1,0,1,1,1,0
"I2_d04_@30,34",45,1,0,1,1,1,0
"I2_d04_@30,34",46,1,0,1,1,1,0
"I2_d04_@30,34",47,1,0,1,1,1,0
"I2_d04_@30,34",48,1,0,1,1,1,0
"I2_d04_@30,34",49,1,0,1,1,1,0
"I2_d04_@30,34",50,1,0,1,1,1,0
"I2_d04_@30,34",51,1,0,1,1,1,0
"I2_d04_@30,34",52,1,0,1,1,1,0
"I2_d04_@30,34",53,1,0,1,1,1,0
"I2_d04_@30,34",54,1,0,1,1,1,0
"I2_d04_@30,34",55,1,0,1,1,1,0
"I2_d04_@30,34",56,1,0,1,1,1,0
"I2_d04_@30,34",57,1,0,1,1,1,0
"I2_d04_@30,34",58,1,0,1,1,1,0
"I2_d04_@30,34",59,1,0,1,1,1,0
"I2_d04_@30,34",60,1,0,1,1,1,0
"I2_d04_@30,34",61,1,0,1,1,1,0
"I2_d04_@30,34",62,1,0,1,1,1,0
"I2_d04_@30,34",63,1,0,1,1,1,0
"I2_d04_@30,34",64,1,0,1,1,1,0
"I2_d04_@30,34",65,1,0,1,1,1,0
"I2_d04_@30,34",66,1,0,1,1,1,0
"I2_d04_@30,34",67,1,0,1,1,1,0
"I2_d04_@30,34",68,1,0,1,1,1,0
"I2_d04_@30,34",69,1,0,1,1,1,0
"I2_d04_@30,34",70,1,0,1,1,1,0
"I2_d04_@30,34",71,1,0,1,1,1,0
"I2_d04_@30,34",72,1,0,1,1,1,0
"I2_d04_@30,34",73,1,0,1,1,1,0
"I2_d04_@30,34",74,1,0,1,1,1,0
"I2_d04_@30,34",75,1,0,1,1,1,0
"I2_d04_@30,34",76,1,0,1,1,1,0
"I2_d04_@30,34",77,1,0,1,1,1,0
"I2_d04_@30,34",78,1,0,1,1,1,0
"I2_d04_@30,34",79,1,0,1,1,1,0
"I2_d04_@30,34",80,1,0,1,1,1,0
"I2_d04_@30,34",81,1,0,1,1,1,0
"I2_d04_@30,34",82,1,0,1,1,1,0
"I2_d04_@30,34",83,1,0,1,1,1,0
"I2_d04_@30,34",84,1,0,1,1,1,0
"I2_d04_@30,34",85,1,0,1,1,1,0
"I2_d04_@30,34",86,1,0,1,1,1,0
"I2_d04_@30,34",87,1,0,1,1,1,0
"I2_d04_@30,34",88,1,0,1,1,1,0
"I2_d04_@30,34",89,1,0,1,1,1,0
"I2_d04_@30,34",90,1,0,1,1,1,0
"I2_d04_@30,34",91,1,0,1,1,1,0
"I2_d04_@30,34",92,1,0,1,1,1,0
"I2_d04_@30,34",93,1,0,1,1,1,0
"I2_d04_@30,34",94,1,0,1,1,1,0
"I2_d04_@30,34",95,1,0,1,1,1,0
"I2_d04_@30,34",96,1,0,1,1,1,0
"I2_d04_@30,34",97,1,0,1,1,1,0
"I2_d04_@30,34",98,1,0,1,1,1,0
"I2_d04_@30,34",99,1,0,1,1,1,0
"I2_d04_@30,34",100,1,0,1,1,1,0
"I2_d04_@30,34",101,1,0,1,1,1,0
"I2_d04_@30,34",102,1,0,1,1,1,0
"I2_d04_@30,34",103,1,0,1,1,1,0
"I2_d04_@30,34",104,1,0,1,1,1,0
"I2_d04_@30,34",105,1,0,1,1,1,0
"I2_d04_@30,34",106,1,0,1,1,1,0
"I2_d04_@30,34",107,1,0,1,1,1,0
"I2_d04_@30,34",108,1,0,1,1,1,0
"I2_d04_@30,34",109,1,0,1,1,1,0
"I2_d04_@30,34",110,1,0,1,1,1,0
"I2_d04_@30,34",111,1,0,1,1,1,0
"I2_d04_@30,34",112,1,0,1,1,1,0
"I2_d04_@30,34",113,1,0,1,1,1,0
"I2_d04_@30,34",114,1,0,1,1,1,0
"I2_d04_@30,34",115,1,0,1,1,1,0
"I2_d04_@30,34",116,1,0,1,1,1,0
"I2_d04_@30,34",117,1,0,1,1,1,0
"I2_d04_@30,34",118,1,0,1,1,1,0
"I2_d04_@30,34",119,1,0,1,1,1,0
"I2_d04_@30,34",120,1,0,1,1,1,0
"I2_d05_@30,35",0,1,0,1,0,0,0
"I2_d05_@30,35",1,1,0,1,0,0,0
"I2_d05_@30,35",2,1,0,1,0,0,0
"I2_d05_@30,35",3,1,0,1,0,0,0
"I2_d05_@30,35",4,1,0,1,0,0,0
"I2_d05_@30,35",5,1,0,1,0,0,0
"I2_d05_@30,35",6,1,0,1,0,0,0
"I2_d05_@30,35",7,1,0,1,0,0,0
"I2_d05_@30,35",8,1,0,1,0,0,0
"I2_d05_@30,35",9,1,0,1,0,0,0
"I2_d05_@30,35",10,1,0,1,0,0,0
"I2_d05_@30,35",11,1,0,1,0,0,0
"I2_d05_@30,35",12,1,0,1,0,0,0
"I2_d05_@30,35",13,1,0,1,0,0,0
"I2_d05_@30,35",14,1,0,1,0,0,0
"I2_d05_@30,35",15,1,0,1,0,0,0
"I2_d05_@30,35",16,1,0,1,0,0,0
"I2_d05_@30,35",17,1,0,1,0,0,0
"I2_d05_@30,35",18,1,0,1,0,0,0
"I2_d05_@30,35",19,1,0,1,0,0,0
"I2_d05_@30,35",20,1,0,1,0,0,0
"I2_d05_@30,35",21,1,0,1,0,0,0
"I2_d05_@30,35",22,1,0,1,0,0,0
"I2_d05_@30,35",23,1,0,1,0,0,0
"I2_d05_@30,35",24,1,0,1,0,0,0
"I2_d05_@30,35",25,1,0,1,0,0,0
"I2_d05_@30,35",26,1,0,1,0,0,0
"I2_d05_@30,35",27,1,0,1,0,0,0
"I2_d05_@30,35",28,1,0,1,0,0,0
"I2_d05_@30,35",29,1,0,1,0,0,0
"I2_d05_@30,35",30,1,0,1,0,0,0
"I2_d05_@30,35",31,1,1,1,0,0,0
"I2_d05_@30,35",32,1,1,1,0,0,0
"I2_d05_@30,35",33,1,1,1,0,0,0
"I2_d05_@30,35",34,1,1,1,0,0,0
"I2_d05_@30,35",35,1,1,0,1,0,0
"I2_d05_@30,35",36,1,0,1,1,1,0
"I2_d05_@30,35",37,1,0,1,1,1,0
"I2_d05_@30,35",38,1,0,1,1,1,0
"I2_d05_@30,35",39,1,0,1,1,1,0
"I2_d05_@30,35",40,1,0,1,1,1,0
"I2_d05_@30,35",41,1,0,1,1,1,0
"I2_d05_@30,35",42,1,0,1,1,1,0
"I2_d05_@30,35",43,1,0,1,1,1,0
"I2_d05_@30,35",44,1,0,1,1,1,0
"I2_d05_@30,35",45,1,0,1,1,1,0
"I2_d05_@30,35",46,1,0,1,1,1,0
"I2_d05_@30,35",47,1,0,1,1,1,0
"I2_d05_@30,35",48,1,0,1,1,1,0
"I2_d05_@30,35",49,1,0,1,1,1,0
"I2_d05_@30,35",50,1,0,1,1,1,0
"I2_d05_@30,35",51,1,0,1,1,1,0
"I2_d05_@30,35",52,1,0,1,1,1,0
"I2_d05_@30,35",53,1,0,1,1,1,0
"I2_d05_@30,35",54,1,0,1,1,1,0
"I2_d05_@30,35",55,1,0,1,1,1,0
"I2_d05_@30,35",56,1,0,1,1,1,0
"I2_d05_@30,35",57,1,0,1,1,1,0
"I2_d05_@30,35",58,1,0,1,1,1,0
"I2_d05_@30,35",59,1,0,1,1,1,0
"I2_d05_@30,35",60,1,0,1,1,1,0
"I2_d05_@30,35",61,1,0,1,1,1,0
"I2_d05_@30,35",62,1,0,1,1,1,0
"I2_d05_@30,35",63,1,0,1,1,1,0
"I2_d05_@30,35",64,1,0,1,1,1,0
"I2_d05_@30,35",65,1,0,1,1,1,0
"I2_d05_@30,35",66,1,0,1,1,1,0
"I2_d05_@30,35",67,1,0,1,1,1,0
"I2_d05_@30,35",68,1,0,1,1,1,0
"I2_d05_@30,35",69,1,0,1,1,1,0
"I2_d05_@30,35",70,1,0,1,1,1,0
"I2_d05_@30,35",71,1,0,1,1,1,0
"I2_d05_@30,35",72,1,0,1,1,1,0
"I2_d05_@30,35",73,1,0,1,1,1,0
"I2_d05_@30,35",74,1,0,1,1,1,0
"I2_d05_@30,35",75,1,0,1,1,1,0
"I2_d05_@30,35",76,1,0,1,1,1,0
"I2_d05_@30,35",77,1,0,1,1,1,0
"I2_d05_@30,35",78,1,0,1,1,1,0
"I2_d05_@30,35",79,1,0,1,1,1,0
"I2_d05_@30,35",80,1,0,1,1,1,0
"I2_d05_@30,35",81,1,0,1,1,1,0
"I2_d05_@30,35",82,1,0,1,1,1,0
"I2_d05_@30,35",83,1,0,1,1,1,0
"I2_d05_@30,35",84,1,0,1,1,1,0
"I2_d05_@30,35",85,1,0,1,1,1,0
"I2_d05_@30,35",86,1,0,1,1,1,0
"I2_d05_@30,35",87,1,0,1,1,1,0
"I2_d05_@30,35",88,1,0,1,1,1,0
"I2_d05_@30,35",89,1,0,1,1,1,0
"I2_d05_@30,35",90,1,0,1,1,1,0
"I2_d05_@30,35",91,1,0,1,1,1,0
"I2_d05_@30,35",92,1,0,1,1,1,0
"I2_d05_@30,35",93,1,0,1,1,1,0
"I2_d05_@30,35",94,1,0,1,1,1,0
"I2_d05_@30,35",95,1,0,1,1,1,0
"I2_d05_@30,35",96,1,0,1,1,1,0
"I2_d05_@30,35",97,1,0,1,1,1,0
"I2_d05_@30,35",98,1,0,1,1,1,0
"I2_d05_@30,35",99,1,0,1,1,1,0
"I2_d05_@30,35",100,1,0,1,1,1,0
"I2_d05_@30,35",101,1,0,1,1,1,0
"I2_d05_@30,35",102,1,0,1,1,1,0
"I2_d05_@30,35",103,1,0,1,1,1,0
"I2_d05_@30,35",104,1,0,1,1,1,0
"I2_d05_@30,35",105,1,0,1,1,1,0
"I2_d05_@30,35",106,1,0,1,1,1,0
"I2_d05_@30,35",107,1,0,1,1,1,0
"I2_d05_@30,35",108,1,0,1,1,1,0
"I2_d05_@30,35",109,1,0,1,1,1,0
"I2_d05_@30,35",110,1,0,1,1,1,0
"I2_d05_@30,35",111,1,0,1,1,1,0
"I2_d05_@30,35",112,1,0,1,1,1,0
"I2_d05_@30,35",113,1,0,1,1,1,0
"I2_d05_@30,35",114,1,0,1,1,1,0
"I2_d05_@30,35",115,1,0,1,1,1,0
"I2_d05_@30,35",116,1,0,1,1,1,0
"I2_d05_@30,35",117,1,0,1,1,1,0
"I2_d05_@30,35",118,1,0,1,1,1,0
"I2_d05_@30,35",119,1,0,1,1,1,0
"I2_d05_@30,35",120,1,0,1,1,1,0
"I2_d06_@30,36",0,1,0,1,0,0,0
"I2_d06_@30,36",1,1,0,1,0,0,0
"I2_d06_@30,36",2,1,0,1,0,0,0
"I2_d06_@30,36",3,1,0,1,0,0,0
"I2_d06_@30,36",4,1,0,1,0,0,0
"I2_d06_@30,36",5,1,0,1,0,0,0
"I2_d06_@30,36",6,1,0,1,0,0,0
"I2_d06_@30,36",7,1,0,1,0,0,0
"I2_d06_@30,36",8,1,0,1,0,0,0
"I2_d06_@30,36",9,1,0,1,0,0,0
"I2_d06_@30,36",10,1,0,1,0,0,0
"I2_d06_@30,36",11,1,0,1,0,0,0
"I2_d06_@30,36",12,1,0,1,0,0,0
"I2_d06_@30,36",13,1,0,1,0,0,0
"I2_d06_@30,36",14,1,0,1,0,0,0
"I2_d06_@30,36",15,1,0,1,0,0,0
"I2_d06_@30,36",16,1,0,1,0,0,0
"I2_d06_@30,36",17,1,0,1,0,0,0
"I2_d06_@30,36",18,1,0,1,0,0,0
"I2_d06_@30,36",19,1,0,1,0,0,0
"I2_d06_@30,36",20,1,0,1,0,0,0
"I2_d06_@30,36",21,1,0,1,0,0,0
"I2_d06_@30,36",22,1,0,1,0,0,0
"I2_d06_@30,36",23,1,0,1,0,0,0
"I2_d06_@30,36",24,1,0,1,0,0,0
"I2_d06_@30,36",25,1,0,1,0,0,0
"I2_d06_@30,36",26,1,0,1,0,0,0
"I2_d06_@30,36",27,1,0,1,0,0,0
"I2_d06_@30,36",28,1,0,1,0,0,0
"I2_d06_@30,36",29,1,0,1,0,0,0
"I2_d06_@30,36",30,1,0,1,0,0,0
"I2_d06_@30,36",31,1,1,1,0,0,0
"I2_d06_@30,36",32,1,1,1,0,0,0
"I2_d06_@30,36",33,1,1,1,0,0,0
"I2_d06_@30,36",34,1,1,1,0,0,0
"I2_d06_@30,36",35,1,1,1,0,0,0
"I2_d06_@30,36",36,1,1,0,1,0,0
"I2_d06_@30,36",37,1,0,1,1,1,0
"I2_d06_@30,36",38,1,0,1,1,1,0
"I2_d06_@30,36",39,1,0,1,1,1,0
"I2_d06_@30,36",40,1,0,1,1,1,0
"I2_d06_@30,36",41,1,0,1,1,1,0
"I2_d06_@30,36",42,1,0,1,1,1,0
"I2_d06_@30,36",43,1,0,1,1,1,0
"I2_d06_@30,36",44,1,0,1,1,1,0
"I2_d06_@30,36",45,1,0,1,1,1,0
"I2_d06_@30,36",46,1,0,1,1,1,0
"I2_d06_@30,36",47,1,0,1,1,1,0
"I2_d06_@30,36",48,1,0,1,1,1,0
"I2_d06_@30,36",49,1,0,1,1,1,0
"I2_d06_@30,36",50,1,0,1,1,1,0
"I2_d06_@30,36",51,1,0,1,1,1,0
"I2_d06_@30,36",52,1,0,1,1,1,0
"I2_d06_@30,36",53,1,0,1,1,1,0
"I2_d06_@30,36",54,1,0,1,1,1,0
"I2_d06_@30,36",55,1,0,1,1,1,0
"I2_d06_@30,36",56,1,0,1,1,1,0
"I2_d06_@30,36",57,1,0,1,1,1,0
"I2_d06_@30,36",58,1,0,1,1,1,0
"I2_d06_@30,36",59,1,0,1,1,1,0
"I2_d06_@30,36",60,1,0,1,1,1,0
"I2_d06_@30,36",61,1,0,1,1,1,0
"I2_d06_@30,36",62,1,0,1,1,1,0
"I2_d06_@30,36",63,1,0,1,1,1,0
"I2_d06_@30,36",64,1,0,1,1,1,0
"I2_d06_@30,36",65,1,0,1,1,1,0
"I2_d06_@30,36",66,1,0,1,1,1,0
"I2_d06_@30,36",67,1,0,1,1,1,0
"I2_d06_@30,36",68,1,0,1,1,1,0
"I2_d06_@30,36",69,1,0,1,1,1,0
"I2_d06_@30,36",70,1,0,1,1,1,0
"I2_d06_@30,36",71,1,0,1,1,1,0
"I2_d06_@30,36",72,1,0,1,1,1,0
"I2_d06_@30,36",73,1,0,1,1,1,0
"I2_d06_@30,36",74,1,0,1,1,1,0
"I2_d06_@30,36",75,1,0,1,1,1,0
"I2_d06_@30,36",76,1,0,1,1,1,0
"I2_d06_@30,36",77,1,0,1,1,1,0
"I2_d06_@30,36",78,1,0,1,1,1,0
"I2_d06_@30,36",79,1,0,1,1,1,0
"I2_d06_@30,36",80,1,0,1,1,1,0
"I2_d06_@30,36",81,1,0,1,1,1,0
"I2_d06_@30,36",82,1,0,1,1,1,0
"I2_d06_@30,36",83,1,0,1,1,1,0
"I2_d06_@30,36",84,1,0,1,1,1,0
"I2_d06_@30,36",85,1,0,1,1,1,0
"I2_d06_@30,36",86,1,0,1,1,1,0
"I2_d06_@30,36",87,1,0,1,1,1,0
"I2_d06_@30,36",88,1,0,1,1,1,0
"I2_d06_@30,36",89,1,0,1,1,1,0
"I2_d06_@30,36",90,1,0,1,1,1,0
"I2_d06_@30,36",91,1,0,1,1,1,0
"I2_d06_@30,36",92,1,0,1,1,1,0
"I2_d06_@30,36",93,1,0,1,1,1,0
"I2_d06_@30,36",94,1,0,1,1,1,0
"I2_d06_@30,36",95,1,0,1,1,1,0
"I2_d06_@30,36",96,1,0,1,1,1,0
"I2_d06_@30,36",97,1,0,1,1,1,0
"I2_d06_@30,36",98,1,0,1,1,1,0
"I2_d06_@30,36",99,1,0,1,1,1,0
"I2_d06_@30,36",100,1,0,1,1,1,0
"I2_d06_@30,36",101,1,0,1,1,1,0
"I2_d06_@30,36",102,1,0,1,1,1,0
"I2_d06_@30,36",103,1,0,1,1,1,0
"I2_d06_@30,36",104,1,0,1,1,1,0
"I2_d06_@30,36",105,1,0,1,1,1,0
"I2_d06_@30,36",106,1,0,1,1,1,0
"I2_d06_@30,36",107,1,0,1,1,1,0
"I2_d06_@30,36",108,1,0,1,1,1,0
"I2_d06_@30,36",109,1,0,1,1,1,0
"I2_d06_@30,36",110,1,0,1,1,1,0
"I2_d06_@30,36",111,1,0,1,1,1,0
"I2_d06_@30,36",112,1,0,1,1,1,0
"I2_d06_@30,36",113,1,0,1,1,1,0
"I2_d06_@30,36",114,1,0,1,1,1,0
"I2_d06_@30,36",115,1,0,1,1,1,0
"I2_d06_@30,36",116,1,0,1,1,1,0
"I2_d06_@30,36",117,1,0,1,1,1,0
"I2_d06_@30,36",118,1,0,1,1,1,0
"I2_d06_@30,36",119,1,0,1,1,1,0
"I2_d06_@30,36",120,1,0,1,1,1,0
"I2_d07_@30,37",0,1,0,1,0,0,0
"I2_d07_@30,37",1,1,0,1,0,0,0
"I2_d07_@30,37",2,1,0,1,0,0,0
"I2_d07_@30,37",3,1,0,1,0,0,0
"I2_d07_@30,37",4,1,0,1,0,0,0
"I2_d07_@30,37",5,1,0,1,0,0,0
"I2_d07_@30,37",6,1,0,1,0,0,0
"I2_d07_@30,37",7,1,0,1,0,0,0
"I2_d07_@30,37",8,1,0,1,0,0,0
"I2_d07_@30,37",9,1,0,1,0,0,0
"I2_d07_@30,37",10,1,0,1,0,0,0
"I2_d07_@30,37",11,1,0,1,0,0,0
"I2_d07_@30,37",12,1,0,1,0,0,0
"I2_d07_@30,37",13,1,0,1,0,0,0
"I2_d07_@30,37",14,1,0,1,0,0,0
"I2_d07_@30,37",15,1,0,1,0,0,0
"I2_d07_@30,37",16,1,0,1,0,0,0
"I2_d07_@30,37",17,1,0,1,0,0,0
"I2_d07_@30,37",18,1,0,1,0,0,0
"I2_d07_@30,37",19,1,0,1,0,0,0
"I2_d07_@30,37",20,1,0,1,0,0,0
"I2_d07_@30,37",21,1,0,1,0,0,0
"I2_d07_@30,37",22,1,0,1,0,0,0
"I2_d07_@30,37",23,1,0,1,0,0,0
"I2_d07_@30,37",24,1,0,1,0,0,0
"I2_d07_@30,37",25,1,0,1,0,0,0
"I2_d07_@30,37",26,1,0,1,0,0,0
"I2_d07_@30,37",27,1,0,1,0,0,0
"I2_d07_@30,37",28,1,0,1,0,0,0
"I2_d07_@30,37",29,1,0,1,0,0,0
"I2_d07_@30,37",30,1,0,1,0,0,0
"I2_d07_@30,37",31,1,1,1,0,0,0
"I2_d07_@30,37",32,1,1,1,0,0,0
"I2_d07_@30,37",33,1,1,1,0,0,0
"I2_d07_@30,37",34,1,1,1,0,0,0
"I2_d07_@30,37",35,1,1,1,0,0,0
"I2_d07_@30,37",36,1,1,1,0,0,0
"I2_d07_@30,37",37,1,1,0,1,0,0
"I2_d07_@30,37",38,1,0,1,1,1,0
"I2_d07_@30,37",39,1,0,1,1,1,0
"I2_d07_@30,37",40,1,0,1,1,1,0
"I2_d07_@30,37",41,1,0,1,1,1,0
"I2_d07_@30,37",42,1,0,1,1,1,0
"I2_d07_@30,37",43,1,0,1,1,1,0
"I2_d07_@30,37",44,1,0,1,1,1,0
"I2_d07_@30,37",45,1,0,1,1,1,0
"I2_d07_@30,37",46,1,0,1,1,1,0
"I2_d07_@30,37",47,1,0,1,1,1,0
"I2_d07_@30,37",48,1,0,1,1,1,0
"I2_d07_@30,37",49,1,0,1,1,1,0
"I2_d07_@30,37",50,1,0,1,1,1,0
"I2_d07_@30,37",51,1,0,1,1,1,0
"I2_d07_@30,37",52,1,0,1,1,1,0
"I2_d07_@30,37",53,1,0,1,1,1,0
"I2_d07_@30,37",54,1,0,1,1,1,0
"I2_d07_@30,37",55,1,0,1,1,1,0
"I2_d07_@30,37",56,1,0,1,1,1,0
"I2_d07_@30,37",57,1,0,1,1,1,0
"I2_d07_@30,37",58,1,0,1,1,1,0
"I2_d07_@30,37",59,1,0,1,1,1,0
"I2_d07_@30,37",60,1,0,1,1,1,0
"I2_d07_@30,37",61,1,0,1,1,1,0
"I2_d07_@30,37",62,1,0,1,1,1,0
"I2_d07_@30,37",63,1,0,1,1,1,0
"I2_d07_@30,37",64,1,0,1,1,1,0
"I2_d07_@30,37",65,1,0,1,1,1,0
"I2_d07_@30,37",66,1,0,1,1,1,0
"I2_d07_@30,37",67,1,0,1,1,1,0
"I2_d07_@30,37",68,1,0,1,1,1,0
"I2_d07_@30,37",69,1,0,1,1,1,0
"I2_d07_@30,37",70,1,0,1,1,1,0
"I2_d07_@30,37",71,1,0,1,1,1,0
"I2_d07_@30,37",72,1,0,1,1,1,0
"I2_d07_@30,37",73,1,0,1,1,1,0
"I2_d07_@30,37",74,1,0,1,1,1,0
"I2_d07_@30,37",75,1,0,1,1,1,0
"I2_d07_@30,37",76,1,0,1,1,1,0
"I2_d07_@30,37",77,1,0,1,1,1,0
"I2_d07_@30,37",78,1,0,1,1,1,0
"I2_d07_@30,37",79,1,0,1,1,1,0
"I2_d07_@30,37",80,1,0,1,1,1,0
"I2_d07_@30,37",81,1,0,1,1,1,0
"I2_d07_@30,37",82,1,0,1,1,1,0
"I2_d07_@30,37",83,1,0,1,1,1,0
"I2_d07_@30,37",84,1,0,1,1,1,0
"I2_d07_@30,37",85,1,0,1,1,1,0
"I2_d07_@30,37",86,1,0,1,1,1,0
"I2_d07_@30,37",87,1,0,1,1,1,0
"I2_d07_@30,37",88,1,0,1,1,1,0
"I2_d07_@30,37",89,1,0,1,1,1,0
"I2_d07_@30,37",90,1,0,1,1,1,0
"I2_d07_@30,37",91,1,0,1,1,1,0
"I2_d07_@30,37",92,1,0,1,1,1,0
"I2_d07_@30,37",93,1,0,1,1,1,0
"I2_d07_@30,37",94,1,0,1,1,1,0
"I2_d07_@30,37",95,1,0,1,1,1,0
"I2_d07_@30,37",96,1,0,1,1,1,0
"I2_d07_@30,37",97,1,0,1,1,1,0
"I2_d07_@30,37",98,1,0,1,1,1,0
"I2_d07_@30,37",99,1,0,1,1,1,0
"I2_d07_@30,37",100,1,0,1,1,1,0
"I2_d07_@30,37",101,1,0,1,1,1,0
"I2_d07_@30,37",102,1,0,1,1,1,0
"I2_d07_@30,37",103,1,0,1,1,1,0
"I2_d07_@30,37",104,1,0,1,1,1,0
"I2_d07_@30,37",105,1,0,1,1,1,0
"I2_d07_@30,37",106,1,0,1,1,1,0
"I2_d07_@30,37",107,1,0,1,1,1,0
"I2_d07_@30,37",108,1,0,1,1,1,0
"I2_d07_@30,37",109,1,0,1,1,1,0
"I2_d07_@30,37",110,1,0,1,1,1,0
"I2_d07_@30,37",111,1,0,1,1,1,0
"I2_d07_@30,37",112,1,0,1,1,1,0
"I2_d07_@30,37",113,1,0,1,1,1,0
"I2_d07_@30,37",114,1,0,1,1,1,0
"I2_d07_@30,37",115,1,0,1,1,1,0
"I2_d07_@30,37",116,1,0,1,1,1,0
"I2_d07_@30,37",117,1,0,1,1,1,0
"I2_d07_@30,37",118,1,0,1,1,1,0
"I2_d07_@30,37",119,1,0,1,1,1,0
"I2_d07_@30,37",120,1,0,1,1,1,0
"I2_d08_@30,38",0,1,0,1,0,0,0
"I2_d08_@30,38",1,1,0,1,0,0,0
"I2_d08_@30,38",2,1,0,1,0,0,0
"I2_d08_@30,38",3,1,0,1,0,0,0
"I2_d08_@30,38",4,1,0,1,0,0,0
"I2_d08_@30,38",5,1,0,1,0,0,0
"I2_d08_@30,38",6,1,0,1,0,0,0
"I2_d08_@30,38",7,1,0,1,0,0,0
"I2_d08_@30,38",8,1,0,1,0,0,0
"I2_d08_@30,38",9,1,0,1,0,0,0
"I2_d08_@30,38",10,1,0,1,0,0,0
"I2_d08_@30,38",11,1,0,1,0,0,0
"I2_d08_@30,38",12,1,0,1,0,0,0
"I2_d08_@30,38",13,1,0,1,0,0,0
"I2_d08_@30,38",14,1,0,1,0,0,0
"I2_d08_@30,38",15,1,0,1,0,0,0
"I2_d08_@30,38",16,1,0,1,0,0,0
"I2_d08_@30,38",17,1,0,1,0,0,0
"I2_d08_@30,38",18,1,0,1,0,0,0
"I2_d08_@30,38",19,1,0,1,0,0,0
"I2_d08_@30,38",20,1,0,1,0,0,0
"I2_d08_@30,38",21,1,0,1,0,0,0
"I2_d08_@30,38",22,1,0,1,0,0,0
"I2_d08_@30,38",23,1,0,1,0,0,0
"I2_d08_@30,38",24,1,0,1,0,0,0
"I2_d08_@30,38",25,1,0,1,0,0,0
"I2_d08_@30,38",26,1,0,1,0,0,0
"I2_d08_@30,38",27,1,0,1,0,0,0
"I2_d08_@30,38",28,1,0,1,0,0,0
"I2_d08_@30,38",29,1,0,1,0,0,0
"I2_d08_@30,38",30,1,0,1,0,0,0
"I2_d08_@30,38",31,1,1,1,0,0,0
"I2_d08_@30,38",32,1,1,1,0,0,0
"I2_d08_@30,38",33,1,1,1,0,0,0
"I2_d08_@30,38",34,1,1,1,0,0,0
"I2_d08_@30,38",35,1,1,1,0,0,0
"I2_d08_@30,38",36,1,1,1,0,0,0
"I2_d08_@30,38",37,1,1,1,0,0,0
"I2_d08_@30,38",38,1,1,0,1,0,0
"I2_d08_@30,38",39,1,0,1,1,1,0
"I2_d08_@30,38",40,1,0,1,1,1,0
"I2_d08_@30,38",41,1,0,1,1,1,0
"I2_d08_@30,38",42,1,0,1,1,1,0
"I2_d08_@30,38",43,1,0,1,1,1,0
"I2_d08_@30,38",44,1,0,1,1,1,0
"I2_d08_@30,38",45,1,0,1,1,1,0
"I2_d08_@30,38",46,1,0,1,1,1,0
"I2_d08_@30,38",47,1,0,1,1,1,0
"I2_d08_@30,38",48,1,0,1,1,1,0
"I2_d08_@30,38",49,1,0,1,1,1,0
"I2_d08_@30,38",50,1,0,1,1,1,0
"I2_d08_@30,38",51,1,0,1,1,1,0
"I2_d08_@30,38",52,1,0,1,1,1,0
"I2_d08_@30,38",53,1,0,1,1,1,0
"I2_d08_@30,38",54,1,0,1,1,1,0
"I2_d08_@30,38",55,1,0,1,1,1,0
"I2_d08_@30,38",56,1,0,1,1,1,0
"I2_d08_@30,38",57,1,0,1,1,1,0
"I2_d08_@30,38",58,1,0,1,1,1,0
"I2_d08_@30,38",59,1,0,1,1,1,0
"I2_d08_@30,38",60,1,0,1,1,1,0
"I2_d08_@30,38",61,1,0,1,1,1,0
"I2_d08_@30,38",62,1,0,1,1,1,0
"I2_d08_@30,38",63,1,0,1,1,1,0
"I2_d08_@30,38",64,1,0,1,1,1,0
"I2_d08_@30,38",65,1,0,1,1,1,0
"I2_d08_@30,38",66,1,0,1,1,1,0
"I2_d08_@30,38",67,1,0,1,1,1,0
"I2_d08_@30,38",68,1,0,1,1,1,0
"I2_d08_@30,38",69,1,0,1,1,1,0
"I2_d08_@30,38",70,1,0,1,1,1,0
"I2_d08_@30,38",71,1,0,1,1,1,0
"I2_d08_@30,38",72,1,0,1,1,1,0
"I2_d08_@30,38",73,1,0,1,1,1,0
"I2_d08_@30,38",74,1,0,1,1,1,0
"I2_d08_@30,38",75,1,0,1,1,1,0
"I2_d08_@30,38",76,1,0,1,1,1,0
"I2_d08_@30,38",77,1,0,1,1,1,0
"I2_d08_@30,38",78,1,0,1,1,1,0
"I2_d08_@30,38",79,1,0,1,1,1,0
"I2_d08_@30,38",80,1,0,1,1,1,0
"I2_d08_@30,38",81,1,0,1,1,1,0
"I2_d08_@30,38",82,1,0,1,1,1,0
"I2_d08_@30,38",83,1,0,1,1,1,0
"I2_d08_@30,38",84,1,0,1,1,1,0
"I2_d08_@30,38",85,1,0,1,1,1,0
"I2_d08_@30,38",86,1,0,1,1,1,0
"I2_d08_@30,38",87,1,0,1,1,1,0
"I2_d08_@30,38",88,1,0,1,1,1,0
"I2_d08_@30,38",89,1,0,1,1,1,0
"I2_d08_@30,38",90,1,0,1,1,1,0
"I2_d08_@30,38",91,1,0,1,1,1,0
"I2_d08_@30,38",92,1,0,1,1,1,0
"I2_d08_@30,38",93,1,0,1,1,1,0
"I2_d08_@30,38",94,1,0,1,1,1,0
"I2_d08_@30,38",95,1,0,1,1,1,0
"I2_d08_@30,38",96,1,0,1,1,1,0
"I2_d08_@30,38",97,1,0,1,1,1,0
"I2_d08_@30,38",98,1,0,1,1,1,0
"I2_d08_@30,38",99,1,0,1,1,1,0
"I2_d08_@30,38",100,1,0,1,1,1,0
"I2_d08_@30,38",101,1,0,1,1,1,0
"I2_d08_@30,38",102,1,0,1,1,1,0
"I2_d08_@30,38",103,1,0,1,1,1,0
"I2_d08_@30,38",104,1,0,1,1,1,0
"I2_d08_@30,38",105,1,0,1,1,1,0
"I2_d08_@30,38",106,1,0,1,1,1,0
"I2_d08_@30,38",107,1,0,1,1,1,0
"I2_d08_@30,38",108,1,0,1,1,1,0
"I2_d08_@30,38",109,1,0,1,1,1,0
"I2_d08_@30,38",110,1,0,1,1,1,0
"I2_d08_@30,38",111,1,0,1,1,1,0
"I2_d08_@30,38",112,1,0,1,1,1,0
"I2_d08_@30,38",113,1,0,1,1,1,0
"I2_d08_@30,38",114,1,0,1,1,1,0
"I2_d08_@30,38",115,1,0,1,1,1,0
"I2_d08_@30,38",116,1,0,1,1,1,0
"I2_d08_@30,38",117,1,0,1,1,1,0
"I2_d08_@30,38",118,1,0,1,1,1,0
"I2_d08_@30,38",119,1,0,1,1,1,0
"I2_d08_@30,38",120,1,0,1,1,1,0
"I2_d09_@30,39",0,1,0,1,0,0,0
"I2_d09_@30,39",1,1,0,1,0,0,0
"I2_d09_@30,39",2,1,0,1,0,0,0
"I2_d09_@30,39",3,1,0,1,0,0,0
"I2_d09_@30,39",4,1,0,1,0,0,0
"I2_d09_@30,39",5,1,0,1,0,0,0
"I2_d09_@30,39",6,1,0,1,0,0,0
"I2_d09_@30,39",7,1,0,1,0,0,0
"I2_d09_@30,39",8,1,0,1,0,0,0
"I2_d09_@30,39",9,1,0,1,0,0,0
"I2_d09_@30,39",10,1,0,1,0,0,0
"I2_d09_@30,39",11,1,0,1,0,0,0
"I2_d09_@30,39",12,1,0,1,0,0,0
"I2_d09_@30,39",13,1,0,1,0,0,0
"I2_d09_@30,39",14,1,0,1,0,0,0
"I2_d09_@30,39",15,1,0,1,0,0,0
"I2_d09_@30,39",16,1,0,1,0,0,0
"I2_d09_@30,39",17,1,0,1,0,0,0
"I2_d09_@30,39",18,1,0,1,0,0,0
"I2_d09_@30,39",19,1,0,1,0,0,0
"I2_d09_@30,39",20,1,0,1,0,0,0
"I2_d09_@30,39",21,1,0,1,0,0,0
"I2_d09_@30,39",22,1,0,1,0,0,0
"I2_d09_@30,39",23,1,0,1,0,0,0
"I2_d09_@30,39",24,1,0,1,0,0,0
"I2_d09_@30,39",25,1,0,1,0,0,0
"I2_d09_@30,39",26,1,0,1,0,0,0
"I2_d09_@30,39",27,1,0,1,0,0,0
"I2_d09_@30,39",28,1,0,1,0,0,0
"I2_d09_@30,39",29,1,0,1,0,0,0
"I2_d09_@30,39",30,1,0,1,0,0,0
"I2_d09_@30,39",31,1,1,1,0,0,0
"I2_d09_@30,39",32,1,1,1,0,0,0
"I2_d09_@30,39",33,1,1,1,0,0,0
"I2_d09_@30,39",34,1,1,1,0,0,0
"I2_d09_@30,39",35,1,1,1,0,0,0
"I2_d09_@30,39",36,1,1,1,0,0,0
"I2_d09_@30,39",37,1,1,1,0,0,0
"I2_d09_@30,39",38,1,1,1,0,0,0
"I2_d09_@30,39",39,1,1,0,1,0,0
"I2_d09_@30,39",40,1,0,1,1,1,0
"I2_d09_@30,39",41,1,0,1,1,1,0
"I2_d09_@30,39",42,1,0,1,1,1,0
"I2_d09_@30,39",43,1,0,1,1,1,0
"I2_d09_@30,39",44,1,0,1,1,1,0
"I2_d09_@30,39",45,1,0,1,1,1,0
"I2_d09_@30,39",46,1,0,1,1,1,0
"I2_d09_@30,39",47,1,0,1,1,1,0
"I2_d09_@30,39",48,1,0,1,1,1,0
"I2_d09_@30,39",49,1,0,1,1,1,0
"I2_d09_@30,39",50,1,0,1,1,1,0
"I2_d09_@30,39",51,1,0,1,1,1,0
"I2_d09_@30,39",52,1,0,1,1,1,0
"I2_d09_@30,39",53,1,0,1,1,1,0
"I2_d09_@30,39",54,1,0,1,1,1,0
"I2_d09_@30,39",55,1,0,1,1,1,0
"I2_d09_@30,39",56,1,0,1,1,1,0
"I2_d09_@30,39",57,1,0,1,1,1,0
"I2_d09_@30,39",58,1,0,1,1,1,0
"I2_d09_@30,39",59,1,0,1,1,1,0
"I2_d09_@30,39",60,1,0,1,1,1,0
"I2_d09_@30,39",61,1,0,1,1,1,0
"I2_d09_@30,39",62,1,0,1,1,1,0
"I2_d09_@30,39",63,1,0,1,1,1,0
"I2_d09_@30,39",64,1,0,1,1,1,0
"I2_d09_@30,39",65,1,0,1,1,1,0
"I2_d09_@30,39",66,1,0,1,1,1,0
"I2_d09_@30,39",67,1,0,1,1,1,0
"I2_d09_@30,39",68,1,0,1,1,1,0
"I2_d09_@30,39",69,1,0,1,1,1,0
"I2_d09_@30,39",70,1,0,1,1,1,0
"I2_d09_@30,39",71,1,0,1,1,1,0
"I2_d09_@30,39",72,1,0,1,1,1,0
"I2_d09_@30,39",73,1,0,1,1,1,0
"I2_d09_@30,39",74,1,0,1,1,1,0
"I2_d09_@30,39",75,1,0,1,1,1,0
"I2_d09_@30,39",76,1,0,1,1,1,0
"I2_d09_@30,39",77,1,0,1,1,1,0
"I2_d09_@30,39",78,1,0,1,1,1,0
"I2_d09_@30,39",79,1,0,1,1,1,0
"I2_d09_@30,39",80,1,0,1,1,1,0
"I2_d09_@30,39",81,1,0,1,1,1,0
"I2_d09_@30,39",82,1,0,1,1,1,0
"I2_d09_@30,39",83,1,0,1,1,1,0
"I2_d09_@30,39",84,1,0,1,1,1,0
"I2_d09_@30,39",85,1,0,1,1,1,0
"I2_d09_@30,39",86,1,0,1,1,1,0
"I2_d09_@30,39",87,1,0,1,1,1,0
"I2_d09_@30,39",88,1,0,1,1,1,0
"I2_d09_@30,39",89,1,0,1,1,1,0
"I2_d09_@30,39",90,1,0,1,1,1,0
"I2_d09_@30,39",91,1,0,1,1,1,0
"I2_d09_@30,39",92,1,0,1,1,1,0
"I2_d09_@30,39",93,1,0,1,1,1,0
"I2_d09_@30,39",94,1,0,1,1,1,0
"I2_d09_@30,39",95,1,0,1,1,1,0
"I2_d09_@30,39",96,1,0,1,1,1,0
"I2_d09_@30,39",97,1,0,1,1,1,0
"I2_d09_@30,39",98,1,0,1,1,1,0
"I2_d09_@30,39",99,1,0,1,1,1,0
"I2_d09_@30,39",100,1,0,1,1,1,0
"I2_d09_@30,39",101,1,0,1,1,1,0
"I2_d09_@30,39",102,1,0,1,1,1,0
"I2_d09_@30,39",103,1,0,1,1,1,0
"I2_d09_@30,39",104,1,0,1,1,1,0
"I2_d09_@30,39",105,1,0,1,1,1,0
"I2_d09_@30,39",106,1,0,1,1,1,0
"I2_d09_@30,39",107,1,0,1,1,1,0
"I2_d09_@30,39",108,1,0,1,1,1,0
"I2_d09_@30,39",109,1,0,1,1,1,0
"I2_d09_@30,39",110,1,0,1,1,1,0
"I2_d09_@30,39",111,1,0,1,1,1,0
"I2_d09_@30,39",112,1,0,1,1,1,0
"I2_d09_@30,39",113,1,0,1,1,1,0
"I2_d09_@30,39",114,1,0,1,1,1,0
"I2_d09_@30,39",115,1,0,1,1,1,0
"I2_d09_@30,39",116,1,0,1,1,1,0
"I2_d09_@30,39",117,1,0,1,1,1,0
"I2_d09_@30,39",118,1,0,1,1,1,0
"I2_d09_@30,39",119,1,0,1,1,1,0
"I2_d09_@30,39",120,1,0,1,1,1,0
"I2_d10_@30,40",0,1,0,1,0,0,0
"I2_d10_@30,40",1,1,0,1,0,0,0
"I2_d10_@30,40",2,1,0,1,0,0,0
"I2_d10_@30,40",3,1,0,1,0,0,0
"I2_d10_@30,40",4,1,0,1,0,0,0
"I2_d10_@30,40",5,1,0,1,0,0,0
"I2_d10_@30,40",6,1,0,1,0,0,0
"I2_d10_@30,40",7,1,0,1,0,0,0
"I2_d10_@30,40",8,1,0,1,0,0,0
"I2_d10_@30,40",9,1,0,1,0,0,0
"I2_d10_@30,40",10,1,0,1,0,0,0
"I2_d10_@30,40",11,1,0,1,0,0,0
"I2_d10_@30,40",12,1,0,1,0,0,0
"I2_d10_@30,40",13,1,0,1,0,0,0
"I2_d10_@30,40",14,1,0,1,0,0,0
"I2_d10_@30,40",15,1,0,1,0,0,0
"I2_d10_@30,40",16,1,0,1,0,0,0
"I2_d10_@30,40",17,1,0,1,0,0,0
"I2_d10_@30,40",18,1,0,1,0,0,0
"I2_d10_@30,40",19,1,0,1,0,0,0
"I2_d10_@30,40",20,1,0,1,0,0,0
"I2_d10_@30,40",21,1,0,1,0,0,0
"I2_d10_@30,40",22,1,0,1,0,0,0
"I2_d10_@30,40",23,1,0,1,0,0,0
"I2_d10_@30,40",24,1,0,1,0,0,0
"I2_d10_@30,40",25,1,0,1,0,0,0
"I2_d10_@30,40",26,1,0,1,0,0,0
"I2_d10_@30,40",27,1,0,1,0,0,0
"I2_d10_@30,40",28,1,0,1,0,0,0
"I2_d10_@30,40",29,1,0,1,0,0,0
"I2_d10_@30,40",30,1,0,1,0,0,0
"I2_d10_@30,40",31,1,1,1,0,0,0
"I2_d10_@30,40",32,1,1,1,0,0,0
"I2_d10_@30,40",33,1,1,1,0,0,0
"I2_d10_@30,40",34,1,1,1,0,0,0
"I2_d10_@30,40",35,1,1,1,0,0,0
"I2_d10_@30,40",36,1,1,1,0,0,0
"I2_d10_@30,40",37,1,1,1,0,0,0
"I2_d10_@30,40",38,1,1,1,0,0,0
"I2_d10_@30,40",39,1,1,1,0,0,0
"I2_d10_@30,40",40,1,1,0,1,0,0
"I2_d10_@30,40",41,1,0,1,1,1,0
"I2_d10_@30,40",42,1,0,1,1,1,0
"I2_d10_@30,40",43,1,0,1,1,1,0
"I2_d10_@30,40",44,1,0,1,1,1,0
"I2_d10_@30,40",45,1,0,1,1,1,0
"I2_d10_@30,40",46,1,0,1,1,1,0
"I2_d10_@30,40",47,1,0,1,1,1,0
"I2_d10_@30,40",48,1,0,1,1,1,0
"I2_d10_@30,40",49,1,0,1,1,1,0
"I2_d10_@30,40",50,1,0,1,1,1,0
"I2_d10_@30,40",51,1,0,1,1,1,0
"I2_d10_@30,40",52,1,0,1,1,1,0
"I2_d10_@30,40",53,1,0,1,1,1,0
"I2_d10_@30,40",54,1,0,1,1,1,0
"I2_d10_@30,40",55,1,0,1,1,1,0
"I2_d10_@30,40",56,1,0,1,1,1,0
"I2_d10_@30,40",57,1,0,1,1,1,0
"I2_d10_@30,40",58,1,0,1,1,1,0
"I2_d10_@30,40",59,1,0,1,1,1,0
"I2_d10_@30,40",60,1,0,1,1,1,0
"I2_d10_@30,40",61,1,0,1,1,1,0
"I2_d10_@30,40",62,1,0,1,1,1,0
"I2_d10_@30,40",63,1,0,1,1,1,0
"I2_d10_@30,40",64,1,0,1,1,1,0
"I2_d10_@30,40",65,1,0,1,1,1,0
"I2_d10_@30,40",66,1,0,1,1,1,0
"I2_d10_@30,40",67,1,0,1,1,1,0
"I2_d10_@30,40",68,1,0,1,1,1,0
"I2_d10_@30,40",69,1,0,1,1,1,0
"I2_d10_@30,40",70,1,0,1,1,1,0
"I2_d10_@30,40",71,1,0,1,1,1,0
"I2_d10_@30,40",72,1,0,1,1,1,0
"I2_d10_@30,40",73,1,0,1,1,1,0
"I2_d10_@30,40",74,1,0,1,1,1,0
"I2_d10_@30,40",75,1,0,1,1,1,0
"I2_d10_@30,40",76,1,0,1,1,1,0
"I2_d10_@30,40",77,1,0,1,1,1,0
"I2_d10_@30,40",78,1,0,1,1,1,0
"I2_d10_@30,40",79,1,0,1,1,1,0
"I2_d10_@30,40",80,1,0,1,1,1,0
"I2_d10_@30,40",81,1,0,1,1,1,0
"I2_d10_@30,40",82,1,0,1,1,1,0
"I2_d10_@30,40",83,1,0,1,1,1,0
"I2_d10_@30,40",84,1,0,1,1,1,0
"I2_d10_@30,40",85,1,0,1,1,1,0
"I2_d10_@30,40",86,1,0,1,1,1,0
"I2_d10_@30,40",87,1,0,1,1,1,0
"I2_d10_@30,40",88,1,0,1,1,1,0
"I2_d10_@30,40",89,1,0,1,1,1,0
"I2_d10_@30,40",90,1,0,1,1,1,0
"I2_d10_@30,40",91,1,0,1,1,1,0
"I2_d10_@30,40",92,1,0,1,1,1,0
"I2_d10_@30,40",93,1,0,1,1,1,0
"I2_d10_@30,40",94,1,0,1,1,1,0
"I2_d10_@30,40",95,1,0,1,1,1,0
"I2_d10_@30,40",96,1,0,1,1,1,0
"I2_d10_@30,40",97,1,0,1,1,1,0
"I2_d10_@30,40",98,1,0,1,1,1,0
"I2_d10_@30,40",99,1,0,1,1,1,0
"I2_d10_@30,40",100,1,0,1,1,1,0
"I2_d10_@30,40",101,1,0,1,1,1,0
"I2_d10_@30,40",102,1,0,1,1,1,0
"I2_d10_@30,40",103,1,0,1,1,1,0
"I2_d10_@30,40",104,1,0,1,1,1,0
"I2_d10_@30,40",105,1,0,1,1,1,0
"I2_d10_@30,40",106,1,0,1,1,1,0
"I2_d10_@30,40",107,1,0,1,1,1,0
"I2_d10_@30,40",108,1,0,1,1,1,0
"I2_d10_@30,40",109,1,0,1,1,1,0
"I2_d10_@30,40",110,1,0,1,1,1,0
"I2_d10_@30,40",111,1,0,1,1,1,0
"I2_d10_@30,40",112,1,0,1,1,1,0
"I2_d10_@30,40",113,1,0,1,1,1,0
"I2_d10_@30,40",114,1,0,1,1,1,0
"I2_d10_@30,40",115,1,0,1,1,1,0
"I2_d10_@30,40",116,1,0,1,1,1,0
"I2_d10_@30,40",117,1,0,1,1,1,0
"I2_d10_@30,40",118,1,0,1,1,1,0
"I2_d10_@30,40",119,1,0,1,1,1,0
"I2_d10_@30,40",120,1,0,1,1,1,0
"I2_d11_@30,41",0,1,0,1,0,0,0
"I2_d11_@30,41",1,1,0,1,0,0,0
"I2_d11_@30,41",2,1,0,1,0,0,0
"I2_d11_@30,41",3,1,0,1,0,0,0
"I2_d11_@30,41",4,1,0,1,0,0,0
"I2_d11_@30,41",5,1,0,1,0,0,0
"I2_d11_@30,41",6,1,0,1,0,0,0
"I2_d11_@30,41",7,1,0,1,0,0,0
"I2_d11_@30,41",8,1,0,1,0,0,0
"I2_d11_@30,41",9,1,0,1,0,0,0
"I2_d11_@30,41",10,1,0,1,0,0,0
"I2_d11_@30,41",11,1,0,1,0,0,0
"I2_d11_@30,41",12,1,0,1,0,0,0
"I2_d11_@30,41",13,1,0,1,0,0,0
"I2_d11_@30,41",14,1,0,1,0,0,0
"I2_d11_@30,41",15,1,0,1,0,0,0
"I2_d11_@30,41",16,1,0,1,0,0,0
"I2_d11_@30,41",17,1,0,1,0,0,0
"I2_d11_@30,41",18,1,0,1,0,0,0
"I2_d11_@30,41",19,1,0,1,0,0,0
"I2_d11_@30,41",20,1,0,1,0,0,0
"I2_d11_@30,41",21,1,0,1,0,0,0
"I2_d11_@30,41",22,1,0,1,0,0,0
"I2_d11_@30,41",23,1,0,1,0,0,0
"I2_d11_@30,41",24,1,0,1,0,0,0
"I2_d11_@30,41",25,1,0,1,0,0,0
"I2_d11_@30,41",26,1,0,1,0,0,0
"I2_d11_@30,41",27,1,0,1,0,0,0
"I2_d11_@30,41",28,1,0,1,0,0,0
"I2_d11_@30,41",29,1,0,1,0,0,0
"I2_d11_@30,41",30,1,0,1,0,0,0
"I2_d11_@30,41",31,1,1,1,0,0,0
"I2_d11_@30,41",32,1,1,1,0,0,0
"I2_d11_@30,41",33,1,1,1,0,0,0
"I2_d11_@30,41",34,1,1,1,0,0,0
"I2_d11_@30,41",35,1,1,1,0,0,0
"I2_d11_@30,41",36,1,1,1,0,0,0
"I2_d11_@30,41",37,1,1,1,0,0,0
"I2_d11_@30,41",38,1,1,1,0,0,0
"I2_d11_@30,41",39,1,1,1,0,0,0
"I2_d11_@30,41",40,1,1,1,0,0,0
"I2_d11_@30,41",41,1,1,0,1,0,0
"I2_d11_@30,41",42,1,0,1,1,1,0
"I2_d11_@30,41",43,1,0,1,1,1,0
"I2_d11_@30,41",44,1,0,1,1,1,0
"I2_d11_@30,41",45,1,0,1,1,1,0
"I2_d11_@30,41",46,1,0,1,1,1,0
"I2_d11_@30,41",47,1,0,1,1,1,0
"I2_d11_@30,41",48,1,0,1,1,1,0
"I2_d11_@30,41",49,1,0,1,1,1,0
"I2_d11_@30,41",50,1,0,1,1,1,0
"I2_d11_@30,41",51,1,0,1,1,1,0
"I2_d11_@30,41",52,1,0,1,1,1,0
"I2_d11_@30,41",53,1,0,1,1,1,0
"I2_d11_@30,41",54,1,0,1,1,1,0
"I2_d11_@30,41",55,1,0,1,1,1,0
"I2_d11_@30,41",56,1,0,1,1,1,0
"I2_d11_@30,41",57,1,0,1,1,1,0
"I2_d11_@30,41",58,1,0,1,1,1,0
"I2_d11_@30,41",59,1,0,1,1,1,0
"I2_d11_@30,41",60,1,0,1,1,1,0
"I2_d11_@30,41",61,1,0,1,1,1,0
"I2_d11_@30,41",62,1,0,1,1,1,0
"I2_d11_@30,41",63,1,0,1,1,1,0
"I2_d11_@30,41",64,1,0,1,1,1,0
"I2_d11_@30,41",65,1,0,1,1,1,0
"I2_d11_@30,41",66,1,0,1,1,1,0
"I2_d11_@30,41",67,1,0,1,1,1,0
"I2_d11_@30,41",68,1,0,1,1,1,0
"I2_d11_@30,41",69,1,0,1,1,1,0
"I2_d11_@30,41",70,1,0,1,1,1,0
"I2_d11_@30,41",71,1,0,1,1,1,0
"I2_d11_@30,41",72,1,0,1,1,1,0
"I2_d11_@30,41",73,1,0,1,1,1,0
"I2_d11_@30,41",74,1,0,1,1,1,0
"I2_d11_@30,41",75,1,0,1,1,1,0
"I2_d11_@30,41",76,1,0,1,1,1,0
"I2_d11_@30,41",77,1,0,1,1,1,0
"I2_d11_@30,41",78,1,0,1,1,1,0
"I2_d11_@30,41",79,1,0,1,1,1,0
"I2_d11_@30,41",80,1,0,1,1,1,0
"I2_d11_@30,41",81,1,0,1,1,1,0
"I2_d11_@30,41",82,1,0,1,1,1,0
"I2_d11_@30,41",83,1,0,1,1,1,0
"I2_d11_@30,41",84,1,0,1,1,1,0
"I2_d11_@30,41",85,1,0,1,1,1,0
"I2_d11_@30,41",86,1,0,1,1,1,0
"I2_d11_@30,41",87,1,0,1,1,1,0
"I2_d11_@30,41",88,1,0,1,1,1,0
"I2_d11_@30,41",89,1,0,1,1,1,0
"I2_d11_@30,41",90,1,0,1,1,1,0
"I2_d11_@30,41",91,1,0,1,1,1,0
"I2_d11_@30,41",92,1,0,1,1,1,0
"I2_d11_@30,41",93,1,0,1,1,1,0
"I2_d11_@30,41",94,1,0,1,1,1,0
"I2_d11_@30,41",95,1,0,1,1,1,0
"I2_d11_@30,41",96,1,0,1,1,1,0
"I2_d11_@30,41",97,1,0,1,1,1,0
"I2_d11_@30,41",98,1,0,1,1,1,0
"I2_d11_@30,41",99,1,0,1,1,1,0
"I2_d11_@30,41",100,1,0,1,1,1,0
"I2_d11_@30,41",101,1,0,1,1,1,0
"I2_d11_@30,41",102,1,0,1,1,1,0
"I2_d11_@30,41",103,1,0,1,1,1,0
"I2_d11_@30,41",104,1,0,1,1,1,0
"I2_d11_@30,41",105,1,0,1,1,1,0
"I2_d11_@30,41",106,1,0,1,1,1,0
"I2_d11_@30,41",107,1,0,1,1,1,0
"I2_d11_@30,41",108,1,0,1,1,1,0
"I2_d11_@30,41",109,1,0,1,1,1,0
"I2_d11_@30,41",110,1,0,1,1,1,0
"I2_d11_@30,41",111,1,0,1,1,1,0
"I2_d11_@30,41",112,1,0,1,1,1,0
"I2_d11_@30,41",113,1,0,1,1,1,0
"I2_d11_@30,41",114,1,0,1,1,1,0
"I2_d11_@30,41",115,1,0,1,1,1,0
"I2_d11_@30,41",116,1,0,1,1,1,0
"I2_d11_@30,41",117,1,0,1,1,1,0
"I2_d11_@30,41",118,1,0,1,1,1,0
"I2_d11_@30,41",119,1,0,1,1,1,0
"I2_d11_@30,41",120,1,0,1,1,1,0
"I2_d12_@30,42",0,1,0,1,0,0,0
"I2_d12_@30,42",1,1,0,1,0,0,0
"I2_d12_@30,42",2,1,0,1,0,0,0
"I2_d12_@30,42",3,1,0,1,0,0,0
"I2_d12_@30,42",4,1,0,1,0,0,0
"I2_d12_@30,42",5,1,0,1,0,0,0
"I2_d12_@30,42",6,1,0,1,0,0,0
"I2_d12_@30,42",7,1,0,1,0,0,0
"I2_d12_@30,42",8,1,0,1,0,0,0
"I2_d12_@30,42",9,1,0,1,0,0,0
"I2_d12_@30,42",10,1,0,1,0,0,0
"I2_d12_@30,42",11,1,0,1,0,0,0
"I2_d12_@30,42",12,1,0,1,0,0,0
"I2_d12_@30,42",13,1,0,1,0,0,0
"I2_d12_@30,42",14,1,0,1,0,0,0
"I2_d12_@30,42",15,1,0,1,0,0,0
"I2_d12_@30,42",16,1,0,1,0,0,0
"I2_d12_@30,42",17,1,0,1,0,0,0
"I2_d12_@30,42",18,1,0,1,0,0,0
"I2_d12_@30,42",19,1,0,1,0,0,0
"I2_d12_@30,42",20,1,0,1,0,0,0
"I2_d12_@30,42",21,1,0,1,0,0,0
"I2_d12_@30,42",22,1,0,1,0,0,0
"I2_d12_@30,42",23,1,0,1,0,0,0
"I2_d12_@30,42",24,1,0,1,0,0,0
"I2_d12_@30,42",25,1,0,1,0,0,0
"I2_d12_@30,42",26,1,0,1,0,0,0
"I2_d12_@30,42",27,1,0,1,0,0,0
"I2_d12_@30,42",28,1,0,1,0,0,0
"I2_d12_@30,42",29,1,0,1,0,0,0
"I2_d12_@30,42",30,1,0,1,0,0,0
"I2_d12_@30,42",31,1,1,1,0,0,0
"I2_d12_@30,42",32,1,1,1,0,0,0
"I2_d12_@30,42",33,1,1,1,0,0,0
"I2_d12_@30,42",34,1,1,1,0,0,0
"I2_d12_@30,42",35,1,1,1,0,0,0
"I2_d12_@30,42",36,1,1,1,0,0,0
"I2_d12_@30,42",37,1,1,1,0,0,0
"I2_d12_@30,42",38,1,1,1,0,0,0
"I2_d12_@30,42",39,1,1,1,0,0,0
"I2_d12_@30,42",40,1,1,1,0,0,0
"I2_d12_@30,42",41,1,1,1,0,0,0
"I2_d12_@30,42",42,1,1,0,1,0,0
"I2_d12_@30,42",43,1,0,1,1,1,0
"I2_d12_@30,42",44,1,0,1,1,1,0
"I2_d12_@30,42",45,1,0,1,1,1,0
"I2_d12_@30,42",46,1,0,1,1,1,0
"I2_d12_@30,42",47,1,0,1,1,1,0
"I2_d12_@30,42",48,1,0,1,1,1,0
"I2_d12_@30,42",49,1,0,1,1,1,0
"I2_d12_@30,42",50,1,0,1,1,1,0
"I2_d12_@30,42",51,1,0,1,1,1,0
"I2_d12_@30,42",52,1,0,1,1,1,0
"I2_d12_@30,42",53,1,0,1,1,1,0
"I2_d12_@30,42",54,1,0,1,1,1,0
"I2_d12_@30,42",55,1,0,1,1,1,0
"I2_d12_@30,42",56,1,0,1,1,1,0
"I2_d12_@30,42",57,1,0,1,1,1,0
"I2_d12_@30,42",58,1,0,1,1,1,0
"I2_d12_@30,42",59,1,0,1,1,1,0
"I2_d12_@30,42",60,1,0,1,1,1,0
"I2_d12_@30,42",61,1,0,1,1,1,0
"I2_d12_@30,42",62,1,0,1,1,1,0
"I2_d12_@30,42",63,1,0,1,1,1,0
"I2_d12_@30,42",64,1,0,1,1,1,0
"I2_d12_@30,42",65,1,0,1,1,1,0
"I2_d12_@30,42",66,1,0,1,1,1,0
"I2_d12_@30,42",67,1,0,1,1,1,0
"I2_d12_@30,42",68,1,0,1,1,1,0
"I2_d12_@30,42",69,1,0,1,1,1,0
"I2_d12_@30,42",70,1,0,1,1,1,0
"I2_d12_@30,42",71,1,0,1,1,1,0
"I2_d12_@30,42",72,1,0,1,1,1,0
"I2_d12_@30,42",73,1,0,1,1,1,0
"I2_d12_@30,42",74,1,0,1,1,1,0
"I2_d12_@30,42",75,1,0,1,1,1,0
"I2_d12_@30,42",76,1,0,1,1,1,0
"I2_d12_@30,42",77,1,0,1,1,1,0
"I2_d12_@30,42",78,1,0,1,1,1,0
"I2_d12_@30,42",79,1,0,1,1,1,0
"I2_d12_@30,42",80,1,0,1,1,1,0
"I2_d12_@30,42",81,1,0,1,1,1,0
"I2_d12_@30,42",82,1,0,1,1,1,0
"I2_d12_@30,42",83,1,0,1,1,1,0
"I2_d12_@30,42",84,1,0,1,1,1,0
"I2_d12_@30,42",85,1,0,1,1,1,0
"I2_d12_@30,42",86,1,0,1,1,1,0
"I2_d12_@30,42",87,1,0,1,1,1,0
"I2_d12_@30,42",88,1,0,1,1,1,0
"I2_d12_@30,42",89,1,0,1,1,1,0
"I2_d12_@30,42",90,1,0,1,1,1,0
"I2_d12_@30,42",91,1,0,1,1,1,0
"I2_d12_@30,42",92,1,0,1,1,1,0
"I2_d12_@30,42",93,1,0,1,1,1,0
"I2_d12_@30,42",94,1,0,1,1,1,0
"I2_d12_@30,42",95,1,0,1,1,1,0
"I2_d12_@30,42",96,1,0,1,1,1,0
"I2_d12_@30,42",97,1,0,1,1,1,0
"I2_d12_@30,42",98,1,0,1,1,1,0
"I2_d12_@30,42",99,1,0,1,1,1,0
"I2_d12_@30,42",100,1,0,1,1,1,0
"I2_d12_@30,42",101,1,0,1,1,1,0
"I2_d12_@30,42",102,1,0,1,1,1,0
"I2_d12_@30,42",103,1,0,1,1,1,0
"I2_d12_@30,42",104,1,0,1,1,1,0
"I2_d12_@30,42",105,1,0,1,1,1,0
"I2_d12_@30,42",106,1,0,1,1,1,0
"I2_d12_@30,42",107,1,0,1,1,1,0
"I2_d12_@30,42",108,1,0,1,1,1,0
"I2_d12_@30,42",109,1,0,1,1,1,0
"I2_d12_@30,42",110,1,0,1,1,1,0
"I2_d12_@30,42",111,1,0,1,1,1,0
"I2_d12_@30,42",112,1,0,1,1,1,0
"I2_d12_@30,42",113,1,0,1,1,1,0
"I2_d12_@30,42",114,1,0,1,1,1,0
"I2_d12_@30,42",115,1,0,1,1,1,0
"I2_d12_@30,42",116,1,0,1,1,1,0
"I2_d12_@30,42",117,1,0,1,1,1,0
"I2_d12_@30,42",118,1,0,1,1,1,0
"I2_d12_@30,42",119,1,0,1,1,1,0
"I2_d12_@30,42",120,1,0,1,1,1,0
"I3eq_d01_@30,31,32",0,1,0,1,0,0,0
"I3eq_d01_@30,31,32",1,1,0,1,0,0,0
"I3eq_d01_@30,31,32",2,1,0,1,0,0,0
"I3eq_d01_@30,31,32",3,1,0,1,0,0,0
"I3eq_d01_@30,31,32",4,1,0,1,0,0,0
"I3eq_d01_@30,31,32",5,1,0,1,0,0,0
"I3eq_d01_@30,31,32",6,1,0,1,0,0,0
"I3eq_d01_@30,31,32",7,1,0,1,0,0,0
"I3eq_d01_@30,31,32",8,1,0,1,0,0,0
"I3eq_d01_@30,31,32",9,1,0,1,0,0,0
"I3eq_d01_@30,31,32",10,1,0,1,0,0,0
"I3eq_d01_@30,31,32",11,1,0,1,0,0,0
"I3eq_d01_@30,31,32",12,1,0,1,0,0,0
"I3eq_d01_@30,31,32",13,1,0,1,0,0,0
"I3eq_d01_@30,31,32",14,1,0,1,0,0,0
"I3eq_d01_@30,31,32",15,1,0,1,0,0,0
"I3eq_d01_@30,31,32",16,1,0,1,0,0,0
"I3eq_d01_@30,31,32",17,1,0,1,0,0,0
"I3eq_d01_@30,31,32",18,1,0,1,0,0,0
"I3eq_d01_@30,31,32",19,1,0,1,0,0,0
"I3eq_d01_@30,31,32",20,1,0,1,0,0,0
"I3eq_d01_@30,31,32",21,1,0,1,0,0,0
"I3eq_d01_@30,31,32",22,1,0,1,0,0,0
"I3eq_d01_@30,31,32",23,1,0,1,0,0,0
"I3eq_d01_@30,31,32",24,1,0,1,0,0,0
"I3eq_d01_@30,31,32",25,1,0,1,0,0,0
"I3eq_d01_@30,31,32",26,1,0,1,0,0,0
"I3eq_d01_@30,31,32",27,1,0,1,0,0,0
"I3eq_d01_@30,31,32",28,1,0,1,0,0,0
"I3eq_d01_@30,31,32",29,1,0,1,0,0,0
"I3eq_d01_@30,31,32",30,1,0,1,0,0,0
"I3eq_d01_@30,31,32",31,1,1,0,1,0,0
"I3eq_d01_@30,31,32",32,1,0,1,1,1,0
"I3eq_d01_@30,31,32",33,1,0,1,1,1,0
"I3eq_d01_@30,31,32",34,1,0,1,1,1,0
"I3eq_d01_@30,31,32",35,1,0,1,1,1,0
"I3eq_d01_@30,31,32",36,1,0,1,1,1,0
"I3eq_d01_@30,31,32",37,1,0,1,1,1,0
"I3eq_d01_@30,31,32",38,1,0,1,1,1,0
"I3eq_d01_@30,31,32",39,1,0,1,1,1,0
"I3eq_d01_@30,31,32",40,1,0,1,1,1,0
"I3eq_d01_@30,31,32",41,1,0,1,1,1,0
"I3eq_d01_@30,31,32",42,1,0,1,1,1,0
"I3eq_d01_@30,31,32",43,1,0,1,1,1,0
"I3eq_d01_@30,31,32",44,1,0,1,1,1,0
"I3eq_d01_@30,31,32",45,1,0,1,1,1,0
"I3eq_d01_@30,31,32",46,1,0,1,1,1,0
"I3eq_d01_@30,31,32",47,1,0,1,1,1,0
"I3eq_d01_@30,31,32",48,1,0,1,1,1,0
"I3eq_d01_@30,31,32",49,1,0,1,1,1,0
"I3eq_d01_@30,31,32",50,1,0,1,1,1,0
"I3eq_d01_@30,31,32",51,1,0,1,1,1,0
"I3eq_d01_@30,31,32",52,1,0,1,1,1,0
"I3eq_d01_@30,31,32",53,1,0,1,1,1,0
"I3eq_d01_@30,31,32",54,1,0,1,1,1,0
"I3eq_d01_@30,31,32",55,1,0,1,1,1,0
"I3eq_d01_@30,31,32",56,1,0,1,1,1,0
"I3eq_d01_@30,31,32",57,1,0,1,1,1,0
"I3eq_d01_@30,31,32",58,1,0,1,1,1,0
"I3eq_d01_@30,31,32",59,1,0,1,1,1,0
"I3eq_d01_@30,31,32",60,1,0,1,1,1,0
"I3eq_d01_@30,31,32",61,1,0,1,1,1,0
"I3eq_d01_@30,31,32",62,1,0,1,1,1,0
"I3eq_d01_@30,31,32",63,1,0,1,1,1,0
"I3eq_d01_@30,31,32",64,1,0,1,1,1,0
"I3eq_d01_@30,31,32",65,1,0,1,1,1,0
"I3eq_d01_@30,31,32",66,1,0,1,1,1,0
"I3eq_d01_@30,31,32",67,1,0,1,1,1,0
"I3eq_d01_@30,31,32",68,1,0,1,1,1,0
"I3eq_d01_@30,31,32",69,1,0,1,1,1,0
"I3eq_d01_@30,31,32",70,1,0,1,1,1,0
"I3eq_d01_@30,31,32",71,1,0,1,1,1,0
"I3eq_d01_@30,31,32",72,1,0,1,1,1,0
"I3eq_d01_@30,31,32",73,1,0,1,1,1,0
"I3eq_d01_@30,31,32",74,1,0,1,1,1,0
"I3eq_d01_@30,31,32",75,1,0,1,1,1,0
"I3eq_d01_@30,31,32",76,1,0,1,1,1,0
"I3eq_d01_@30,31,32",77,1,0,1,1,1,0
"I3eq_d01_@30,31,32",78,1,0,1,1,1,0
"I3eq_d01_@30,31,32",79,1,0,1,1,1,0
"I3eq_d01_@30,31,32",80,1,0,1,1,1,0
"I3eq_d01_@30,31,32",81,1,0,1,1,1,0
"I3eq_d01_@30,31,32",82,1,0,1,1,1,0
"I3eq_d01_@30,31,32",83,1,0,1,1,1,0
"I3eq_d01_@30,31,32",84,1,0,1,1,1,0
"I3eq_d01_@30,31,32",85,1,0,1,1,1,0
"I3eq_d01_@30,31,32",86,1,0,1,1,1,0
"I3eq_d01_@30,31,32",87,1,0,1,1,1,0
"I3eq_d01_@30,31,32",88,1,0,1,1,1,0
"I3eq_d01_@30,31,32",89,1,0,1,1,1,0
"I3eq_d01_@30,31,32",90,1,0,1,1,1,0
"I3eq_d01_@30,31,32",91,1,0,1,1,1,0
"I3eq_d01_@30,31,32",92,1,0,1,1,1,0
"I3eq_d01_@30,31,32",93,1,0,1,1,1,0
"I3eq_d01_@30,31,32",94,1,0,1,1,1,0
"I3eq_d01_@30,31,32",95,1,0,1,1,1,0
"I3eq_d01_@30,31,32",96,1,0,1,1,1,0
"I3eq_d01_@30,31,32",97,1,0,1,1,1,0
"I3eq_d01_@30,31,32",98,1,0,1,1,1,0
"I3eq_d01_@30,31,32",99,1,0,1,1,1,0
"I3eq_d01_@30,31,32",100,1,0,1,1,1,0
"I3eq_d01_@30,31,32",101,1,0,1,1,1,0
"I3eq_d01_@30,31,32",102,1,0,1,1,1,0
"I3eq_d01_@30,31,32",103,1,0,1,1,1,0
"I3eq_d01_@30,31,32",104,1,0,1,1,1,0
"I3eq_d01_@30,31,32",105,1,0,1,1,1,0
"I3eq_d01_@30,31,32",106,1,0,1,1,1,0
"I3eq_d01_@30,31,32",107,1,0,1,1,1,0
"I3eq_d01_@30,31,32",108,1,0,1,1,1,0
"I3eq_d01_@30,31,32",109,1,0,1,1,1,0
"I3eq_d01_@30,31,32",110,1,0,1,1,1,0
"I3eq_d01_@30,31,32",111,1,0,1,1,1,0
"I3eq_d01_@30,31,32",112,1,0,1,1,1,0
"I3eq_d01_@30,31,32",113,1,0,1,1,1,0
"I3eq_d01_@30,31,32",114,1,0,1,1,1,0
"I3eq_d01_@30,31,32",115,1,0,1,1,1,0
"I3eq_d01_@30,31,32",116,1,0,1,1,1,0
"I3eq_d01_@30,31,32",117,1,0,1,1,1,0
"I3eq_d01_@30,31,32",118,1,0,1,1,1,0
"I3eq_d01_@30,31,32",119,1,0,1,1,1,0
"I3eq_d01_@30,31,32",120,1,0,1,1,1,0
"I3eq_d02_@30,32,34",0,1,0,1,0,0,0
"I3eq_d02_@30,32,34",1,1,0,1,0,0,0
"I3eq_d02_@30,32,34",2,1,0,1,0,0,0
"I3eq_d02_@30,32,34",3,1,0,1,0,0,0
"I3eq_d02_@30,32,34",4,1,0,1,0,0,0
"I3eq_d02_@30,32,34",5,1,0,1,0,0,0
"I3eq_d02_@30,32,34",6,1,0,1,0,0,0
"I3eq_d02_@30,32,34",7,1,0,1,0,0,0
"I3eq_d02_@30,32,34",8,1,0,1,0,0,0
"I3eq_d02_@30,32,34",9,1,0,1,0,0,0
"I3eq_d02_@30,32,34",10,1,0,1,0,0,0
"I3eq_d02_@30,32,34",11,1,0,1,0,0,0
"I3eq_d02_@30,32,34",12,1,0,1,0,0,0
"I3eq_d02_@30,32,34",13,1,0,1,0,0,0
"I3eq_d02_@30,32,34",14,1,0,1,0,0,0
"I3eq_d02_@30,32,34",15,1,0,1,0,0,0
"I3eq_d02_@30,32,34",16,1,0,1,0,0,0
"I3eq_d02_@30,32,34",17,1,0,1,0,0,0
"I3eq_d02_@30,32,34",18,1,0,1,0,0,0
"I3eq_d02_@30,32,34",19,1,0,1,0,0,0
"I3eq_d02_@30,32,34",20,1,0,1,0,0,0
"I3eq_d02_@30,32,34",21,1,0,1,0,0,0
"I3eq_d02_@30,32,34",22,1,0,1,0,0,0
"I3eq_d02_@30,32,34",23,1,0,1,0,0,0
"I3eq_d02_@30,32,34",24,1,0,1,0,0,0
"I3eq_d02_@30,32,34",25,1,0,1,0,0,0
"I3eq_d02_@30,32,34",26,1,0,1,0,0,0
"I3eq_d02_@30,32,34",27,1,0,1,0,0,0
"I3eq_d02_@30,32,34",28,1,0,1,0,0,0
"I3eq_d02_@30,32,34",29,1,0,1,0,0,0
"I3eq_d02_@30,32,34",30,1,0,1,0,0,0
"I3eq_d02_@30,32,34",31,1,1,1,0,0,0
"I3eq_d02_@30,32,34",32,1,1,0,1,0,0
"I3eq_d02_@30,32,34",33,1,0,1,1,1,0
"I3eq_d02_@30,32,34",34,1,0,1,1,1,0
"I3eq_d02_@30,32,34",35,1,0,1,1,1,0
"I3eq_d02_@30,32,34",36,1,0,1,1,1,0
"I3eq_d02_@30,32,34",37,1,0,1,1,1,0
"I3eq_d02_@30,32,34",38,1,0,1,1,1,0
"I3eq_d02_@30,32,34",39,1,0,1,1,1,0
"I3eq_d02_@30,32,34",40,1,0,1,1,1,0
"I3eq_d02_@30,32,34",41,1,0,1,1,1,0
"I3eq_d02_@30,32,34",42,1,0,1,1,1,0
"I3eq_d02_@30,32,34",43,1,0,1,1,1,0
"I3eq_d02_@30,32,34",44,1,0,1,1,1,0
"I3eq_d02_@30,32,34",45,1,0,1,1,1,0
"I3eq_d02_@30,32,34",46,1,0,1,1,1,0
"I3eq_d02_@30,32,34",47,1,0,1,1,1,0
"I3eq_d02_@30,32,34",48,1,0,1,1,1,0
"I3eq_d02_@30,32,34",49,1,0,1,1,1,0
"I3eq_d02_@30,32,34",50,1,0,1,1,1,0
"I3eq_d02_@30,32,34",51,1,0,1,1,1,0
"I3eq_d02_@30,32,34",52,1,0,1,1,1,0
"I3eq_d02_@30,32,34",53,1,0,1,1,1,0
"I3eq_d02_@30,32,34",54,1,0,1,1,1,0
"I3eq_d02_@30,32,34",55,1,0,1,1,1,0
"I3eq_d02_@30,32,34",56,1,0,1,1,1,0
"I3eq_d02_@30,32,34",57,1,0,1,1,1,0
"I3eq_d02_@30,32,34",58,1,0,1,1,1,0
"I3eq_d02_@30,32,34",59,1,0,1,1,1,0
"I3eq_d02_@30,32,34",60,1,0,1,1,1,0
"I3eq_d02_@30,32,34",61,1,0,1,1,1,0
"I3eq_d02_@30,32,34",62,1,0,1,1,1,0
"I3eq_d02_@30,32,34",63,1,0,1,1,1,0
"I3eq_d02_@30,32,34",64,1,0,1,1,1,0
"I3eq_d02_@30,32,34",65,1,0,1,1,1,0
"I3eq_d02_@30,32,34",66,1,0,1,1,1,0
"I3eq_d02_@30,32,34",67,1,0,1,1,1,0
"I3eq_d02_@30,32,34",68,1,0,1,1,1,0
"I3eq_d02_@30,32,34",69,1,0,1,1,1,0
"I3eq_d02_@30,32,34",70,1,0,1,1,1,0
"I3eq_d02_@30,32,34",71,1,0,1,1,1,0
"I3eq_d02_@30,32,34",72,1,0,1,1,1,0
"I3eq_d02_@30,32,34",73,1,0,1,1,1,0
"I3eq_d02_@30,32,34",74,1,0,1,1,1,0
"I3eq_d02_@30,32,34",75,1,0,1,1,1,0
"I3eq_d02_@30,32,34",76,1,0,1,1,1,0
"I3eq_d02_@30,32,34",77,1,0,1,1,1,0
"I3eq_d02_@30,32,34",78,1,0,1,1,1,0
"I3eq_d02_@30,32,34",79,1,0,1,1,1,0
"I3eq_d02_@30,32,34",80,1,0,1,1,1,0
"I3eq_d02_@30,32,34",81,1,0,1,1,1,0
"I3eq_d02_@30,32,34",82,1,0,1,1,1,0
"I3eq_d02_@30,32,34",83,1,0,1,1,1,0
"I3eq_d02_@30,32,34",84,1,0,1,1,1,0
"I3eq_d02_@30,32,34",85,1,0,1,1,1,0
"I3eq_d02_@30,32,34",86,1,0,1,1,1,0
"I3eq_d02_@30,32,34",87,1,0,1,1,1,0
"I3eq_d02_@30,32,34",88,1,0,1,1,1,0
"I3eq_d02_@30,32,34",89,1,0,1,1,1,0
"I3eq_d02_@30,32,34",90,1,0,1,1,1,0
"I3eq_d02_@30,32,34",91,1,0,1,1,1,0
"I3eq_d02_@30,32,34",92,1,0,1,1,1,0
"I3eq_d02_@30,32,34",93,1,0,1,1,1,0
"I3eq_d02_@30,32,34",94,1,0,1,1,1,0
"I3eq_d02_@30,32,34",95,1,0,1,1,1,0
"I3eq_d02_@30,32,34",96,1,0,1,1,1,0
"I3eq_d02_@30,32,34",97,1,0,1,1,1,0
"I3eq_d02_@30,32,34",98,1,0,1,1,1,0
"I3eq_d02_@30,32,34",99,1,0,1,1,1,0
"I3eq_d02_@30,32,34",100,1,0,1,1,1,0
"I3eq_d02_@30,32,34",101,1,0,1,1,1,0
"I3eq_d02_@30,32,34",102,1,0,1,1,1,0
"I3eq_d02_@30,32,34",103,1,0,1,1,1,0
"I3eq_d02_@30,32,34",104,1,0,1,1,1,0
"I3eq_d02_@30,32,34",105,1,0,1,1,1,0
"I3eq_d02_@30,32,34",106,1,0,1,1,1,0
"I3eq_d02_@30,32,34",107,1,0,1,1,1,0
"I3eq_d02_@30,32,34",108,1,0,1,1,1,0
"I3eq_d02_@30,32,34",109,1,0,1,1,1,0
"I3eq_d02_@30,32,34",110,1,0,1,1,1,0
"I3eq_d02_@30,32,34",111,1,0,1,1,1,0
"I3eq_d02_@30,32,34",112,1,0,1,1,1,0
"I3eq_d02_@30,32,34",113,1,0,1,1,1,0
"I3eq_d02_@30,32,34",114,1,0,1,1,1,0
"I3eq_d02_@30,32,34",115,1,0,1,1,1,0
"I3eq_d02_@30,32,34",116,1,0,1,1,1,0
"I3eq_d02_@30,32,34",117,1,0,1,1,1,0
"I3eq_d02_@30,32,34",118,1,0,1,1,1,0
"I3eq_d02_@30,32,34",119,1,0,1,1,1,0
"I3eq_d02_@30,32,34",120,1,0,1,1,1,0
"I3eq_d03_@30,33,36",0,1,0,1,0,0,0
"I3eq_d03_@30,33,36",1,1,0,1,0,0,0
"I3eq_d03_@30,33,36",2,1,0,1,0,0,0
"I3eq_d03_@30,33,36",3,1,0,1,0,0,0
"I3eq_d03_@30,33,36",4,1,0,1,0,0,0
"I3eq_d03_@30,33,36",5,1,0,1,0,0,0
"I3eq_d03_@30,33,36",6,1,0,1,0,0,0
"I3eq_d03_@30,33,36",7,1,0,1,0,0,0
"I3eq_d03_@30,33,36",8,1,0,1,0,0,0
"I3eq_d03_@30,33,36",9,1,0,1,0,0,0
"I3eq_d03_@30,33,36",10,1,0,1,0,0,0
"I3eq_d03_@30,33,36",11,1,0,1,0,0,0
"I3eq_d03_@30,33,36",12,1,0,1,0,0,0
"I3eq_d03_@30,33,36",13,1,0,1,0,0,0
"I3eq_d03_@30,33,36",14,1,0,1,0,0,0
"I3eq_d03_@30,33,36",15,1,0,1,0,0,0
"I3eq_d03_@30,33,36",16,1,0,1,0,0,0
"I3eq_d03_@30,33,36",17,1,0,1,0,0,0
"I3eq_d03_@30,33,36",18,1,0,1,0,0,0
"I3eq_d03_@30,33,36",19,1,0,1,0,0,0
"I3eq_d03_@30,33,36",20,1,0,1,0,0,0
"I3eq_d03_@30,33,36",21,1,0,1,0,0,0
"I3eq_d03_@30,33,36",22,1,0,1,0,0,0
"I3eq_d03_@30,33,36",23,1,0,1,0,0,0
"I3eq_d03_@30,33,36",24,1,0,1,0,0,0
"I3eq_d03_@30,33,36",25,1,0,1,0,0,0
"I3eq_d03_@30,33,36",26,1,0,1,0,0,0
"I3eq_d03_@30,33,36",27,1,0,1,0,0,0
"I3eq_d03_@30,33,36",28,1,0,1,0,0,0
"I3eq_d03_@30,33,36",29,1,0,1,0,0,0
"I3eq_d03_@30,33,36",30,1,0,1,0,0,0
"I3eq_d03_@30,33,36",31,1,1,1,0,0,0
"I3eq_d03_@30,33,36",32,1,1,1,0,0,0
"I3eq_d03_@30,33,36",33,1,1,0,1,0,0
"I3eq_d03_@30,33,36",34,1,0,1,1,1,0
"I3eq_d03_@30,33,36",35,1,0,1,1,1,0
"I3eq_d03_@30,33,36",36,1,0,1,1,1,0
"I3eq_d03_@30,33,36",37,1,0,1,1,1,0
"I3eq_d03_@30,33,36",38,1,0,1,1,1,0
"I3eq_d03_@30,33,36",39,1,0,1,1,1,0
"I3eq_d03_@30,33,36",40,1,0,1,1,1,0
"I3eq_d03_@30,33,36",41,1,0,1,1,1,0
"I3eq_d03_@30,33,36",42,1,0,1,1,1,0
"I3eq_d03_@30,33,36",43,1,0,1,1,1,0
"I3eq_d03_@30,33,36",44,1,0,1,1,1,0
"I3eq_d03_@30,33,36",45,1,0,1,1,1,0
"I3eq_d03_@30,33,36",46,1,0,1,1,1,0
"I3eq_d03_@30,33,36",47,1,0,1,1,1,0
"I3eq_d03_@30,33,36",48,1,0,1,1,1,0
"I3eq_d03_@30,33,36",49,1,0,1,1,1,0
"I3eq_d03_@30,33,36",50,1,0,1,1,1,0
"I3eq_d03_@30,33,36",51,1,0,1,1,1,0
"I3eq_d03_@30,33,36",52,1,0,1,1,1,0
"I3eq_d03_@30,33,36",53,1,0,1,1,1,0
"I3eq_d03_@30,33,36",54,1,0,1,1,1,0
"I3eq_d03_@30,33,36",55,1,0,1,1,1,0
"I3eq_d03_@30,33,36",56,1,0,1,1,1,0
"I3eq_d03_@30,33,36",57,1,0,1,1,1,0
"I3eq_d03_@30,33,36",58,1,0,1,1,1,0
"I3eq_d03_@30,33,36",59,1,0,1,1,1,0
"I3eq_d03_@30,33,36",60,1,0,1,1,1,0
"I3eq_d03_@30,33,36",61,1,0,1,1,1,0
"I3eq_d03_@30,33,36",62,1,0,1,1,1,0
"I3eq_d03_@30,33,36",63,1,0,1,1,1,0
"I3eq_d03_@30,33,36",64,1,0,1,1,1,0
"I3eq_d03_@30,33,36",65,1,0,1,1,1,0
"I3eq_d03_@30,33,36",66,1,0,1,1,1,0
"I3eq_d03_@30,33,36",67,1,0,1,1,1,0
"I3eq_d03_@30,33,36",68,1,0,1,1,1,0
"I3eq_d03_@30,33,36",69,1,0,1,1,1,0
"I3eq_d03_@30,33,36",70,1,0,1,1,1,0
"I3eq_d03_@30,33,36",71,1,0,1,1,1,0
"I3eq_d03_@30,33,36",72,1,0,1,1,1,0
"I3eq_d03_@30,33,36",73,1,0,1,1,1,0
"I3eq_d03_@30,33,36",74,1,0,1,1,1,0
"I3eq_d03_@30,33,36",75,1,0,1,1,1,0
"I3eq_d03_@30,33,36",76,1,0,1,1,1,0
"I3eq_d03_@30,33,36",77,1,0,1,1,1,0
"I3eq_d03_@30,33,36",78,1,0,1,1,1,0
"I3eq_d03_@30,33,36",79,1,0,1,1,1,0
"I3eq_d03_@30,33,36",80,1,0,1,1,1,0
"I3eq_d03_@30,33,36",81,1,0,1,1,1,0
"I3eq_d03_@30,33,36",82,1,0,1,1,1,0
"I3eq_d03_@30,33,36",83,1,0,1,1,1,0
"I3eq_d03_@30,33,36",84,1,0,1,1,1,0
"I3eq_d03_@30,33,36",85,1,0,1,1,1,0
"I3eq_d03_@30,33,36",86,1,0,1,1,1,0
"I3eq_d03_@30,33,36",87,1,0,1,1,1,0
"I3eq_d03_@30,33,36",88,1,0,1,1,1,0
"I3eq_d03_@30,33,36",89,1,0,1,1,1,0
"I3eq_d03_@30,33,36",90,1,0,1,1,1,0
"I3eq_d03_@30,33,36",91,1,0,1,1,1,0
"I3eq_d03_@30,33,36",92,1,0,1,1,1,0
"I3eq_d03_@30,33,36",93,1,0,1,1,1,0
"I3eq_d03_@30,33,36",94,1,0,1,1,1,0
"I3eq_d03_@30,33,36",95,1,0,1,1,1,0
"I3eq_d03_@30,33,36",96,1,0,1,1,1,0
"I3eq_d03_@30,33,36",97,1,0,1,1,1,0
"I3eq_d03_@30,33,36",98,1,0,1,1,1,0
"I3eq_d03_@30,33,36",99,1,0,1,1,1,0
"I3eq_d03_@30,33,36",100,1,0,1,1,1,0
"I3eq_d03_@30,33,36",101,1,0,1,1,1,0
"I3eq_d03_@30,33,36",102,1,0,1,1,1,0
"I3eq_d03_@30,33,36",103,1,0,1,1,1,0
"I3eq_d03_@30,33,36",104,1,0,1,1,1,0
"I3eq_d03_@30,33,36",105,1,0,1,1,1,0
"I3eq_d03_@30,33,36",106,1,0,1,1,1,0
"I3eq_d03_@30,33,36",107,1,0,1,1,1,0
"I3eq_d03_@30,33,36",108,1,0,1,1,1,0
"I3eq_d03_@30,33,36",109,1,0,1,1,1,0
"I3eq_d03_@30,33,36",110,1,0,1,1,1,0
"I3eq_d03_@30,33,36",111,1,0,1,1,1,0
"I3eq_d03_@30,33,36",112,1,0,1,1,1,0
"I3eq_d03_@30,33,36",113,1,0,1,1,1,0
"I3eq_d03_@30,33,36",114,1,0,1,1,1,0
"I3eq_d03_@30,33,36",115,1,0,1,1,1,0
"I3eq_d03_@30,33,36",116,1,0,1,1,1,0
"I3eq_d03_@30,33,36",117,1,0,1,1,1,0
"I3eq_d03_@30,33,36",118,1,0,1,1,1,0
"I3eq_d03_@30,33,36",119,1,0,1,1,1,0
"I3eq_d03_@30,33,36",120,1,0,1,1,1,0
"I3eq_d04_@30,34,38",0,1,0,1,0,0,0
"I3eq_d04_@30,34,38",1,1,0,1,0,0,0
"I3eq_d04_@30,34,38",2,1,0,1,0,0,0
"I3eq_d04_@30,34,38",3,1,0,1,0,0,0
"I3eq_d04_@30,34,38",4,1,0,1,0,0,0
"I3eq_d04_@30,34,38",5,1,0,1,0,0,0
"I3eq_d04_@30,34,38",6,1,0,1,0,0,0
"I3eq_d04_@30,34,38",7,1,0,1,0,0,0
"I3eq_d04_@30,34,38",8,1,0,1,0,0,0
"I3eq_d04_@30,34,38",9,1,0,1,0,0,0
"I3eq_d04_@30,34,38",10,1,0,1,0,0,0
"I3eq_d04_@30,34,38",11,1,0,1,0,0,0
"I3eq_d04_@30,34,38",12,1,0,1,0,0,0
"I3eq_d04_@30,34,38",13,1,0,1,0,0,0
"I3eq_d04_@30,34,38",14,1,0,1,0,0,0
"I3eq_d04_@30,34,38",15,1,0,1,0,0,0
"I3eq_d04_@30,34,38",16,1,0,1,0,0,0
"I3eq_d04_@30,34,38",17,1,0,1,0,0,0
"I3eq_d04_@30,34,38",18,1,0,1,0,0,0
"I3eq_d04_@30,34,38",19,1,0,1,0,0,0
"I3eq_d04_@30,34,38",20,1,0,1,0,0,0
"I3eq_d04_@30,34,38",21,1,0,1,0,0,0
"I3eq_d04_@30,34,38",22,1,0,1,0,0,0
"I3eq_d04_@30,34,38",23,1,0,1,0,0,0
"I3eq_d04_@30,34,38",24,1,0,1,0,0,0
"I3eq_d04_@30,34,38",25,1,0,1,0,0,0
"I3eq_d04_@30,34,38",26,1,0,1,0,0,0
"I3eq_d04_@30,34,38",27,1,0,1,0,0,0
"I3eq_d04_@30,34,38",28,1,0,1,0,0,0
"I3eq_d04_@30,34,38",29,1,0,1,0,0,0
"I3eq_d04_@30,34,38",30,1,0,1,0,0,0
"I3eq_d04_@30,34,38",31,1,1,1,0,0,0
"I3eq_d04_@30,34,38",32,1,1,1,0,0,0
"I3eq_d04_@30,34,38",33,1,1,1,0,0,0
"I3eq_d04_@30,34,38",34,1,1,0,1,0,0
"I3eq_d04_@30,34,38",35,1,0,1,1,1,0
"I3eq_d04_@30,34,38",36,1,0,1,1,1,0
"I3eq_d04_@30,34,38",37,1,0,1,1,1,0
"I3eq_d04_@30,34,38",38,1,0,1,1,1,0
"I3eq_d04_@30,34,38",39,1,0,1,1,1,0
"I3eq_d04_@30,34,38",40,1,0,1,1,1,0
"I3eq_d04_@30,34,38",41,1,0,1,1,1,0
"I3eq_d04_@30,34,38",42,1,0,1,1,1,0
"I3eq_d04_@30,34,38",43,1,0,1,1,1,0
"I3eq_d04_@30,34,38",44,1,0,1,1,1,0
"I3eq_d04_@30,34,38",45,1,0,1,1,1,0
"I3eq_d04_@30,34,38",46,1,0,1,1,1,0
"I3eq_d04_@30,34,38",47,1,0,1,1,1,0
"I3eq_d04_@30,34,38",48,1,0,1,1,1,0
"I3eq_d04_@30,34,38",49,1,0,1,1,1,0
"I3eq_d04_@30,34,38",50,1,0,1,1,1,0
"I3eq_d04_@30,34,38",51,1,0,1,1,1,0
"I3eq_d04_@30,34,38",52,1,0,1,1,1,0
"I3eq_d04_@30,34,38",53,1,0,1,1,1,0
"I3eq_d04_@30,34,38",54,1,0,1,1,1,0
"I3eq_d04_@30,34,38",55,1,0,1,1,1,0
"I3eq_d04_@30,34,38",56,1,0,1,1,1,0
"I3eq_d04_@30,34,38",57,1,0,1,1,1,0
"I3eq_d04_@30,34,38",58,1,0,1,1,1,0
"I3eq_d04_@30,34,38",59,1,0,1,1,1,0
"I3eq_d04_@30,34,38",60,1,0,1,1,1,0
"I3eq_d04_@30,34,38",61,1,0,1,1,1,0
"I3eq_d04_@30,34,38",62,1,0,1,1,1,0
"I3eq_d04_@30,34,38",63,1,0,1,1,1,0
"I3eq_d04_@30,34,38",64,1,0,1,1,1,0
"I3eq_d04_@30,34,38",65,1,0,1,1,1,0
"I3eq_d04_@30,34,38",66,1,0,1,1,1,0
"I3eq_d04_@30,34,38",67,1,0,1,1,1,0
"I3eq_d04_@30,34,38",68,1,0,1,1,1,0
"I3eq_d04_@30,34,38",69,1,0,1,1,1,0
"I3eq_d04_@30,34,38",70,1,0,1,1,1,0
"I3eq_d04_@30,34,38",71,1,0,1,1,1,0
"I3eq_d04_@30,34,38",72,1,0,1,1,1,0
"I3eq_d04_@30,34,38",73,1,0,1,1,1,0
"I3eq_d04_@30,34,38",74,1,0,1,1,1,0
"I3eq_d04_@30,34,38",75,1,0,1,1,1,0
"I3eq_d04_@30,34,38",76,1,0,1,1,1,0
"I3eq_d04_@30,34,38",77,1,0,1,1,1,0
"I3eq_d04_@30,34,38",78,1,0,1,1,1,0
"I3eq_d04_@30,34,38",79,1,0,1,1,1,0
"I3eq_d04_@30,34,38",80,1,0,1,1,1,0
"I3eq_d04_@30,34,38",81,1,0,1,1,1,0
"I3eq_d04_@30,34,38",82,1,0,1,1,1,0
"I3eq_d04_@30,34,38",83,1,0,1,1,1,0
"I3eq_d04_@30,34,38",84,1,0,1,1,1,0
"I3eq_d04_@30,34,38",85,1,0,1,1,1,0
"I3eq_d04_@30,34,38",86,1,0,1,1,1,0
"I3eq_d04_@30,34,38",87,1,0,1,1,1,0
"I3eq_d04_@30,34,38",88,1,0,1,1,1,0
"I3eq_d04_@30,34,38",89,1,0,1,1,1,0
"I3eq_d04_@30,34,38",90,1,0,1,1,1,0
"I3eq_d04_@30,34,38",91,1,0,1,1,1,0
"I3eq_d04_@30,34,38",92,1,0,1,1,1,0
"I3eq_d04_@30,34,38",93,1,0,1,1,1,0
"I3eq_d04_@30,34,38",94,1,0,1,1,1,0
"I3eq_d04_@30,34,38",95,1,0,1,1,1,0
"I3eq_d04_@30,34,38",96,1,0,1,1,1,0
"I3eq_d04_@30,34,38",97,1,0,1,1,1,0
"I3eq_d04_@30,34,38",98,1,0,1,1,1,0
"I3eq_d04_@30,34,38",99,1,0,1,1,1,0
"I3eq_d04_@30,34,38",100,1,0,1,1,1,0
"I3eq_d04_@30,34,38",101,1,0,1,1,1,0
"I3eq_d04_@30,34,38",102,1,0,1,1,1,0
"I3eq_d04_@30,34,38",103,1,0,1,1,1,0
"I3eq_d04_@30,34,38",104,1,0,1,1,1,0
"I3eq_d04_@30,34,38",105,1,0,1,1,1,0
"I3eq_d04_@30,34,38",106,1,0,1,1,1,0
"I3eq_d04_@30,34,38",107,1,0,1,1,1,0
"I3eq_d04_@30,34,38",108,1,0,1,1,1,0
"I3eq_d04_@30,34,38",109,1,0,1,1,1,0
"I3eq_d04_@30,34,38",110,1,0,1,1,1,0
"I3eq_d04_@30,34,38",111,1,0,1,1,1,0
"I3eq_d04_@30,34,38",112,1,0,1,1,1,0
"I3eq_d04_@30,34,38",113,1,0,1,1,1,0
"I3eq_d04_@30,34,38",114,1,0,1,1,1,0
"I3eq_d04_@30,34,38",115,1,0,1,1,1,0
"I3eq_d04_@30,34,38",116,1,0,1,1,1,0
"I3eq_d04_@30,34,38",117,1,0,1,1,1,0
"I3eq_d04_@30,34,38",118,1,0,1,1,1,0
"I3eq_d04_@30,34,38",119,1,0,1,1,1,0
"I3eq_d04_@30,34,38",120,1,0,1,1,1,0
"I3eq_d05_@30,35,40",0,1,0,1,0,0,0
"I3eq_d05_@30,35,40",1,1,0,1,0,0,0
"I3eq_d05_@30,35,40",2,1,0,1,0,0,0
"I3eq_d05_@30,35,40",3,1,0,1,0,0,0
"I3eq_d05_@30,35,40",4,1,0,1,0,0,0
"I3eq_d05_@30,35,40",5,1,0,1,0,0,0
"I3eq_d05_@30,35,40",6,1,0,1,0,0,0
"I3eq_d05_@30,35,40",7,1,0,1,0,0,0
"I3eq_d05_@30,35,40",8,1,0,1,0,0,0
"I3eq_d05_@30,35,40",9,1,0,1,0,0,0
"I3eq_d05_@30,35,40",10,1,0,1,0,0,0
"I3eq_d05_@30,35,40",11,1,0,1,0,0,0
"I3eq_d05_@30,35,40",12,1,0,1,0,0,0
"I3eq_d05_@30,35,40",13,1,0,1,0,0,0
"I3eq_d05_@30,35,40",14,1,0,1,0,0,0
"I3eq_d05_@30,35,40",15,1,0,1,0,0,0
"I3eq_d05_@30,35,40",16,1,0,1,0,0,0
"I3eq_d05_@30,35,40",17,1,0,1,0,0,0
"I3eq_d05_@30,35,40",18,1,0,1,0,0,0
"I3eq_d05_@30,35,40",19,1,0,1,0,0,0
"I3eq_d05_@30,35,40",20,1,0,1,0,0,0
"I3eq_d05_@30,35,40",21,1,0,1,0,0,0
"I3eq_d05_@30,35,40",22,1,0,1,0,0,0
"I3eq_d05_@30,35,40",23,1,0,1,0,0,0
"I3eq_d05_@30,35,40",24,1,0,1,0,0,0
"I3eq_d05_@30,35,40",25,1,0,1,0,0,0
"I3eq_d05_@30,35,40",26,1,0,1,0,0,0
"I3eq_d05_@30,35,40",27,1,0,1,0,0,0
"I3eq_d05_@30,35,40",28,1,0,1,0,0,0
"I3eq_d05_@30,35,40",29,1,0,1,0,0,0
"I3eq_d05_@30,35,40",30,1,0,1,0,0,0
"I3eq_d05_@30,35,40",31,1,1,1,0,0,0
"I3eq_d05_@30,35,40",32,1,1,1,0,0,0
"I3eq_d05_@30,35,40",33,1,1,1,0,0,0
"I3eq_d05_@30,35,40",34,1,1,1,0,0,0
"I3eq_d05_@30,35,40",35,1,1,0,1,0,0
"I3eq_d05_@30,35,40",36,1,0,1,1,1,0
"I3eq_d05_@30,35,40",37,1,0,1,1,1,0
"I3eq_d05_@30,35,40",38,1,0,1,1,1,0
"I3eq_d05_@30,35,40",39,1,0,1,1,1,0
"I3eq_d05_@30,35,40",40,1,0,1,1,1,0
"I3eq_d05_@30,35,40",41,1,0,1,1,1,0
"I3eq_d05_@30,35,40",42,1,0,1,1,1,0
"I3eq_d05_@30,35,40",43,1,0,1,1,1,0
"I3eq_d05_@30,35,40",44,1,0,1,1,1,0
"I3eq_d05_@30,35,40",45,1,0,1,1,1,0
"I3eq_d05_@30,35,40",46,1,0,1,1,1,0
"I3eq_d05_@30,35,40",47,1,0,1,1,1,0
"I3eq_d05_@30,35,40",48,1,0,1,1,1,0
"I3eq_d05_@30,35,40",49,1,0,1,1,1,0
"I3eq_d05_@30,35,40",50,1,0,1,1,1,0
"I3eq_d05_@30,35,40",51,1,0,1,1,1,0
"I3eq_d05_@30,35,40",52,1,0,1,1,1,0
"I3eq_d05_@30,35,40",53,1,0,1,1,1,0
"I3eq_d05_@30,35,40",54,1,0,1,1,1,0
"I3eq_d05_@30,35,40",55,1,0,1,1,1,0
"I3eq_d05_@30,35,40",56,1,0,1,1,1,0
"I3eq_d05_@30,35,40",57,1,0,1,1,1,0
"I3eq_d05_@30,35,40",58,1,0,1,1,1,0
"I3eq_d05_@30,35,40",59,1,0,1,1,1,0
"I3eq_d05_@30,35,40",60,1,0,1,1,1,0
"I3eq_d05_@30,35,40",61,1,0,1,1,1,0
"I3eq_d05_@30,35,40",62,1,0,1,1,1,0
"I3eq_d05_@30,35,40",63,1,0,1,1,1,0
"I3eq_d05_@30,35,40",64,1,0,1,1,1,0
"I3eq_d05_@30,35,40",65,1,0,1,1,1,0
"I3eq_d05_@30,35,40",66,1,0,1,1,1,0
"I3eq_d05_@30,35,40",67,1,0,1,1,1,0
"I3eq_d05_@30,35,40",68,1,0,1,1,1,0
"I3eq_d05_@30,35,40",69,1,0,1,1,1,0
"I3eq_d05_@30,35,40",70,1,0,1,1,1,0
"I3eq_d05_@30,35,40",71,1,0,1,1,1,0
"I3eq_d05_@30,35,40",72,1,0,1,1,1,0
"I3eq_d05_@30,35,40",73,1,0,1,1,1,0
"I3eq_d05_@30,35,40",74,1,0,1,1,1,0
"I3eq_d05_@30,35,40",75,1,0,1,1,1,0
"I3eq_d05_@30,35,40",76,1,0,1,1,1,0
"I3eq_d05_@30,35,40",77,1,0,1,1,1,0
"I3eq_d05_@30,35,40",78,1,0,1,1,1,0
"I3eq_d05_@30,35,40",79,1,0,1,1,1,0
"I3eq_d05_@30,35,40",80,1,0,1,1,1,0
"I3eq_d05_@30,35,40",81,1,0,1,1,1,0
"I3eq_d05_@30,35,40",82,1,0,1,1,1,0
"I3eq_d05_@30,35,40",83,1,0,1,1,1,0
"I3eq_d05_@30,35,40",84,1,0,1,1,1,0
"I3eq_d05_@30,35,40",85,1,0,1,1,1,0
"I3eq_d05_@30,35,40",86,1,0,1,1,1,0
"I3eq_d05_@30,35,40",87,1,0,1,1,1,0
"I3eq_d05_@30,35,40",88,1,0,1,1,1,0
"I3eq_d05_@30,35,40",89,1,0,1,1,1,0
"I3eq_d05_@30,35,40",90,1,0,1,1,1,0
"I3eq_d05_@30,35,40",91,1,0,1,1,1,0
"I3eq_d05_@30,35,40",92,1,0,1,1,1,0
"I3eq_d05_@30,35,40",93,1,0,1,1,1,0
"I3eq_d05_@30,35,40",94,1,0,1,1,1,0
"I3eq_d05_@30,35,40",95,1,0,1,1,1,0
"I3eq_d05_@30,35,40",96,1,0,1,1,1,0
"I3eq_d05_@30,35,40",97,1,0,1,1,1,0
"I3eq_d05_@30,35,40",98,1,0,1,1,1,0
"I3eq_d05_@30,35,40",99,1,0,1,1,1,0
"I3eq_d05_@30,35,40",100,1,0,1,1,1,0
"I3eq_d05_@30,35,40",101,1,0,1,1,1,0
"I3eq_d05_@30,35,40",102,1,0,1,1,1,0
"I3eq_d05_@30,35,40",103,1,0,1,1,1,0
"I3eq_d05_@30,35,40",104,1,0,1,1,1,0
"I3eq_d05_@30,35,40",105,1,0,1,1,1,0
"I3eq_d05_@30,35,40",106,1,0,1,1,1,0
"I3eq_d05_@30,35,40",107,1,0,1,1,1,0
"I3eq_d05_@30,35,40",108,1,0,1,1,1,0
"I3eq_d05_@30,35,40",109,1,0,1,1,1,0
"I3eq_d05_@30,35,40",110,1,0,1,1,1,0
"I3eq_d05_@30,35,40",111,1,0,1,1,1,0
"I3eq_d05_@30,35,40",112,1,0,1,1,1,0
"I3eq_d05_@30,35,40",113,1,0,1,1,1,0
"I3eq_d05_@30,35,40",114,1,0,1,1,1,0
"I3eq_d05_@30,35,40",115,1,0,1,1,1,0
"I3eq_d05_@30,35,40",116,1,0,1,1,1,0
"I3eq_d05_@30,35,40",117,1,0,1,1,1,0
"I3eq_d05_@30,35,40",118,1,0,1,1,1,0
"I3eq_d05_@30,35,40",119,1,0,1,1,1,0
"I3eq_d05_@30,35,40",120,1,0,1,1,1,0
"I3eq_d06_@30,36,42",0,1,0,1,0,0,0
"I3eq_d06_@30,36,42",1,1,0,1,0,0,0
"I3eq_d06_@30,36,42",2,1,0,1,0,0,0
"I3eq_d06_@30,36,42",3,1,0,1,0,0,0
"I3eq_d06_@30,36,42",4,1,0,1,0,0,0
"I3eq_d06_@30,36,42",5,1,0,1,0,0,0
"I3eq_d06_@30,36,42",6,1,0,1,0,0,0
"I3eq_d06_@30,36,42",7,1,0,1,0,0,0
"I3eq_d06_@30,36,42",8,1,0,1,0,0,0
"I3eq_d06_@30,36,42",9,1,0,1,0,0,0
"I3eq_d06_@30,36,42",10,1,0,1,0,0,0
"I3eq_d06_@30,36,42",11,1,0,1,0,0,0
"I3eq_d06_@30,36,42",12,1,0,1,0,0,0
"I3eq_d06_@30,36,42",13,1,0,1,0,0,0
"I3eq_d06_@30,36,42",14,1,0,1,0,0,0
"I3eq_d06_@30,36,42",15,1,0,1,0,0,0
"I3eq_d06_@30,36,42",16,1,0,1,0,0,0
"I3eq_d06_@30,36,42",17,1,0,1,0,0,0
"I3eq_d06_@30,36,42",18,1,0,1,0,0,0
"I3eq_d06_@30,36,42",19,1,0,1,0,0,0
"I3eq_d06_@30,36,42",20,1,0,1,0,0,0
"I3eq_d06_@30,36,42",21,1,0,1,0,0,0
"I3eq_d06_@30,36,42",22,1,0,1,0,0,0
"I3eq_d06_@30,36,42",23,1,0,1,0,0,0
"I3eq_d06_@30,36,42",24,1,0,1,0,0,0
"I3eq_d06_@30,36,42",25,1,0,1,0,0,0
"I3eq_d06_@30,36,42",26,1,0,1,0,0,0
"I3eq_d06_@30,36,42",27,1,0,1,0,0,0
"I3eq_d06_@30,36,42",28,1,0,1,0,0,0
"I3eq_d06_@30,36,42",29,1,0,1,0,0,0
"I3eq_d06_@30,36,42",30,1,0,1,0,0,0
"I3eq_d06_@30,36,42",31,1,1,1,0,0,0
"I3eq_d06_@30,36,42",32,1,1,1,0,0,0
"I3eq_d06_@30,36,42",33,1,1,1,0,0,0
"I3eq_d06_@30,36,42",34,1,1,1,0,0,0
"I3eq_d06_@30,36,42",35,1,1,1,0,0,0
"I3eq_d06_@30,36,42",36,1,1,0,1,0,0
"I3eq_d06_@30,36,42",37,1,0,1,1,1,0
"I3eq_d06_@30,36,42",38,1,0,1,1,1,0
"I3eq_d06_@30,36,42",39,1,0,1,1,1,0
"I3eq_d06_@30,36,42",40,1,0,1,1,1,0
"I3eq_d06_@30,36,42",41,1,0,1,1,1,0
"I3eq_d06_@30,36,42",42,1,0,1,1,1,0
"I3eq_d06_@30,36,42",43,1,0,1,1,1,0
"I3eq_d06_@30,36,42",44,1,0,1,1,1,0
"I3eq_d06_@30,36,42",45,1,0,1,1,1,0
"I3eq_d06_@30,36,42",46,1,0,1,1,1,0
"I3eq_d06_@30,36,42",47,1,0,1,1,1,0
"I3eq_d06_@30,36,42",48,1,0,1,1,1,0
"I3eq_d06_@30,36,42",49,1,0,1,1,1,0
"I3eq_d06_@30,36,42",50,1,0,1,1,1,0
"I3eq_d06_@30,36,42",51,1,0,1,1,1,0
"I3eq_d06_@30,36,42",52,1,0,1,1,1,0
"I3eq_d06_@30,36,42",53,1,0,1,1,1,0
"I3eq_d06_@30,36,42",54,1,0,1,1,1,0
"I3eq_d06_@30,36,42",55,1,0,1,1,1,0
"I3eq_d06_@30,36,42",56,1,0,1,1,1,0
"I3eq_d06_@30,36,42",57,1,0,1,1,1,0
"I3eq_d06_@30,36,42",58,1,0,1,1,1,0
"I3eq_d06_@30,36,42",59,1,0,1,1,1,0
"I3eq_d06_@30,36,42",60,1,0,1,1,1,0
"I3eq_d06_@30,36,42",61,1,0,1,1,1,0
"I3eq_d06_@30,36,42",62,1,0,1,1,1,0
"I3eq_d06_@30,36,42",63,1,0,1,1,1,0
"I3eq_d06_@30,36,42",64,1,0,1,1,1,0
"I3eq_d06_@30,36,42",65,1,0,1,1,1,0
"I3eq_d06_@30,36,42",66,1,0,1,1,1,0
"I3eq_d06_@30,36,42",67,1,0,1,1,1,0
"I3eq_d06_@30,36,42",68,1,0,1,1,1,0
"I3eq_d06_@30,36,42",69,1,0,1,1,1,0
"I3eq_d06_@30,36,42",70,1,0,1,1,1,0
"I3eq_d06_@30,36,42",71,1,0,1,1,1,0
"I3eq_d06_@30,36,42",72,1,0,1,1,1,0
"I3eq_d06_@30,36,42",73,1,0,1,1,1,0
"I3eq_d06_@30,36,42",74,1,0,1,1,1,0
"I3eq_d06_@30,36,42",75,1,0,1,1,1,0
"I3eq_d06_@30,36,42",76,1,0,1,1,1,0
"I3eq_d06_@30,36,42",77,1,0,1,1,1,0
"I3eq_d06_@30,36,42",78,1,0,1,1,1,0
"I3eq_d06_@30,36,42",79,1,0,1,1,1,0
"I3eq_d06_@30,36,42",80,1,0,1,1,1,0
"I3eq_d06_@30,36,42",81,1,0,1,1,1,0
"I3eq_d06_@30,36,42",82,1,0,1,1,1,0
"I3eq_d06_@30,36,42",83,1,0,1,1,1,0
"I3eq_d06_@30,36,42",84,1,0,1,1,1,0
"I3eq_d06_@30,36,42",85,1,0,1,1,1,0
"I3eq_d06_@30,36,42",86,1,0,1,1,1,0
"I3eq_d06_@30,36,42",87,1,0,1,1,1,0
"I3eq_d06_@30,36,42",88,1,0,1,1,1,0
"I3eq_d06_@30,36,42",89,1,0,1,1,1,0
"I3eq_d06_@30,36,42",90,1,0,1,1,1,0
"I3eq_d06_@30,36,42",91,1,0,1,1,1,0
"I3eq_d06_@30,36,42",92,1,0,1,1,1,0
"I3eq_d06_@30,36,42",93,1,0,1,1,1,0
"I3eq_d06_@30,36,42",94,1,0,1,1,1,0
"I3eq_d06_@30,36,42",95,1,0,1,1,1,0
"I3eq_d06_@30,36,42",96,1,0,1,1,1,0
"I3eq_d06_@30,36,42",97,1,0,1,1,1,0
"I3eq_d06_@30,36,42",98,1,0,1,1,1,0
"I3eq_d06_@30,36,42",99,1,0,1,1,1,0
"I3eq_d06_@30,36,42",100,1,0,1,1,1,0
"I3eq_d06_@30,36,42",101,1,0,1,1,1,0
"I3eq_d06_@30,36,42",102,1,0,1,1,1,0
"I3eq_d06_@30,36,42",103,1,0,1,1,1,0
"I3eq_d06_@30,36,42",104,1,0,1,1,1,0
"I3eq_d06_@30,36,42",105,1,0,1,1,1,0
"I3eq_d06_@30,36,42",106,1,0,1,1,1,0
"I3eq_d06_@30,36,42",107,1,0,1,1,1,0
"I3eq_d06_@30,36,42",108,1,0,1,1,1,0
"I3eq_d06_@30,36,42",109,1,0,1,1,1,0
"I3eq_d06_@30,36,42",110,1,0,1,1,1,0
"I3eq_d06_@30,36,42",111,1,0,1,1,1,0
"I3eq_d06_@30,36,42",112,1,0,1,1,1,0
"I3eq_d06_@30,36,42",113,1,0,1,1,1,0
"I3eq_d06_@30,36,42",114,1,0,1,1,1,0
"I3eq_d06_@30,36,42",115,1,0,1,1,1,0
"I3eq_d06_@30,36,42",116,1,0,1,1,1,0
"I3eq_d06_@30,36,42",117,1,0,1,1,1,0
"I3eq_d06_@30,36,42",118,1,0,1,1,1,0
"I3eq_d06_@30,36,42",119,1,0,1,1,1,0
"I3eq_d06_@30,36,42",120,1,0,1,1,1,0
