mode,cyc,Q,nor2_2_30_Y,or3_2_8_A,inv_2_10_A,inv_2_10_Y,nor2_2_30_B,or3_X,nor3_Y,and3_2_10_B,a32o_2_2_X,and4_2_3_A,a21o_2_10_X,and4_2_3_B,dfrtp_2_25_D,and3_2_11_X,o21a_X,and4_2_4_D,xnor2_2_11_B,and4_X
all0,0,0,0,0,0,1,1,0,1,0,0,0,0,0,0,0,0,0,1,0
all0,1,0,0,0,0,1,1,0,1,0,0,0,0,0,0,0,0,0,1,0
all0,2,0,0,0,0,1,1,0,1,0,0,0,0,0,0,0,0,0,1,0
all0,3,0,0,0,0,1,1,0,1,0,0,0,0,0,0,0,0,0,1,0
all0,4,0,0,0,0,1,1,0,1,0,0,0,0,0,0,0,0,0,1,0
all0,5,0,0,0,0,1,1,0,1,0,0,0,0,0,0,0,0,0,1,0
all0,6,0,0,0,0,1,1,0,1,0,0,0,0,0,0,0,0,0,1,0
all0,7,0,0,0,0,1,1,0,1,0,0,0,0,0,0,0,0,0,1,0
all0,8,0,0,0,0,1,1,0,1,0,0,0,0,0,0,0,0,0,1,0
all0,9,0,0,0,0,1,1,0,1,0,0,0,0,0,0,0,0,0,1,0
all0,10,0,0,0,0,1,1,0,1,0,0,0,0,0,0,0,0,0,1,0
all0,11,0,0,0,0,1,1,0,1,0,0,0,0,0,0,0,0,0,1,0
all0,12,0,0,0,0,1,1,0,1,0,0,0,0,0,0,0,0,0,1,0
all0,13,0,0,0,0,1,1,0,1,0,0,0,0,0,0,0,0,0,1,0
all0,14,0,0,0,0,1,1,0,1,0,0,0,0,0,0,0,0,0,1,0
all0,15,0,0,0,0,1,1,0,1,0,0,0,0,0,0,0,0,0,1,0
all0,16,0,0,0,0,1,1,0,1,0,0,0,0,0,0,0,0,0,1,0
all0,17,0,0,0,0,1,1,0,1,0,0,0,0,0,0,0,0,0,1,0
all0,18,0,0,0,0,1,1,0,1,0,0,0,0,0,0,0,0,0,1,0
all0,19,0,0,0,0,1,1,0,1,0,0,0,0,0,0,0,0,0,1,0
all0,20,0,0,0,0,1,1,0,1,0,0,0,0,0,0,0,0,0,1,0
all0,21,0,0,0,0,1,1,0,1,0,0,0,0,0,0,0,0,0,1,0
all0,22,0,0,0,0,1,1,0,1,0,0,0,0,0,0,0,0,0,1,0
all0,23,0,0,0,0,1,1,0,1,0,0,0,0,0,0,0,0,0,1,0
all0,24,0,0,0,0,1,1,0,1,0,0,0,0,0,0,0,0,0,1,0
all0,25,0,0,0,0,1,1,0,1,0,0,0,0,0,0,0,0,0,1,0
all0,26,0,0,0,0,1,1,0,1,0,0,0,0,0,0,0,0,0,1,0
all0,27,0,0,0,0,1,1,0,1,0,0,0,0,0,0,0,0,0,1,0
all0,28,0,0,0,0,1,1,0,1,0,0,0,0,0,0,0,0,0,1,0
all0,29,0,0,0,0,1,1,0,1,0,0,0,0,0,0,0,0,0,1,0
all0,30,0,0,0,0,1,1,0,1,0,0,0,0,0,0,0,0,0,1,0
all0,31,0,0,0,0,1,1,0,1,0,0,0,0,0,0,0,0,0,1,0
all0,32,0,0,0,0,1,1,0,1,0,0,0,0,0,0,0,0,0,1,0
all0,33,0,0,0,0,1,1,0,1,0,0,0,0,0,0,0,0,0,1,0
all0,34,0,0,0,0,1,1,0,1,0,0,0,0,0,0,0,0,0,1,0
all0,35,0,0,0,0,1,1,0,1,0,0,0,0,0,0,0,0,0,1,0
all0,36,0,0,0,0,1,1,0,1,0,0,0,0,0,0,0,0,0,1,0
all0,37,0,0,0,0,1,1,0,1,0,0,0,0,0,0,0,0,0,1,0
all0,38,0,0,0,0,1,1,0,1,0,0,0,0,0,0,0,0,0,1,0
all0,39,0,0,0,0,1,1,0,1,0,0,0,0,0,0,0,0,0,1,0
all0,40,0,0,0,0,1,1,0,1,0,0,0,0,0,0,0,0,0,1,0
all0,41,0,0,0,0,1,1,0,1,0,0,0,0,0,0,0,0,0,1,0
all0,42,0,0,0,0,1,1,0,1,0,0,0,0,0,0,0,0,0,1,0
all0,43,0,0,0,0,1,1,0,1,0,0,0,0,0,0,0,0,0,1,0
all0,44,0,0,0,0,1,1,0,1,0,0,0,0,0,0,0,0,0,1,0
all0,45,0,0,0,0,1,1,0,1,0,0,0,0,0,0,0,0,0,1,0
all0,46,0,0,0,0,1,1,0,1,0,0,0,0,0,0,0,0,0,1,0
all0,47,0,0,0,0,1,1,0,1,0,0,0,0,0,0,0,0,0,1,0
all0,48,0,0,0,0,1,1,0,1,0,0,0,0,0,0,0,0,0,1,0
all0,49,0,0,0,0,1,1,0,1,0,0,0,0,0,0,0,0,0,1,0
all0,50,0,0,0,0,1,1,0,1,0,0,0,0,0,0,0,0,0,1,0
all0,51,0,0,0,0,1,1,0,1,0,0,0,0,0,0,0,0,0,1,0
all0,52,0,0,0,0,1,1,0,1,0,0,0,0,0,0,0,0,0,1,0
all0,53,0,0,0,0,1,1,0,1,0,0,0,0,0,0,0,0,0,1,0
all0,54,0,0,0,0,1,1,0,1,0,0,0,0,0,0,0,0,0,1,0
all0,55,0,0,0,0,1,1,0,1,0,0,0,0,0,0,0,0,0,1,0
all0,56,0,0,0,0,1,1,0,1,0,0,0,0,0,0,0,0,0,1,0
all0,57,0,0,0,0,1,1,0,1,0,0,0,0,0,0,0,0,0,1,0
all0,58,0,0,0,0,1,1,0,1,0,0,0,0,0,0,0,0,0,1,0
all0,59,0,0,0,0,1,1,0,1,0,0,0,0,0,0,0,0,0,1,0
all0,60,0,0,0,0,1,1,0,1,0,0,0,0,0,0,0,0,0,1,0
all0,61,0,0,0,0,1,1,0,1,0,0,0,0,0,0,0,0,0,1,0
all0,62,0,0,0,0,1,1,0,1,0,0,0,0,0,0,0,0,0,1,0
all0,63,0,0,0,0,1,1,0,1,0,0,0,0,0,0,0,0,0,1,0
all0,64,0,0,0,0,1,1,0,1,0,0,0,0,0,0,0,0,0,1,0
all0,65,0,0,0,0,1,1,0,1,0,0,0,0,0,0,0,0,0,1,0
all0,66,0,0,0,0,1,1,0,1,0,0,0,0,0,0,0,0,0,1,0
all0,67,0,0,0,0,1,1,0,1,0,0,0,0,0,0,0,0,0,1,0
all0,68,0,0,0,0,1,1,0,1,0,0,0,0,0,0,0,0,0,1,0
all0,69,0,0,0,0,1,1,0,1,0,0,0,0,0,0,0,0,0,1,0
all0,70,0,0,0,0,1,1,0,1,0,0,0,0,0,0,0,0,0,1,0
all0,71,0,0,0,0,1,1,0,1,0,0,0,0,0,0,0,0,0,1,0
all0,72,0,0,0,0,1,1,0,1,0,0,0,0,0,0,0,0,0,1,0
all0,73,0,0,0,0,1,1,0,1,0,0,0,0,0,0,0,0,0,1,0
all0,74,0,0,0,0,1,1,0,1,0,0,0,0,0,0,0,0,0,1,0
all0,75,0,0,0,0,1,1,0,1,0,0,0,0,0,0,0,0,0,1,0
all0,76,0,0,0,0,1,1,0,1,0,0,0,0,0,0,0,0,0,1,0
all0,77,0,0,0,0,1,1,0,1,0,0,0,0,0,0,0,0,0,1,0
all0,78,0,0,0,0,1,1,0,1,0,0,0,0,0,0,0,0,0,1,0
all0,79,0,0,0,0,1,1,0,1,0,0,0,0,0,0,0,0,0,1,0
all0,80,0,0,0,0,1,1,0,1,0,0,0,0,0,0,0,0,0,1,0
all0,81,0,0,0,0,1,1,0,1,0,0,0,0,0,0,0,0,0,1,0
all0,82,0,0,0,0,1,1,0,1,0,0,0,0,0,0,0,0,0,1,0
all0,83,0,0,0,0,1,1,0,1,0,0,0,0,0,0,0,0,0,1,0
all0,84,0,0,0,0,1,1,0,1,0,0,0,0,0,0,0,0,0,1,0
all0,85,0,0,0,0,1,1,0,1,0,0,0,0,0,0,0,0,0,1,0
all0,86,0,0,0,0,1,1,0,1,0,0,0,0,0,0,0,0,0,1,0
all0,87,0,0,0,0,1,1,0,1,0,0,0,0,0,0,0,0,0,1,0
all0,88,0,0,0,0,1,1,0,1,0,0,0,0,0,0,0,0,0,1,0
all0,89,0,0,0,0,1,1,0,1,0,0,0,0,0,0,0,0,0,1,0
all0,90,0,0,0,0,1,1,0,1,0,0,0,0,0,0,0,0,0,1,0
all0,91,0,0,0,0,1,1,0,1,0,0,0,0,0,0,0,0,0,1,0
all0,92,0,0,0,0,1,1,0,1,0,0,0,0,0,0,0,0,0,1,0
all0,93,0,0,0,0,1,1,0,1,0,0,0,0,0,0,0,0,0,1,0
all0,94,0,0,0,0,1,1,0,1,0,0,0,0,0,0,0,0,0,1,0
all0,95,0,0,0,0,1,1,0,1,0,0,0,0,0,0,0,0,0,1,0
all0,96,0,0,0,0,1,1,0,1,0,0,0,0,0,0,0,0,0,1,0
all0,97,0,0,0,0,1,1,0,1,0,0,0,0,0,0,0,0,0,1,0
all0,98,0,0,0,0,1,1,0,1,0,0,0,0,0,0,0,0,0,1,0
all0,99,0,0,0,0,1,1,0,1,0,0,0,0,0,0,0,0,0,1,0
all0,100,0,0,0,0,1,1,0,1,0,0,0,0,0,0,0,0,0,1,0
all0,101,0,0,0,0,1,1,0,1,0,0,0,0,0,0,0,0,0,1,0
all0,102,0,0,0,0,1,1,0,1,0,0,0,0,0,0,0,0,0,1,0
all0,103,0,0,0,0,1,1,0,1,0,0,0,0,0,0,0,0,0,1,0
all0,104,0,0,0,0,1,1,0,1,0,0,0,0,0,0,0,0,0,1,0
all0,105,0,0,0,0,1,1,0,1,0,0,0,0,0,0,0,0,0,1,0
all0,106,0,0,0,0,1,1,0,1,0,0,0,0,0,0,0,0,0,1,0
all0,107,0,0,0,0,1,1,0,1,0,0,0,0,0,0,0,0,0,1,0
all0,108,0,0,0,0,1,1,0,1,0,0,0,0,0,0,0,0,0,1,0
all0,109,0,0,0,0,1,1,0,1,0,0,0,0,0,0,0,0,0,1,0
all0,110,0,0,0,0,1,1,0,1,0,0,0,0,0,0,0,0,0,1,0
all0,111,0,0,0,0,1,1,0,1,0,0,0,0,0,0,0,0,0,1,0
all0,112,0,0,0,0,1,1,0,1,0,0,0,0,0,0,0,0,0,1,0
all0,113,0,0,0,0,1,1,0,1,0,0,0,0,0,0,0,0,0,1,0
all0,114,0,0,0,0,1,1,0,1,0,0,0,0,0,0,0,0,0,1,0
all0,115,0,0,0,0,1,1,0,1,0,0,0,0,0,0,0,0,0,1,0
all0,116,0,0,0,0,1,1,0,1,0,0,0,0,0,0,0,0,0,1,0
all0,117,0,0,0,0,1,1,0,1,0,0,0,0,0,0,0,0,0,1,0
all0,118,0,0,0,0,1,1,0,1,0,0,0,0,0,0,0,0,0,1,0
all0,119,0,0,0,0,1,1,0,1,0,0,0,0,0,0,0,0,0,1,0
all0,120,0,0,0,0,1,1,0,1,0,0,0,0,0,0,0,0,0,1,0
"I2win_off1,3_d2",0,0,0,0,0,1,1,0,1,0,0,0,0,0,0,0,0,0,1,0
"I2win_off1,3_d2",1,0,1,0,0,1,0,0,1,0,0,0,0,0,0,0,0,0,1,0
"I2win_off1,3_d2",2,0,1,1,0,1,0,1,0,1,0,0,0,0,0,0,0,0,1,0
"I2win_off1,3_d2",3,0,0,1,1,0,0,1,0,1,1,0,0,0,0,0,0,0,1,0
"I2win_off1,3_d2",4,0,0,0,0,1,1,0,1,0,1,1,0,0,0,0,0,0,1,0
"I2win_off1,3_d2",5,0,0,0,0,1,1,0,1,0,1,1,0,0,0,0,0,0,1,0
"I2win_off1,3_d2",6,0,0,0,0,1,1,0,1,0,1,1,0,0,0,0,0,0,1,0
"I2win_off1,3_d2",7,0,0,0,0,1,1,0,1,0,1,1,0,0,0,0,0,0,1,0
"I2win_off1,3_d2",8,0,0,0,0,1,1,0,1,0,1,1,0,0,0,0,0,0,1,0
"I2win_off1,3_d2",9,0,0,0,0,1,1,0,1,0,1,1,0,0,0,0,0,0,1,0
"I2win_off1,3_d2",10,0,0,0,0,1,1,0,1,0,1,1,0,0,0,0,0,0,1,0
"I2win_off1,3_d2",11,0,0,0,0,1,1,0,1,0,1,1,0,0,0,0,0,0,1,0
"I2win_off1,3_d2",12,0,1,0,0,1,0,0,1,0,1,1,0,0,0,0,0,0,1,0
"I2win_off1,3_d2",13,0,1,1,0,1,0,1,0,0,1,1,0,0,0,0,0,0,1,0
"I2win_off1,3_d2",14,0,0,1,1,0,0,1,0,0,0,1,1,0,1,0,0,0,1,0
"I2win_off1,3_d2",15,0,0,0,0,1,1,0,1,0,0,0,1,1,1,0,0,0,1,0
"I2win_off1,3_d2",16,0,0,0,0,1,1,0,1,0,0,0,1,1,1,0,0,0,1,0
"I2win_off1,3_d2",17,0,0,0,0,1,1,0,1,0,0,0,1,1,1,0,0,0,1,0
"I2win_off1,3_d2",18,0,0,0,0,1,1,0,1,0,0,0,1,1,1,0,0,0,1,0
"I2win_off1,3_d2",19,0,0,0,0,1,1,0,1,0,0,0,1,1,1,0,0,0,1,0
"I2win_off1,3_d2",20,0,0,0,0,1,1,0,1,0,0,0,1,1,1,0,0,0,1,0
"I2win_off1,3_d2",21,0,0,0,0,1,1,0,1,0,0,0,1,1,1,0,0,0,1,0
"I2win_off1,3_d2",22,0,0,0,0,1,1,0,1,0,0,0,1,1,1,0,0,0,1,0
"I2win_off1,3_d2",23,0,1,0,0,1,0,0,1,0,0,0,1,1,1,0,0,0,1,0
"I2win_off1,3_d2",24,0,1,1,0,1,0,1,0,1,0,0,1,1,1,0,0,0,1,0
"I2win_off1,3_d2",25,0,0,1,1,0,0,1,0,1,1,0,1,1,1,0,0,0,1,0
"I2win_off1,3_d2",26,0,0,0,0,1,1,0,1,0,1,1,1,1,1,0,0,0,1,0
"I2win_off1,3_d2",27,0,0,0,0,1,1,0,1,0,1,1,1,1,1,0,0,0,1,0
"I2win_off1,3_d2",28,0,0,0,0,1,1,0,1,0,1,1,1,1,1,0,0,0,1,0
"I2win_off1,3_d2",29,0,0,0,0,1,1,0,1,0,1,1,1,1,1,0,0,0,1,0
"I2win_off1,3_d2",30,0,0,0,0,1,1,0,1,0,1,1,1,1,1,0,0,0,1,0
"I2win_off1,3_d2",31,0,0,0,0,1,1,0,1,0,1,1,1,1,1,0,0,0,1,0
"I2win_off1,3_d2",32,0,0,0,0,1,1,0,1,0,1,1,1,1,1,0,0,0,1,0
"I2win_off1,3_d2",33,0,0,0,0,1,1,0,1,0,1,1,1,1,1,0,0,0,1,0
"I2win_off1,3_d2",34,0,1,0,0,1,0,0,1,0,1,1,1,1,1,0,0,0,1,0
"I2win_off1,3_d2",35,0,1,1,0,1,0,1,0,0,1,1,1,1,1,0,0,0,1,0
"I2win_off1,3_d2",36,0,0,1,1,0,0,1,0,0,0,1,1,1,0,1,1,0,1,0
"I2win_off1,3_d2",37,1,0,0,0,1,1,1,0,0,0,0,0,0,0,0,1,0,1,0
"I2win_off1,3_d2",38,1,0,0,0,1,1,1,0,0,0,0,0,0,0,0,1,0,1,0
"I2win_off1,3_d2",39,1,0,0,0,1,1,1,0,0,0,0,0,0,0,0,1,0,1,0
"I2win_off1,3_d2",40,1,0,0,0,1,1,1,0,0,0,0,0,0,0,0,1,0,1,0
"I2win_off1,3_d2",41,1,0,0,0,1,1,1,0,0,0,0,0,0,0,0,1,0,1,0
"I2win_off1,3_d2",42,1,0,0,0,1,1,1,0,0,0,0,0,0,0,0,1,0,1,0
"I2win_off1,3_d2",43,1,0,0,0,1,1,1,0,0,0,0,0,0,0,0,1,0,1,0
"I2win_off1,3_d2",44,1,0,0,0,1,1,1,0,0,0,0,0,0,0,0,1,0,1,0
"I2win_off1,3_d2",45,1,1,0,0,1,0,1,0,0,0,0,0,0,0,0,1,0,1,0
"I2win_off1,3_d2",46,1,1,1,0,1,0,1,0,1,0,0,0,0,0,0,1,0,1,0
"I2win_off1,3_d2",47,1,0,1,1,0,0,1,0,1,1,0,0,0,0,0,1,0,1,0
"I2win_off1,3_d2",48,1,0,0,0,1,1,1,0,0,1,1,0,0,0,0,1,0,1,0
"I2win_off1,3_d2",49,1,0,0,0,1,1,1,0,0,1,1,0,0,0,0,1,0,1,0
"I2win_off1,3_d2",50,1,0,0,0,1,1,1,0,0,1,1,0,0,0,0,1,0,1,0
"I2win_off1,3_d2",51,1,0,0,0,1,1,1,0,0,1,1,0,0,0,0,1,0,1,0
"I2win_off1,3_d2",52,1,0,0,0,1,1,1,0,0,1,1,0,0,0,0,1,0,1,0
"I2win_off1,3_d2",53,1,0,0,0,1,1,1,0,0,1,1,0,0,0,0,1,0,1,0
"I2win_off1,3_d2",54,1,0,0,0,1,1,1,0,0,1,1,0,0,0,0,1,0,1,0
"I2win_off1,3_d2",55,1,0,0,0,1,1,1,0,0,1,1,0,0,0,0,1,0,1,0
"I2win_off1,3_d2",56,1,1,0,0,1,0,1,0,0,1,1,0,0,0,0,1,0,1,0
"I2win_off1,3_d2",57,1,1,1,0,1,0,1,0,0,1,1,0,0,0,0,1,0,1,0
"I2win_off1,3_d2",58,1,0,1,1,0,0,1,0,0,0,1,1,0,1,0,1,0,1,0
"I2win_off1,3_d2",59,1,0,0,0,1,1,1,0,0,0,0,1,1,1,0,1,0,1,0
"I2win_off1,3_d2",60,1,0,0,0,1,1,1,0,0,0,0,1,1,1,0,1,0,1,0
"I2win_off1,3_d2",61,1,0,0,0,1,1,1,0,0,0,0,1,1,1,0,1,0,1,0
"I2win_off1,3_d2",62,1,0,0,0,1,1,1,0,0,0,0,1,1,1,0,1,0,1,0
"I2win_off1,3_d2",63,1,0,0,0,1,1,1,0,0,0,0,1,1,1,0,1,0,1,0
"I2win_off1,3_d2",64,1,0,0,0,1,1,1,0,0,0,0,1,1,1,0,1,0,1,0
"I2win_off1,3_d2",65,1,0,0,0,1,1,1,0,0,0,0,1,1,1,0,1,0,1,0
"I2win_off1,3_d2",66,1,0,0,0,1,1,1,0,0,0,0,1,1,1,0,1,0,1,0
"I2win_off1,3_d2",67,1,1,0,0,1,0,1,0,0,0,0,1,1,1,0,1,0,1,0
"I2win_off1,3_d2",68,1,1,1,0,1,0,1,0,1,0,0,1,1,1,0,1,0,1,0
"I2win_off1,3_d2",69,1,0,1,1,0,0,1,0,1,1,0,1,1,1,0,1,0,1,0
"I2win_off1,3_d2",70,1,0,0,0,1,1,1,0,0,1,1,1,1,1,0,1,1,1,0
"I2win_off1,3_d2",71,1,0,0,0,1,1,1,0,0,1,1,1,1,1,0,1,1,1,0
"I2win_off1,3_d2",72,1,0,0,0,1,1,1,0,0,1,1,1,1,1,0,1,1,1,0
"I2win_off1,3_d2",73,1,0,0,0,1,1,1,0,0,1,1,1,1,1,0,1,1,1,0
"I2win_off1,3_d2",74,1,0,0,0,1,1,1,0,0,1,1,1,1,1,0,1,1,1,0
"I2win_off1,3_d2",75,1,0,0,0,1,1,1,0,0,1,1,1,1,1,0,1,1,1,0
"I2win_off1,3_d2",76,1,0,0,0,1,1,1,0,0,1,1,1,1,1,0,1,1,1,0
"I2win_off1,3_d2",77,1,0,0,0,1,1,1,0,0,1,1,1,1,1,0,1,1,1,0
"I2win_off1,3_d2",78,1,1,0,0,1,0,1,0,0,1,1,1,1,1,0,1,1,1,0
"I2win_off1,3_d2",79,1,1,1,0,1,0,1,0,0,1,1,1,1,1,0,1,1,1,0
"I2win_off1,3_d2",80,1,0,1,1,0,0,1,0,0,0,1,1,1,0,1,0,1,0,0
"I2win_off1,3_d2",81,0,0,0,0,1,1,0,1,0,0,0,0,0,0,0,0,0,1,0
"I2win_off1,3_d2",82,0,0,0,0,1,1,0,1,0,0,0,0,0,0,0,0,0,1,0
"I2win_off1,3_d2",83,0,0,0,0,1,1,0,1,0,0,0,0,0,0,0,0,0,1,0
"I2win_off1,3_d2",84,0,0,0,0,1,1,0,1,0,0,0,0,0,0,0,0,0,1,0
"I2win_off1,3_d2",85,0,0,0,0,1,1,0,1,0,0,0,0,0,0,0,0,0,1,0
"I2win_off1,3_d2",86,0,0,0,0,1,1,0,1,0,0,0,0,0,0,0,0,0,1,0
"I2win_off1,3_d2",87,0,0,0,0,1,1,0,1,0,0,0,0,0,0,0,0,0,1,0
"I2win_off1,3_d2",88,0,0,0,0,1,1,0,1,0,0,0,0,0,0,0,0,0,1,0
"I2win_off1,3_d2",89,0,1,0,0,1,0,0,1,0,0,0,0,0,0,0,0,0,1,0
"I2win_off1,3_d2",90,0,1,1,0,1,0,1,0,1,0,0,0,0,0,0,0,0,1,0
"I2win_off1,3_d2",91,0,0,1,1,0,0,1,0,1,1,0,0,0,0,0,0,0,1,0
"I2win_off1,3_d2",92,0,0,0,0,1,1,0,1,0,1,1,0,0,0,0,0,0,1,0
"I2win_off1,3_d2",93,0,0,0,0,1,1,0,1,0,1,1,0,0,0,0,0,0,1,0
"I2win_off1,3_d2",94,0,0,0,0,1,1,0,1,0,1,1,0,0,0,0,0,0,1,0
"I2win_off1,3_d2",95,0,0,0,0,1,1,0,1,0,1,1,0,0,0,0,0,0,1,0
"I2win_off1,3_d2",96,0,0,0,0,1,1,0,1,0,1,1,0,0,0,0,0,0,1,0
"I2win_off1,3_d2",97,0,0,0,0,1,1,0,1,0,1,1,0,0,0,0,0,0,1,0
"I2win_off1,3_d2",98,0,0,0,0,1,1,0,1,0,1,1,0,0,0,0,0,0,1,0
"I2win_off1,3_d2",99,0,0,0,0,1,1,0,1,0,1,1,0,0,0,0,0,0,1,0
"I2win_off1,3_d2",100,0,1,0,0,1,0,0,1,0,1,1,0,0,0,0,0,0,1,0
"I2win_off1,3_d2",101,0,1,1,0,1,0,1,0,0,1,1,0,0,0,0,0,0,1,0
"I2win_off1,3_d2",102,0,0,1,1,0,0,1,0,0,0,1,1,0,1,0,0,0,1,0
"I2win_off1,3_d2",103,0,0,0,0,1,1,0,1,0,0,0,1,1,1,0,0,0,1,0
"I2win_off1,3_d2",104,0,0,0,0,1,1,0,1,0,0,0,1,1,1,0,0,0,1,0
"I2win_off1,3_d2",105,0,0,0,0,1,1,0,1,0,0,0,1,1,1,0,0,0,1,0
"I2win_off1,3_d2",106,0,0,0,0,1,1,0,1,0,0,0,1,1,1,0,0,0,1,0
"I2win_off1,3_d2",107,0,0,0,0,1,1,0,1,0,0,0,1,1,1,0,0,0,1,0
"I2win_off1,3_d2",108,0,0,0,0,1,1,0,1,0,0,0,1,1,1,0,0,0,1,0
"I2win_off1,3_d2",109,0,0,0,0,1,1,0,1,0,0,0,1,1,1,0,0,0,1,0
"I2win_off1,3_d2",110,0,0,0,0,1,1,0,1,0,0,0,1,1,1,0,0,0,1,0
"I2win_off1,3_d2",111,0,1,0,0,1,0,0,1,0,0,0,1,1,1,0,0,0,1,0
"I2win_off1,3_d2",112,0,1,1,0,1,0,1,0,1,0,0,1,1,1,0,0,0,1,0
"I2win_off1,3_d2",113,0,0,1,1,0,0,1,0,1,1,0,1,1,1,0,0,0,1,0
"I2win_off1,3_d2",114,0,0,0,0,1,1,0,1,0,1,1,1,1,1,0,0,0,1,1
"I2win_off1,3_d2",115,0,0,0,0,1,1,0,1,0,1,1,1,1,1,0,0,0,1,1
"I2win_off1,3_d2",116,0,0,0,0,1,1,0,1,0,1,1,1,1,1,0,0,0,1,1
"I2win_off1,3_d2",117,0,0,0,0,1,1,0,1,0,1,1,1,1,1,0,0,0,1,1
"I2win_off1,3_d2",118,0,0,0,0,1,1,0,1,0,1,1,1,1,1,0,0,0,1,1
"I2win_off1,3_d2",119,0,0,0,0,1,1,0,1,0,1,1,1,1,1,0,0,0,1,1
"I2win_off1,3_d2",120,0,0,0,0,1,1,0,1,0,1,1,1,1,1,0,0,0,1,1
"I2win_off4,6_d2",0,0,0,0,0,1,1,0,1,0,0,0,0,0,0,0,0,0,1,0
"I2win_off4,6_d2",1,0,0,0,0,1,1,0,1,0,0,0,0,0,0,0,0,0,1,0
"I2win_off4,6_d2",2,0,0,0,0,1,1,0,1,0,0,0,0,0,0,0,0,0,1,0
"I2win_off4,6_d2",3,0,0,0,0,1,1,0,1,0,0,0,0,0,0,0,0,0,1,0
"I2win_off4,6_d2",4,0,1,0,0,1,0,0,1,0,0,0,0,0,0,0,0,0,1,0
"I2win_off4,6_d2",5,0,1,1,0,1,0,1,0,1,0,0,0,0,0,0,0,0,1,0
"I2win_off4,6_d2",6,0,0,1,1,0,0,1,0,1,1,0,0,0,0,0,0,0,1,0
"I2win_off4,6_d2",7,0,0,0,0,1,1,0,1,0,1,1,0,0,0,0,0,0,1,0
"I2win_off4,6_d2",8,0,0,0,0,1,1,0,1,0,1,1,0,0,0,0,0,0,1,0
"I2win_off4,6_d2",9,0,0,0,0,1,1,0,1,0,1,1,0,0,0,0,0,0,1,0
"I2win_off4,6_d2",10,0,0,0,0,1,1,0,1,0,1,1,0,0,0,0,0,0,1,0
"I2win_off4,6_d2",11,0,0,0,0,1,1,0,1,0,1,1,0,0,0,0,0,0,1,0
"I2win_off4,6_d2",12,0,0,0,0,1,1,0,1,0,1,1,0,0,0,0,0,0,1,0
"I2win_off4,6_d2",13,0,0,0,0,1,1,0,1,0,1,1,0,0,0,0,0,0,1,0
"I2win_off4,6_d2",14,0,0,0,0,1,1,0,1,0,1,1,0,0,0,0,0,0,1,0
"I2win_off4,6_d2",15,0,1,0,0,1,0,0,1,0,1,1,0,0,0,0,0,0,1,0
"I2win_off4,6_d2",16,0,1,1,0,1,0,1,0,0,1,1,0,0,0,0,0,0,1,0
"I2win_off4,6_d2",17,0,0,1,1,0,0,1,0,0,0,1,1,0,1,0,0,0,1,0
"I2win_off4,6_d2",18,0,0,0,0,1,1,0,1,0,0,0,1,1,1,0,0,0,1,0
"I2win_off4,6_d2",19,0,0,0,0,1,1,0,1,0,0,0,1,1,1,0,0,0,1,0
"I2win_off4,6_d2",20,0,0,0,0,1,1,0,1,0,0,0,1,1,1,0,0,0,1,0
"I2win_off4,6_d2",21,0,0,0,0,1,1,0,1,0,0,0,1,1,1,0,0,0,1,0
"I2win_off4,6_d2",22,0,0,0,0,1,1,0,1,0,0,0,1,1,1,0,0,0,1,0
"I2win_off4,6_d2",23,0,0,0,0,1,1,0,1,0,0,0,1,1,1,0,0,0,1,0
"I2win_off4,6_d2",24,0,0,0,0,1,1,0,1,0,0,0,1,1,1,0,0,0,1,0
"I2win_off4,6_d2",25,0,0,0,0,1,1,0,1,0,0,0,1,1,1,0,0,0,1,0
"I2win_off4,6_d2",26,0,1,0,0,1,0,0,1,0,0,0,1,1,1,0,0,0,1,0
"I2win_off4,6_d2",27,0,1,1,0,1,0,1,0,1,0,0,1,1,1,0,0,0,1,0
"I2win_off4,6_d2",28,0,0,1,1,0,0,1,0,1,1,0,1,1,1,0,0,0,1,0
"I2win_off4,6_d2",29,0,0,0,0,1,1,0,1,0,1,1,1,1,1,0,0,0,1,0
"I2win_off4,6_d2",30,0,0,0,0,1,1,0,1,0,1,1,1,1,1,0,0,0,1,0
"I2win_off4,6_d2",31,0,0,0,0,1,1,0,1,0,1,1,1,1,1,0,0,0,1,0
"I2win_off4,6_d2",32,0,0,0,0,1,1,0,1,0,1,1,1,1,1,0,0,0,1,0
"I2win_off4,6_d2",33,0,0,0,0,1,1,0,1,0,1,1,1,1,1,0,0,0,1,0
"I2win_off4,6_d2",34,0,0,0,0,1,1,0,1,0,1,1,1,1,1,0,0,0,1,0
"I2win_off4,6_d2",35,0,0,0,0,1,1,0,1,0,1,1,1,1,1,0,0,0,1,0
"I2win_off4,6_d2",36,0,0,0,0,1,1,0,1,0,1,1,1,1,1,0,0,0,1,0
"I2win_off4,6_d2",37,0,1,0,0,1,0,0,1,0,1,1,1,1,1,0,0,0,1,0
"I2win_off4,6_d2",38,0,1,1,0,1,0,1,0,0,1,1,1,1,1,0,0,0,1,0
"I2win_off4,6_d2",39,0,0,1,1,0,0,1,0,0,0,1,1,1,0,1,1,0,1,0
"I2win_off4,6_d2",40,1,0,0,0,1,1,1,0,0,0,0,0,0,0,0,1,0,1,0
"I2win_off4,6_d2",41,1,0,0,0,1,1,1,0,0,0,0,0,0,0,0,1,0,1,0
"I2win_off4,6_d2",42,1,0,0,0,1,1,1,0,0,0,0,0,0,0,0,1,0,1,0
"I2win_off4,6_d2",43,1,0,0,0,1,1,1,0,0,0,0,0,0,0,0,1,0,1,0
"I2win_off4,6_d2",44,1,0,0,0,1,1,1,0,0,0,0,0,0,0,0,1,0,1,0
"I2win_off4,6_d2",45,1,0,0,0,1,1,1,0,0,0,0,0,0,0,0,1,0,1,0
"I2win_off4,6_d2",46,1,0,0,0,1,1,1,0,0,0,0,0,0,0,0,1,0,1,0
"I2win_off4,6_d2",47,1,0,0,0,1,1,1,0,0,0,0,0,0,0,0,1,0,1,0
"I2win_off4,6_d2",48,1,1,0,0,1,0,1,0,0,0,0,0,0,0,0,1,0,1,0
"I2win_off4,6_d2",49,1,1,1,0,1,0,1,0,1,0,0,0,0,0,0,1,0,1,0
"I2win_off4,6_d2",50,1,0,1,1,0,0,1,0,1,1,0,0,0,0,0,1,0,1,0
"I2win_off4,6_d2",51,1,0,0,0,1,1,1,0,0,1,1,0,0,0,0,1,0,1,0
"I2win_off4,6_d2",52,1,0,0,0,1,1,1,0,0,1,1,0,0,0,0,1,0,1,0
"I2win_off4,6_d2",53,1,0,0,0,1,1,1,0,0,1,1,0,0,0,0,1,0,1,0
"I2win_off4,6_d2",54,1,0,0,0,1,1,1,0,0,1,1,0,0,0,0,1,0,1,0
"I2win_off4,6_d2",55,1,0,0,0,1,1,1,0,0,1,1,0,0,0,0,1,0,1,0
"I2win_off4,6_d2",56,1,0,0,0,1,1,1,0,0,1,1,0,0,0,0,1,0,1,0
"I2win_off4,6_d2",57,1,0,0,0,1,1,1,0,0,1,1,0,0,0,0,1,0,1,0
"I2win_off4,6_d2",58,1,0,0,0,1,1,1,0,0,1,1,0,0,0,0,1,0,1,0
"I2win_off4,6_d2",59,1,1,0,0,1,0,1,0,0,1,1,0,0,0,0,1,0,1,0
"I2win_off4,6_d2",60,1,1,1,0,1,0,1,0,0,1,1,0,0,0,0,1,0,1,0
"I2win_off4,6_d2",61,1,0,1,1,0,0,1,0,0,0,1,1,0,1,0,1,0,1,0
"I2win_off4,6_d2",62,1,0,0,0,1,1,1,0,0,0,0,1,1,1,0,1,0,1,0
"I2win_off4,6_d2",63,1,0,0,0,1,1,1,0,0,0,0,1,1,1,0,1,0,1,0
"I2win_off4,6_d2",64,1,0,0,0,1,1,1,0,0,0,0,1,1,1,0,1,0,1,0
"I2win_off4,6_d2",65,1,0,0,0,1,1,1,0,0,0,0,1,1,1,0,1,0,1,0
"I2win_off4,6_d2",66,1,0,0,0,1,1,1,0,0,0,0,1,1,1,0,1,0,1,0
"I2win_off4,6_d2",67,1,0,0,0,1,1,1,0,0,0,0,1,1,1,0,1,0,1,0
"I2win_off4,6_d2",68,1,0,0,0,1,1,1,0,0,0,0,1,1,1,0,1,0,1,0
"I2win_off4,6_d2",69,1,0,0,0,1,1,1,0,0,0,0,1,1,1,0,1,0,1,0
"I2win_off4,6_d2",70,1,1,0,0,1,0,1,0,0,0,0,1,1,1,0,1,0,1,0
"I2win_off4,6_d2",71,1,1,1,0,1,0,1,0,1,0,0,1,1,1,0,1,0,1,0
"I2win_off4,6_d2",72,1,0,1,1,0,0,1,0,1,1,0,1,1,1,0,1,0,1,0
"I2win_off4,6_d2",73,1,0,0,0,1,1,1,0,0,1,1,1,1,1,0,1,1,1,0
"I2win_off4,6_d2",74,1,0,0,0,1,1,1,0,0,1,1,1,1,1,0,1,1,1,0
"I2win_off4,6_d2",75,1,0,0,0,1,1,1,0,0,1,1,1,1,1,0,1,1,1,0
"I2win_off4,6_d2",76,1,0,0,0,1,1,1,0,0,1,1,1,1,1,0,1,1,1,0
"I2win_off4,6_d2",77,1,0,0,0,1,1,1,0,0,1,1,1,1,1,0,1,1,1,0
"I2win_off4,6_d2",78,1,0,0,0,1,1,1,0,0,1,1,1,1,1,0,1,1,1,0
"I2win_off4,6_d2",79,1,0,0,0,1,1,1,0,0,1,1,1,1,1,0,1,1,1,0
"I2win_off4,6_d2",80,1,0,0,0,1,1,1,0,0,1,1,1,1,1,0,1,1,1,0
"I2win_off4,6_d2",81,1,1,0,0,1,0,1,0,0,1,1,1,1,1,0,1,1,1,0
"I2win_off4,6_d2",82,1,1,1,0,1,0,1,0,0,1,1,1,1,1,0,1,1,1,0
"I2win_off4,6_d2",83,1,0,1,1,0,0,1,0,0,0,1,1,1,0,1,0,1,0,0
"I2win_off4,6_d2",84,0,0,0,0,1,1,0,1,0,0,0,0,0,0,0,0,0,1,0
"I2win_off4,6_d2",85,0,0,0,0,1,1,0,1,0,0,0,0,0,0,0,0,0,1,0
"I2win_off4,6_d2",86,0,0,0,0,1,1,0,1,0,0,0,0,0,0,0,0,0,1,0
"I2win_off4,6_d2",87,0,0,0,0,1,1,0,1,0,0,0,0,0,0,0,0,0,1,0
"I2win_off4,6_d2",88,0,0,0,0,1,1,0,1,0,0,0,0,0,0,0,0,0,1,0
"I2win_off4,6_d2",89,0,0,0,0,1,1,0,1,0,0,0,0,0,0,0,0,0,1,0
"I2win_off4,6_d2",90,0,0,0,0,1,1,0,1,0,0,0,0,0,0,0,0,0,1,0
"I2win_off4,6_d2",91,0,0,0,0,1,1,0,1,0,0,0,0,0,0,0,0,0,1,0
"I2win_off4,6_d2",92,0,1,0,0,1,0,0,1,0,0,0,0,0,0,0,0,0,1,0
"I2win_off4,6_d2",93,0,1,1,0,1,0,1,0,1,0,0,0,0,0,0,0,0,1,0
"I2win_off4,6_d2",94,0,0,1,1,0,0,1,0,1,1,0,0,0,0,0,0,0,1,0
"I2win_off4,6_d2",95,0,0,0,0,1,1,0,1,0,1,1,0,0,0,0,0,0,1,0
"I2win_off4,6_d2",96,0,0,0,0,1,1,0,1,0,1,1,0,0,0,0,0,0,1,0
"I2win_off4,6_d2",97,0,0,0,0,1,1,0,1,0,1,1,0,0,0,0,0,0,1,0
"I2win_off4,6_d2",98,0,0,0,0,1,1,0,1,0,1,1,0,0,0,0,0,0,1,0
"I2win_off4,6_d2",99,0,0,0,0,1,1,0,1,0,1,1,0,0,0,0,0,0,1,0
"I2win_off4,6_d2",100,0,0,0,0,1,1,0,1,0,1,1,0,0,0,0,0,0,1,0
"I2win_off4,6_d2",101,0,0,0,0,1,1,0,1,0,1,1,0,0,0,0,0,0,1,0
"I2win_off4,6_d2",102,0,0,0,0,1,1,0,1,0,1,1,0,0,0,0,0,0,1,0
"I2win_off4,6_d2",103,0,1,0,0,1,0,0,1,0,1,1,0,0,0,0,0,0,1,0
"I2win_off4,6_d2",104,0,1,1,0,1,0,1,0,0,1,1,0,0,0,0,0,0,1,0
"I2win_off4,6_d2",105,0,0,1,1,0,0,1,0,0,0,1,1,0,1,0,0,0,1,0
"I2win_off4,6_d2",106,0,0,0,0,1,1,0,1,0,0,0,1,1,1,0,0,0,1,0
"I2win_off4,6_d2",107,0,0,0,0,1,1,0,1,0,0,0,1,1,1,0,0,0,1,0
"I2win_off4,6_d2",108,0,0,0,0,1,1,0,1,0,0,0,1,1,1,0,0,0,1,0
"I2win_off4,6_d2",109,0,0,0,0,1,1,0,1,0,0,0,1,1,1,0,0,0,1,0
"I2win_off4,6_d2",110,0,0,0,0,1,1,0,1,0,0,0,1,1,1,0,0,0,1,0
"I2win_off4,6_d2",111,0,0,0,0,1,1,0,1,0,0,0,1,1,1,0,0,0,1,0
"I2win_off4,6_d2",112,0,0,0,0,1,1,0,1,0,0,0,1,1,1,0,0,0,1,0
"I2win_off4,6_d2",113,0,0,0,0,1,1,0,1,0,0,0,1,1,1,0,0,0,1,0
"I2win_off4,6_d2",114,0,1,0,0,1,0,0,1,0,0,0,1,1,1,0,0,0,1,0
"I2win_off4,6_d2",115,0,1,1,0,1,0,1,0,1,0,0,1,1,1,0,0,0,1,0
"I2win_off4,6_d2",116,0,0,1,1,0,0,1,0,1,1,0,1,1,1,0,0,0,1,0
"I2win_off4,6_d2",117,0,0,0,0,1,1,0,1,0,1,1,1,1,1,0,0,0,1,1
"I2win_off4,6_d2",118,0,0,0,0,1,1,0,1,0,1,1,1,1,1,0,0,0,1,1
"I2win_off4,6_d2",119,0,0,0,0,1,1,0,1,0,1,1,1,1,1,0,0,0,1,1
"I2win_off4,6_d2",120,0,0,0,0,1,1,0,1,0,1,1,1,1,1,0,0,0,1,1
"I2win_off3,8_d5",0,0,0,0,0,1,1,0,1,0,0,0,0,0,0,0,0,0,1,0
"I2win_off3,8_d5",1,0,0,0,0,1,1,0,1,0,0,0,0,0,0,0,0,0,1,0
"I2win_off3,8_d5",2,0,0,0,0,1,1,0,1,0,0,0,0,0,0,0,0,0,1,0
"I2win_off3,8_d5",3,0,1,0,0,1,0,0,1,0,0,0,0,0,0,0,0,0,1,0
"I2win_off3,8_d5",4,0,1,1,0,1,0,1,0,1,0,0,0,0,0,0,0,0,1,0
"I2win_off3,8_d5",5,0,1,1,0,1,0,1,0,1,0,0,0,0,0,0,0,0,1,0
"I2win_off3,8_d5",6,0,1,1,0,1,0,1,0,1,0,0,0,0,0,0,0,0,1,0
"I2win_off3,8_d5",7,0,1,1,0,1,0,1,0,1,0,0,0,0,0,0,0,0,1,0
"I2win_off3,8_d5",8,0,0,1,1,0,0,1,0,1,1,0,0,0,0,0,0,0,1,0
"I2win_off3,8_d5",9,0,0,0,0,1,1,0,1,0,1,1,0,0,0,0,0,0,1,0
"I2win_off3,8_d5",10,0,0,0,0,1,1,0,1,0,1,1,0,0,0,0,0,0,1,0
"I2win_off3,8_d5",11,0,0,0,0,1,1,0,1,0,1,1,0,0,0,0,0,0,1,0
"I2win_off3,8_d5",12,0,0,0,0,1,1,0,1,0,1,1,0,0,0,0,0,0,1,0
"I2win_off3,8_d5",13,0,0,0,0,1,1,0,1,0,1,1,0,0,0,0,0,0,1,0
"I2win_off3,8_d5",14,0,1,0,0,1,0,0,1,0,1,1,0,0,0,0,0,0,1,0
"I2win_off3,8_d5",15,0,1,1,0,1,0,1,0,0,1,1,0,0,0,0,0,0,1,0
"I2win_off3,8_d5",16,0,1,1,0,1,0,1,0,0,1,1,0,0,0,0,0,0,1,0
"I2win_off3,8_d5",17,0,1,1,0,1,0,1,0,0,1,1,0,0,0,0,0,0,1,0
"I2win_off3,8_d5",18,0,1,1,0,1,0,1,0,0,1,1,0,0,0,0,0,0,1,0
"I2win_off3,8_d5",19,0,0,1,1,0,0,1,0,0,0,1,1,0,1,0,0,0,1,0
"I2win_off3,8_d5",20,0,0,0,0,1,1,0,1,0,0,0,1,1,1,0,0,0,1,0
"I2win_off3,8_d5",21,0,0,0,0,1,1,0,1,0,0,0,1,1,1,0,0,0,1,0
"I2win_off3,8_d5",22,0,0,0,0,1,1,0,1,0,0,0,1,1,1,0,0,0,1,0
"I2win_off3,8_d5",23,0,0,0,0,1,1,0,1,0,0,0,1,1,1,0,0,0,1,0
"I2win_off3,8_d5",24,0,0,0,0,1,1,0,1,0,0,0,1,1,1,0,0,0,1,0
"I2win_off3,8_d5",25,0,1,0,0,1,0,0,1,0,0,0,1,1,1,0,0,0,1,0
"I2win_off3,8_d5",26,0,1,1,0,1,0,1,0,1,0,0,1,1,1,0,0,0,1,0
"I2win_off3,8_d5",27,0,1,1,0,1,0,1,0,1,0,0,1,1,1,0,0,0,1,0
"I2win_off3,8_d5",28,0,1,1,0,1,0,1,0,1,0,0,1,1,1,0,0,0,1,0
"I2win_off3,8_d5",29,0,1,1,0,1,0,1,0,1,0,0,1,1,1,0,0,0,1,0
"I2win_off3,8_d5",30,0,0,1,1,0,0,1,0,1,1,0,1,1,1,0,0,0,1,0
"I2win_off3,8_d5",31,0,0,0,0,1,1,0,1,0,1,1,1,1,1,0,0,0,1,0
"I2win_off3,8_d5",32,0,0,0,0,1,1,0,1,0,1,1,1,1,1,0,0,0,1,0
"I2win_off3,8_d5",33,0,0,0,0,1,1,0,1,0,1,1,1,1,1,0,0,0,1,0
"I2win_off3,8_d5",34,0,0,0,0,1,1,0,1,0,1,1,1,1,1,0,0,0,1,0
"I2win_off3,8_d5",35,0,0,0,0,1,1,0,1,0,1,1,1,1,1,0,0,0,1,0
"I2win_off3,8_d5",36,0,1,0,0,1,0,0,1,0,1,1,1,1,1,0,0,0,1,0
"I2win_off3,8_d5",37,0,1,1,0,1,0,1,0,0,1,1,1,1,1,0,0,0,1,0
"I2win_off3,8_d5",38,0,1,1,0,1,0,1,0,0,1,1,1,1,1,0,0,0,1,0
"I2win_off3,8_d5",39,0,1,1,0,1,0,1,0,0,1,1,1,1,1,0,0,0,1,0
"I2win_off3,8_d5",40,0,1,1,0,1,0,1,0,0,1,1,1,1,1,0,0,0,1,0
"I2win_off3,8_d5",41,0,0,1,1,0,0,1,0,0,0,1,1,1,0,1,1,0,1,0
"I2win_off3,8_d5",42,1,0,0,0,1,1,1,0,0,0,0,0,0,0,0,1,0,1,0
"I2win_off3,8_d5",43,1,0,0,0,1,1,1,0,0,0,0,0,0,0,0,1,0,1,0
"I2win_off3,8_d5",44,1,0,0,0,1,1,1,0,0,0,0,0,0,0,0,1,0,1,0
"I2win_off3,8_d5",45,1,0,0,0,1,1,1,0,0,0,0,0,0,0,0,1,0,1,0
"I2win_off3,8_d5",46,1,0,0,0,1,1,1,0,0,0,0,0,0,0,0,1,0,1,0
"I2win_off3,8_d5",47,1,1,0,0,1,0,1,0,0,0,0,0,0,0,0,1,0,1,0
"I2win_off3,8_d5",48,1,1,1,0,1,0,1,0,1,0,0,0,0,0,0,1,0,1,0
"I2win_off3,8_d5",49,1,1,1,0,1,0,1,0,1,0,0,0,0,0,0,1,0,1,0
"I2win_off3,8_d5",50,1,1,1,0,1,0,1,0,1,0,0,0,0,0,0,1,0,1,0
"I2win_off3,8_d5",51,1,1,1,0,1,0,1,0,1,0,0,0,0,0,0,1,0,1,0
"I2win_off3,8_d5",52,1,0,1,1,0,0,1,0,1,1,0,0,0,0,0,1,0,1,0
"I2win_off3,8_d5",53,1,0,0,0,1,1,1,0,0,1,1,0,0,0,0,1,0,1,0
"I2win_off3,8_d5",54,1,0,0,0,1,1,1,0,0,1,1,0,0,0,0,1,0,1,0
"I2win_off3,8_d5",55,1,0,0,0,1,1,1,0,0,1,1,0,0,0,0,1,0,1,0
"I2win_off3,8_d5",56,1,0,0,0,1,1,1,0,0,1,1,0,0,0,0,1,0,1,0
"I2win_off3,8_d5",57,1,0,0,0,1,1,1,0,0,1,1,0,0,0,0,1,0,1,0
"I2win_off3,8_d5",58,1,1,0,0,1,0,1,0,0,1,1,0,0,0,0,1,0,1,0
"I2win_off3,8_d5",59,1,1,1,0,1,0,1,0,0,1,1,0,0,0,0,1,0,1,0
"I2win_off3,8_d5",60,1,1,1,0,1,0,1,0,0,1,1,0,0,0,0,1,0,1,0
"I2win_off3,8_d5",61,1,1,1,0,1,0,1,0,0,1,1,0,0,0,0,1,0,1,0
"I2win_off3,8_d5",62,1,1,1,0,1,0,1,0,0,1,1,0,0,0,0,1,0,1,0
"I2win_off3,8_d5",63,1,0,1,1,0,0,1,0,0,0,1,1,0,1,0,1,0,1,0
"I2win_off3,8_d5",64,1,0,0,0,1,1,1,0,0,0,0,1,1,1,0,1,0,1,0
"I2win_off3,8_d5",65,1,0,0,0,1,1,1,0,0,0,0,1,1,1,0,1,0,1,0
"I2win_off3,8_d5",66,1,0,0,0,1,1,1,0,0,0,0,1,1,1,0,1,0,1,0
"I2win_off3,8_d5",67,1,0,0,0,1,1,1,0,0,0,0,1,1,1,0,1,0,1,0
"I2win_off3,8_d5",68,1,0,0,0,1,1,1,0,0,0,0,1,1,1,0,1,0,1,0
"I2win_off3,8_d5",69,1,1,0,0,1,0,1,0,0,0,0,1,1,1,0,1,0,1,0
"I2win_off3,8_d5",70,1,1,1,0,1,0,1,0,1,0,0,1,1,1,0,1,0,1,0
"I2win_off3,8_d5",71,1,1,1,0,1,0,1,0,1,0,0,1,1,1,0,1,0,1,0
"I2win_off3,8_d5",72,1,1,1,0,1,0,1,0,1,0,0,1,1,1,0,1,0,1,0
"I2win_off3,8_d5",73,1,1,1,0,1,0,1,0,1,0,0,1,1,1,0,1,0,1,0
"I2win_off3,8_d5",74,1,0,1,1,0,0,1,0,1,1,0,1,1,1,0,1,0,1,0
"I2win_off3,8_d5",75,1,0,0,0,1,1,1,0,0,1,1,1,1,1,0,1,1,1,0
"I2win_off3,8_d5",76,1,0,0,0,1,1,1,0,0,1,1,1,1,1,0,1,1,1,0
"I2win_off3,8_d5",77,1,0,0,0,1,1,1,0,0,1,1,1,1,1,0,1,1,1,0
"I2win_off3,8_d5",78,1,0,0,0,1,1,1,0,0,1,1,1,1,1,0,1,1,1,0
"I2win_off3,8_d5",79,1,0,0,0,1,1,1,0,0,1,1,1,1,1,0,1,1,1,0
"I2win_off3,8_d5",80,1,1,0,0,1,0,1,0,0,1,1,1,1,1,0,1,1,1,0
"I2win_off3,8_d5",81,1,1,1,0,1,0,1,0,0,1,1,1,1,1,0,1,1,1,0
"I2win_off3,8_d5",82,1,1,1,0,1,0,1,0,0,1,1,1,1,1,0,1,1,1,0
"I2win_off3,8_d5",83,1,1,1,0,1,0,1,0,0,1,1,1,1,1,0,1,1,1,0
"I2win_off3,8_d5",84,1,1,1,0,1,0,1,0,0,1,1,1,1,1,0,1,1,1,0
"I2win_off3,8_d5",85,1,0,1,1,0,0,1,0,0,0,1,1,1,0,1,0,1,0,0
"I2win_off3,8_d5",86,0,0,0,0,1,1,0,1,0,0,0,0,0,0,0,0,0,1,0
"I2win_off3,8_d5",87,0,0,0,0,1,1,0,1,0,0,0,0,0,0,0,0,0,1,0
"I2win_off3,8_d5",88,0,0,0,0,1,1,0,1,0,0,0,0,0,0,0,0,0,1,0
"I2win_off3,8_d5",89,0,0,0,0,1,1,0,1,0,0,0,0,0,0,0,0,0,1,0
"I2win_off3,8_d5",90,0,0,0,0,1,1,0,1,0,0,0,0,0,0,0,0,0,1,0
"I2win_off3,8_d5",91,0,1,0,0,1,0,0,1,0,0,0,0,0,0,0,0,0,1,0
"I2win_off3,8_d5",92,0,1,1,0,1,0,1,0,1,0,0,0,0,0,0,0,0,1,0
"I2win_off3,8_d5",93,0,1,1,0,1,0,1,0,1,0,0,0,0,0,0,0,0,1,0
"I2win_off3,8_d5",94,0,1,1,0,1,0,1,0,1,0,0,0,0,0,0,0,0,1,0
"I2win_off3,8_d5",95,0,1,1,0,1,0,1,0,1,0,0,0,0,0,0,0,0,1,0
"I2win_off3,8_d5",96,0,0,1,1,0,0,1,0,1,1,0,0,0,0,0,0,0,1,0
"I2win_off3,8_d5",97,0,0,0,0,1,1,0,1,0,1,1,0,0,0,0,0,0,1,0
"I2win_off3,8_d5",98,0,0,0,0,1,1,0,1,0,1,1,0,0,0,0,0,0,1,0
"I2win_off3,8_d5",99,0,0,0,0,1,1,0,1,0,1,1,0,0,0,0,0,0,1,0
"I2win_off3,8_d5",100,0,0,0,0,1,1,0,1,0,1,1,0,0,0,0,0,0,1,0
"I2win_off3,8_d5",101,0,0,0,0,1,1,0,1,0,1,1,0,0,0,0,0,0,1,0
"I2win_off3,8_d5",102,0,1,0,0,1,0,0,1,0,1,1,0,0,0,0,0,0,1,0
"I2win_off3,8_d5",103,0,1,1,0,1,0,1,0,0,1,1,0,0,0,0,0,0,1,0
"I2win_off3,8_d5",104,0,1,1,0,1,0,1,0,0,1,1,0,0,0,0,0,0,1,0
"I2win_off3,8_d5",105,0,1,1,0,1,0,1,0,0,1,1,0,0,0,0,0,0,1,0
"I2win_off3,8_d5",106,0,1,1,0,1,0,1,0,0,1,1,0,0,0,0,0,0,1,0
"I2win_off3,8_d5",107,0,0,1,1,0,0,1,0,0,0,1,1,0,1,0,0,0,1,0
"I2win_off3,8_d5",108,0,0,0,0,1,1,0,1,0,0,0,1,1,1,0,0,0,1,0
"I2win_off3,8_d5",109,0,0,0,0,1,1,0,1,0,0,0,1,1,1,0,0,0,1,0
"I2win_off3,8_d5",110,0,0,0,0,1,1,0,1,0,0,0,1,1,1,0,0,0,1,0
"I2win_off3,8_d5",111,0,0,0,0,1,1,0,1,0,0,0,1,1,1,0,0,0,1,0
"I2win_off3,8_d5",112,0,0,0,0,1,1,0,1,0,0,0,1,1,1,0,0,0,1,0
"I2win_off3,8_d5",113,0,1,0,0,1,0,0,1,0,0,0,1,1,1,0,0,0,1,0
"I2win_off3,8_d5",114,0,1,1,0,1,0,1,0,1,0,0,1,1,1,0,0,0,1,0
"I2win_off3,8_d5",115,0,1,1,0,1,0,1,0,1,0,0,1,1,1,0,0,0,1,0
"I2win_off3,8_d5",116,0,1,1,0,1,0,1,0,1,0,0,1,1,1,0,0,0,1,0
"I2win_off3,8_d5",117,0,1,1,0,1,0,1,0,1,0,0,1,1,1,0,0,0,1,0
"I2win_off3,8_d5",118,0,0,1,1,0,0,1,0,1,1,0,1,1,1,0,0,0,1,0
"I2win_off3,8_d5",119,0,0,0,0,1,1,0,1,0,1,1,1,1,1,0,0,0,1,1
"I2win_off3,8_d5",120,0,0,0,0,1,1,0,1,0,1,1,1,1,1,0,0,0,1,1
"I2win_off3,7_d4",0,0,0,0,0,1,1,0,1,0,0,0,0,0,0,0,0,0,1,0
"I2win_off3,7_d4",1,0,0,0,0,1,1,0,1,0,0,0,0,0,0,0,0,0,1,0
"I2win_off3,7_d4",2,0,0,0,0,1,1,0,1,0,0,0,0,0,0,0,0,0,1,0
"I2win_off3,7_d4",3,0,1,0,0,1,0,0,1,0,0,0,0,0,0,0,0,0,1,0
"I2win_off3,7_d4",4,0,1,1,0,1,0,1,0,1,0,0,0,0,0,0,0,0,1,0
"I2win_off3,7_d4",5,0,1,1,0,1,0,1,0,1,0,0,0,0,0,0,0,0,1,0
"I2win_off3,7_d4",6,0,1,1,0,1,0,1,0,1,0,0,0,0,0,0,0,0,1,0
"I2win_off3,7_d4",7,0,0,1,1,0,0,1,0,1,1,0,0,0,0,0,0,0,1,0
"I2win_off3,7_d4",8,0,0,0,0,1,1,0,1,0,1,1,0,0,0,0,0,0,1,0
"I2win_off3,7_d4",9,0,0,0,0,1,1,0,1,0,1,1,0,0,0,0,0,0,1,0
"I2win_off3,7_d4",10,0,0,0,0,1,1,0,1,0,1,1,0,0,0,0,0,0,1,0
"I2win_off3,7_d4",11,0,0,0,0,1,1,0,1,0,1,1,0,0,0,0,0,0,1,0
"I2win_off3,7_d4",12,0,0,0,0,1,1,0,1,0,1,1,0,0,0,0,0,0,1,0
"I2win_off3,7_d4",13,0,0,0,0,1,1,0,1,0,1,1,0,0,0,0,0,0,1,0
"I2win_off3,7_d4",14,0,1,0,0,1,0,0,1,0,1,1,0,0,0,0,0,0,1,0
"I2win_off3,7_d4",15,0,1,1,0,1,0,1,0,0,1,1,0,0,0,0,0,0,1,0
"I2win_off3,7_d4",16,0,1,1,0,1,0,1,0,0,1,1,0,0,0,0,0,0,1,0
"I2win_off3,7_d4",17,0,1,1,0,1,0,1,0,0,1,1,0,0,0,0,0,0,1,0
"I2win_off3,7_d4",18,0,0,1,1,0,0,1,0,0,0,1,1,0,1,0,0,0,1,0
"I2win_off3,7_d4",19,0,0,0,0,1,1,0,1,0,0,0,1,1,1,0,0,0,1,0
"I2win_off3,7_d4",20,0,0,0,0,1,1,0,1,0,0,0,1,1,1,0,0,0,1,0
"I2win_off3,7_d4",21,0,0,0,0,1,1,0,1,0,0,0,1,1,1,0,0,0,1,0
"I2win_off3,7_d4",22,0,0,0,0,1,1,0,1,0,0,0,1,1,1,0,0,0,1,0
"I2win_off3,7_d4",23,0,0,0,0,1,1,0,1,0,0,0,1,1,1,0,0,0,1,0
"I2win_off3,7_d4",24,0,0,0,0,1,1,0,1,0,0,0,1,1,1,0,0,0,1,0
"I2win_off3,7_d4",25,0,1,0,0,1,0,0,1,0,0,0,1,1,1,0,0,0,1,0
"I2win_off3,7_d4",26,0,1,1,0,1,0,1,0,1,0,0,1,1,1,0,0,0,1,0
"I2win_off3,7_d4",27,0,1,1,0,1,0,1,0,1,0,0,1,1,1,0,0,0,1,0
"I2win_off3,7_d4",28,0,1,1,0,1,0,1,0,1,0,0,1,1,1,0,0,0,1,0
"I2win_off3,7_d4",29,0,0,1,1,0,0,1,0,1,1,0,1,1,1,0,0,0,1,0
"I2win_off3,7_d4",30,0,0,0,0,1,1,0,1,0,1,1,1,1,1,0,0,0,1,0
"I2win_off3,7_d4",31,0,0,0,0,1,1,0,1,0,1,1,1,1,1,0,0,0,1,0
"I2win_off3,7_d4",32,0,0,0,0,1,1,0,1,0,1,1,1,1,1,0,0,0,1,0
"I2win_off3,7_d4",33,0,0,0,0,1,1,0,1,0,1,1,1,1,1,0,0,0,1,0
"I2win_off3,7_d4",34,0,0,0,0,1,1,0,1,0,1,1,1,1,1,0,0,0,1,0
"I2win_off3,7_d4",35,0,0,0,0,1,1,0,1,0,1,1,1,1,1,0,0,0,1,0
"I2win_off3,7_d4",36,0,1,0,0,1,0,0,1,0,1,1,1,1,1,0,0,0,1,0
"I2win_off3,7_d4",37,0,1,1,0,1,0,1,0,0,1,1,1,1,1,0,0,0,1,0
"I2win_off3,7_d4",38,0,1,1,0,1,0,1,0,0,1,1,1,1,1,0,0,0,1,0
"I2win_off3,7_d4",39,0,1,1,0,1,0,1,0,0,1,1,1,1,1,0,0,0,1,0
"I2win_off3,7_d4",40,0,0,1,1,0,0,1,0,0,0,1,1,1,0,1,1,0,1,0
"I2win_off3,7_d4",41,1,0,0,0,1,1,1,0,0,0,0,0,0,0,0,1,0,1,0
"I2win_off3,7_d4",42,1,0,0,0,1,1,1,0,0,0,0,0,0,0,0,1,0,1,0
"I2win_off3,7_d4",43,1,0,0,0,1,1,1,0,0,0,0,0,0,0,0,1,0,1,0
"I2win_off3,7_d4",44,1,0,0,0,1,1,1,0,0,0,0,0,0,0,0,1,0,1,0
"I2win_off3,7_d4",45,1,0,0,0,1,1,1,0,0,0,0,0,0,0,0,1,0,1,0
"I2win_off3,7_d4",46,1,0,0,0,1,1,1,0,0,0,0,0,0,0,0,1,0,1,0
"I2win_off3,7_d4",47,1,1,0,0,1,0,1,0,0,0,0,0,0,0,0,1,0,1,0
"I2win_off3,7_d4",48,1,1,1,0,1,0,1,0,1,0,0,0,0,0,0,1,0,1,0
"I2win_off3,7_d4",49,1,1,1,0,1,0,1,0,1,0,0,0,0,0,0,1,0,1,0
"I2win_off3,7_d4",50,1,1,1,0,1,0,1,0,1,0,0,0,0,0,0,1,0,1,0
"I2win_off3,7_d4",51,1,0,1,1,0,0,1,0,1,1,0,0,0,0,0,1,0,1,0
"I2win_off3,7_d4",52,1,0,0,0,1,1,1,0,0,1,1,0,0,0,0,1,0,1,0
"I2win_off3,7_d4",53,1,0,0,0,1,1,1,0,0,1,1,0,0,0,0,1,0,1,0
"I2win_off3,7_d4",54,1,0,0,0,1,1,1,0,0,1,1,0,0,0,0,1,0,1,0
"I2win_off3,7_d4",55,1,0,0,0,1,1,1,0,0,1,1,0,0,0,0,1,0,1,0
"I2win_off3,7_d4",56,1,0,0,0,1,1,1,0,0,1,1,0,0,0,0,1,0,1,0
"I2win_off3,7_d4",57,1,0,0,0,1,1,1,0,0,1,1,0,0,0,0,1,0,1,0
"I2win_off3,7_d4",58,1,1,0,0,1,0,1,0,0,1,1,0,0,0,0,1,0,1,0
"I2win_off3,7_d4",59,1,1,1,0,1,0,1,0,0,1,1,0,0,0,0,1,0,1,0
"I2win_off3,7_d4",60,1,1,1,0,1,0,1,0,0,1,1,0,0,0,0,1,0,1,0
"I2win_off3,7_d4",61,1,1,1,0,1,0,1,0,0,1,1,0,0,0,0,1,0,1,0
"I2win_off3,7_d4",62,1,0,1,1,0,0,1,0,0,0,1,1,0,1,0,1,0,1,0
"I2win_off3,7_d4",63,1,0,0,0,1,1,1,0,0,0,0,1,1,1,0,1,0,1,0
"I2win_off3,7_d4",64,1,0,0,0,1,1,1,0,0,0,0,1,1,1,0,1,0,1,0
"I2win_off3,7_d4",65,1,0,0,0,1,1,1,0,0,0,0,1,1,1,0,1,0,1,0
"I2win_off3,7_d4",66,1,0,0,0,1,1,1,0,0,0,0,1,1,1,0,1,0,1,0
"I2win_off3,7_d4",67,1,0,0,0,1,1,1,0,0,0,0,1,1,1,0,1,0,1,0
"I2win_off3,7_d4",68,1,0,0,0,1,1,1,0,0,0,0,1,1,1,0,1,0,1,0
"I2win_off3,7_d4",69,1,1,0,0,1,0,1,0,0,0,0,1,1,1,0,1,0,1,0
"I2win_off3,7_d4",70,1,1,1,0,1,0,1,0,1,0,0,1,1,1,0,1,0,1,0
"I2win_off3,7_d4",71,1,1,1,0,1,0,1,0,1,0,0,1,1,1,0,1,0,1,0
"I2win_off3,7_d4",72,1,1,1,0,1,0,1,0,1,0,0,1,1,1,0,1,0,1,0
"I2win_off3,7_d4",73,1,0,1,1,0,0,1,0,1,1,0,1,1,1,0,1,0,1,0
"I2win_off3,7_d4",74,1,0,0,0,1,1,1,0,0,1,1,1,1,1,0,1,1,1,0
"I2win_off3,7_d4",75,1,0,0,0,1,1,1,0,0,1,1,1,1,1,0,1,1,1,0
"I2win_off3,7_d4",76,1,0,0,0,1,1,1,0,0,1,1,1,1,1,0,1,1,1,0
"I2win_off3,7_d4",77,1,0,0,0,1,1,1,0,0,1,1,1,1,1,0,1,1,1,0
"I2win_off3,7_d4",78,1,0,0,0,1,1,1,0,0,1,1,1,1,1,0,1,1,1,0
"I2win_off3,7_d4",79,1,0,0,0,1,1,1,0,0,1,1,1,1,1,0,1,1,1,0
"I2win_off3,7_d4",80,1,1,0,0,1,0,1,0,0,1,1,1,1,1,0,1,1,1,0
"I2win_off3,7_d4",81,1,1,1,0,1,0,1,0,0,1,1,1,1,1,0,1,1,1,0
"I2win_off3,7_d4",82,1,1,1,0,1,0,1,0,0,1,1,1,1,1,0,1,1,1,0
"I2win_off3,7_d4",83,1,1,1,0,1,0,1,0,0,1,1,1,1,1,0,1,1,1,0
"I2win_off3,7_d4",84,1,0,1,1,0,0,1,0,0,0,1,1,1,0,1,0,1,0,0
"I2win_off3,7_d4",85,0,0,0,0,1,1,0,1,0,0,0,0,0,0,0,0,0,1,0
"I2win_off3,7_d4",86,0,0,0,0,1,1,0,1,0,0,0,0,0,0,0,0,0,1,0
"I2win_off3,7_d4",87,0,0,0,0,1,1,0,1,0,0,0,0,0,0,0,0,0,1,0
"I2win_off3,7_d4",88,0,0,0,0,1,1,0,1,0,0,0,0,0,0,0,0,0,1,0
"I2win_off3,7_d4",89,0,0,0,0,1,1,0,1,0,0,0,0,0,0,0,0,0,1,0
"I2win_off3,7_d4",90,0,0,0,0,1,1,0,1,0,0,0,0,0,0,0,0,0,1,0
"I2win_off3,7_d4",91,0,1,0,0,1,0,0,1,0,0,0,0,0,0,0,0,0,1,0
"I2win_off3,7_d4",92,0,1,1,0,1,0,1,0,1,0,0,0,0,0,0,0,0,1,0
"I2win_off3,7_d4",93,0,1,1,0,1,0,1,0,1,0,0,0,0,0,0,0,0,1,0
"I2win_off3,7_d4",94,0,1,1,0,1,0,1,0,1,0,0,0,0,0,0,0,0,1,0
"I2win_off3,7_d4",95,0,0,1,1,0,0,1,0,1,1,0,0,0,0,0,0,0,1,0
"I2win_off3,7_d4",96,0,0,0,0,1,1,0,1,0,1,1,0,0,0,0,0,0,1,0
"I2win_off3,7_d4",97,0,0,0,0,1,1,0,1,0,1,1,0,0,0,0,0,0,1,0
"I2win_off3,7_d4",98,0,0,0,0,1,1,0,1,0,1,1,0,0,0,0,0,0,1,0
"I2win_off3,7_d4",99,0,0,0,0,1,1,0,1,0,1,1,0,0,0,0,0,0,1,0
"I2win_off3,7_d4",100,0,0,0,0,1,1,0,1,0,1,1,0,0,0,0,0,0,1,0
"I2win_off3,7_d4",101,0,0,0,0,1,1,0,1,0,1,1,0,0,0,0,0,0,1,0
"I2win_off3,7_d4",102,0,1,0,0,1,0,0,1,0,1,1,0,0,0,0,0,0,1,0
"I2win_off3,7_d4",103,0,1,1,0,1,0,1,0,0,1,1,0,0,0,0,0,0,1,0
"I2win_off3,7_d4",104,0,1,1,0,1,0,1,0,0,1,1,0,0,0,0,0,0,1,0
"I2win_off3,7_d4",105,0,1,1,0,1,0,1,0,0,1,1,0,0,0,0,0,0,1,0
"I2win_off3,7_d4",106,0,0,1,1,0,0,1,0,0,0,1,1,0,1,0,0,0,1,0
"I2win_off3,7_d4",107,0,0,0,0,1,1,0,1,0,0,0,1,1,1,0,0,0,1,0
"I2win_off3,7_d4",108,0,0,0,0,1,1,0,1,0,0,0,1,1,1,0,0,0,1,0
"I2win_off3,7_d4",109,0,0,0,0,1,1,0,1,0,0,0,1,1,1,0,0,0,1,0
"I2win_off3,7_d4",110,0,0,0,0,1,1,0,1,0,0,0,1,1,1,0,0,0,1,0
"I2win_off3,7_d4",111,0,0,0,0,1,1,0,1,0,0,0,1,1,1,0,0,0,1,0
"I2win_off3,7_d4",112,0,0,0,0,1,1,0,1,0,0,0,1,1,1,0,0,0,1,0
"I2win_off3,7_d4",113,0,1,0,0,1,0,0,1,0,0,0,1,1,1,0,0,0,1,0
"I2win_off3,7_d4",114,0,1,1,0,1,0,1,0,1,0,0,1,1,1,0,0,0,1,0
"I2win_off3,7_d4",115,0,1,1,0,1,0,1,0,1,0,0,1,1,1,0,0,0,1,0
"I2win_off3,7_d4",116,0,1,1,0,1,0,1,0,1,0,0,1,1,1,0,0,0,1,0
"I2win_off3,7_d4",117,0,0,1,1,0,0,1,0,1,1,0,1,1,1,0,0,0,1,0
"I2win_off3,7_d4",118,0,0,0,0,1,1,0,1,0,1,1,1,1,1,0,0,0,1,1
"I2win_off3,7_d4",119,0,0,0,0,1,1,0,1,0,1,1,1,1,1,0,0,0,1,1
"I2win_off3,7_d4",120,0,0,0,0,1,1,0,1,0,1,1,1,1,1,0,0,0,1,1
"I2win_off0,2_d2",0,0,1,0,0,1,0,0,1,0,0,0,0,0,0,0,0,0,1,0
"I2win_off0,2_d2",1,0,1,1,0,1,0,1,0,1,0,0,0,0,0,0,0,0,1,0
"I2win_off0,2_d2",2,0,0,1,1,0,0,1,0,1,1,0,0,0,0,0,0,0,1,0
"I2win_off0,2_d2",3,0,0,0,0,1,1,0,1,0,1,1,0,0,0,0,0,0,1,0
"I2win_off0,2_d2",4,0,0,0,0,1,1,0,1,0,1,1,0,0,0,0,0,0,1,0
"I2win_off0,2_d2",5,0,0,0,0,1,1,0,1,0,1,1,0,0,0,0,0,0,1,0
"I2win_off0,2_d2",6,0,0,0,0,1,1,0,1,0,1,1,0,0,0,0,0,0,1,0
"I2win_off0,2_d2",7,0,0,0,0,1,1,0,1,0,1,1,0,0,0,0,0,0,1,0
"I2win_off0,2_d2",8,0,0,0,0,1,1,0,1,0,1,1,0,0,0,0,0,0,1,0
"I2win_off0,2_d2",9,0,0,0,0,1,1,0,1,0,1,1,0,0,0,0,0,0,1,0
"I2win_off0,2_d2",10,0,0,0,0,1,1,0,1,0,1,1,0,0,0,0,0,0,1,0
"I2win_off0,2_d2",11,0,1,0,0,1,0,0,1,0,1,1,0,0,0,0,0,0,1,0
"I2win_off0,2_d2",12,0,1,1,0,1,0,1,0,0,1,1,0,0,0,0,0,0,1,0
"I2win_off0,2_d2",13,0,0,1,1,0,0,1,0,0,0,1,1,0,1,0,0,0,1,0
"I2win_off0,2_d2",14,0,0,0,0,1,1,0,1,0,0,0,1,1,1,0,0,0,1,0
"I2win_off0,2_d2",15,0,0,0,0,1,1,0,1,0,0,0,1,1,1,0,0,0,1,0
"I2win_off0,2_d2",16,0,0,0,0,1,1,0,1,0,0,0,1,1,1,0,0,0,1,0
"I2win_off0,2_d2",17,0,0,0,0,1,1,0,1,0,0,0,1,1,1,0,0,0,1,0
"I2win_off0,2_d2",18,0,0,0,0,1,1,0,1,0,0,0,1,1,1,0,0,0,1,0
"I2win_off0,2_d2",19,0,0,0,0,1,1,0,1,0,0,0,1,1,1,0,0,0,1,0
"I2win_off0,2_d2",20,0,0,0,0,1,1,0,1,0,0,0,1,1,1,0,0,0,1,0
"I2win_off0,2_d2",21,0,0,0,0,1,1,0,1,0,0,0,1,1,1,0,0,0,1,0
"I2win_off0,2_d2",22,0,1,0,0,1,0,0,1,0,0,0,1,1,1,0,0,0,1,0
"I2win_off0,2_d2",23,0,1,1,0,1,0,1,0,1,0,0,1,1,1,0,0,0,1,0
"I2win_off0,2_d2",24,0,0,1,1,0,0,1,0,1,1,0,1,1,1,0,0,0,1,0
"I2win_off0,2_d2",25,0,0,0,0,1,1,0,1,0,1,1,1,1,1,0,0,0,1,0
"I2win_off0,2_d2",26,0,0,0,0,1,1,0,1,0,1,1,1,1,1,0,0,0,1,0
"I2win_off0,2_d2",27,0,0,0,0,1,1,0,1,0,1,1,1,1,1,0,0,0,1,0
"I2win_off0,2_d2",28,0,0,0,0,1,1,0,1,0,1,1,1,1,1,0,0,0,1,0
"I2win_off0,2_d2",29,0,0,0,0,1,1,0,1,0,1,1,1,1,1,0,0,0,1,0
"I2win_off0,2_d2",30,0,0,0,0,1,1,0,1,0,1,1,1,1,1,0,0,0,1,0
"I2win_off0,2_d2",31,0,0,0,0,1,1,0,1,0,1,1,1,1,1,0,0,0,1,0
"I2win_off0,2_d2",32,0,0,0,0,1,1,0,1,0,1,1,1,1,1,0,0,0,1,0
"I2win_off0,2_d2",33,0,1,0,0,1,0,0,1,0,1,1,1,1,1,0,0,0,1,0
"I2win_off0,2_d2",34,0,1,1,0,1,0,1,0,0,1,1,1,1,1,0,0,0,1,0
"I2win_off0,2_d2",35,0,0,1,1,0,0,1,0,0,0,1,1,1,0,1,1,0,1,0
"I2win_off0,2_d2",36,1,0,0,0,1,1,1,0,0,0,0,0,0,0,0,1,0,1,0
"I2win_off0,2_d2",37,1,0,0,0,1,1,1,0,0,0,0,0,0,0,0,1,0,1,0
"I2win_off0,2_d2",38,1,0,0,0,1,1,1,0,0,0,0,0,0,0,0,1,0,1,0
"I2win_off0,2_d2",39,1,0,0,0,1,1,1,0,0,0,0,0,0,0,0,1,0,1,0
"I2win_off0,2_d2",40,1,0,0,0,1,1,1,0,0,0,0,0,0,0,0,1,0,1,0
"I2win_off0,2_d2",41,1,0,0,0,1,1,1,0,0,0,0,0,0,0,0,1,0,1,0
"I2win_off0,2_d2",42,1,0,0,0,1,1,1,0,0,0,0,0,0,0,0,1,0,1,0
"I2win_off0,2_d2",43,1,0,0,0,1,1,1,0,0,0,0,0,0,0,0,1,0,1,0
"I2win_off0,2_d2",44,1,1,0,0,1,0,1,0,0,0,0,0,0,0,0,1,0,1,0
"I2win_off0,2_d2",45,1,1,1,0,1,0,1,0,1,0,0,0,0,0,0,1,0,1,0
"I2win_off0,2_d2",46,1,0,1,1,0,0,1,0,1,1,0,0,0,0,0,1,0,1,0
"I2win_off0,2_d2",47,1,0,0,0,1,1,1,0,0,1,1,0,0,0,0,1,0,1,0
"I2win_off0,2_d2",48,1,0,0,0,1,1,1,0,0,1,1,0,0,0,0,1,0,1,0
"I2win_off0,2_d2",49,1,0,0,0,1,1,1,0,0,1,1,0,0,0,0,1,0,1,0
"I2win_off0,2_d2",50,1,0,0,0,1,1,1,0,0,1,1,0,0,0,0,1,0,1,0
"I2win_off0,2_d2",51,1,0,0,0,1,1,1,0,0,1,1,0,0,0,0,1,0,1,0
"I2win_off0,2_d2",52,1,0,0,0,1,1,1,0,0,1,1,0,0,0,0,1,0,1,0
"I2win_off0,2_d2",53,1,0,0,0,1,1,1,0,0,1,1,0,0,0,0,1,0,1,0
"I2win_off0,2_d2",54,1,0,0,0,1,1,1,0,0,1,1,0,0,0,0,1,0,1,0
"I2win_off0,2_d2",55,1,1,0,0,1,0,1,0,0,1,1,0,0,0,0,1,0,1,0
"I2win_off0,2_d2",56,1,1,1,0,1,0,1,0,0,1,1,0,0,0,0,1,0,1,0
"I2win_off0,2_d2",57,1,0,1,1,0,0,1,0,0,0,1,1,0,1,0,1,0,1,0
"I2win_off0,2_d2",58,1,0,0,0,1,1,1,0,0,0,0,1,1,1,0,1,0,1,0
"I2win_off0,2_d2",59,1,0,0,0,1,1,1,0,0,0,0,1,1,1,0,1,0,1,0
"I2win_off0,2_d2",60,1,0,0,0,1,1,1,0,0,0,0,1,1,1,0,1,0,1,0
"I2win_off0,2_d2",61,1,0,0,0,1,1,1,0,0,0,0,1,1,1,0,1,0,1,0
"I2win_off0,2_d2",62,1,0,0,0,1,1,1,0,0,0,0,1,1,1,0,1,0,1,0
"I2win_off0,2_d2",63,1,0,0,0,1,1,1,0,0,0,0,1,1,1,0,1,0,1,0
"I2win_off0,2_d2",64,1,0,0,0,1,1,1,0,0,0,0,1,1,1,0,1,0,1,0
"I2win_off0,2_d2",65,1,0,0,0,1,1,1,0,0,0,0,1,1,1,0,1,0,1,0
"I2win_off0,2_d2",66,1,1,0,0,1,0,1,0,0,0,0,1,1,1,0,1,0,1,0
"I2win_off0,2_d2",67,1,1,1,0,1,0,1,0,1,0,0,1,1,1,0,1,0,1,0
"I2win_off0,2_d2",68,1,0,1,1,0,0,1,0,1,1,0,1,1,1,0,1,0,1,0
"I2win_off0,2_d2",69,1,0,0,0,1,1,1,0,0,1,1,1,1,1,0,1,1,1,0
"I2win_off0,2_d2",70,1,0,0,0,1,1,1,0,0,1,1,1,1,1,0,1,1,1,0
"I2win_off0,2_d2",71,1,0,0,0,1,1,1,0,0,1,1,1,1,1,0,1,1,1,0
"I2win_off0,2_d2",72,1,0,0,0,1,1,1,0,0,1,1,1,1,1,0,1,1,1,0
"I2win_off0,2_d2",73,1,0,0,0,1,1,1,0,0,1,1,1,1,1,0,1,1,1,0
"I2win_off0,2_d2",74,1,0,0,0,1,1,1,0,0,1,1,1,1,1,0,1,1,1,0
"I2win_off0,2_d2",75,1,0,0,0,1,1,1,0,0,1,1,1,1,1,0,1,1,1,0
"I2win_off0,2_d2",76,1,0,0,0,1,1,1,0,0,1,1,1,1,1,0,1,1,1,0
"I2win_off0,2_d2",77,1,1,0,0,1,0,1,0,0,1,1,1,1,1,0,1,1,1,0
"I2win_off0,2_d2",78,1,1,1,0,1,0,1,0,0,1,1,1,1,1,0,1,1,1,0
"I2win_off0,2_d2",79,1,0,1,1,0,0,1,0,0,0,1,1,1,0,1,0,1,0,0
"I2win_off0,2_d2",80,0,0,0,0,1,1,0,1,0,0,0,0,0,0,0,0,0,1,0
"I2win_off0,2_d2",81,0,0,0,0,1,1,0,1,0,0,0,0,0,0,0,0,0,1,0
"I2win_off0,2_d2",82,0,0,0,0,1,1,0,1,0,0,0,0,0,0,0,0,0,1,0
"I2win_off0,2_d2",83,0,0,0,0,1,1,0,1,0,0,0,0,0,0,0,0,0,1,0
"I2win_off0,2_d2",84,0,0,0,0,1,1,0,1,0,0,0,0,0,0,0,0,0,1,0
"I2win_off0,2_d2",85,0,0,0,0,1,1,0,1,0,0,0,0,0,0,0,0,0,1,0
"I2win_off0,2_d2",86,0,0,0,0,1,1,0,1,0,0,0,0,0,0,0,0,0,1,0
"I2win_off0,2_d2",87,0,0,0,0,1,1,0,1,0,0,0,0,0,0,0,0,0,1,0
"I2win_off0,2_d2",88,0,1,0,0,1,0,0,1,0,0,0,0,0,0,0,0,0,1,0
"I2win_off0,2_d2",89,0,1,1,0,1,0,1,0,1,0,0,0,0,0,0,0,0,1,0
"I2win_off0,2_d2",90,0,0,1,1,0,0,1,0,1,1,0,0,0,0,0,0,0,1,0
"I2win_off0,2_d2",91,0,0,0,0,1,1,0,1,0,1,1,0,0,0,0,0,0,1,0
"I2win_off0,2_d2",92,0,0,0,0,1,1,0,1,0,1,1,0,0,0,0,0,0,1,0
"I2win_off0,2_d2",93,0,0,0,0,1,1,0,1,0,1,1,0,0,0,0,0,0,1,0
"I2win_off0,2_d2",94,0,0,0,0,1,1,0,1,0,1,1,0,0,0,0,0,0,1,0
"I2win_off0,2_d2",95,0,0,0,0,1,1,0,1,0,1,1,0,0,0,0,0,0,1,0
"I2win_off0,2_d2",96,0,0,0,0,1,1,0,1,0,1,1,0,0,0,0,0,0,1,0
"I2win_off0,2_d2",97,0,0,0,0,1,1,0,1,0,1,1,0,0,0,0,0,0,1,0
"I2win_off0,2_d2",98,0,0,0,0,1,1,0,1,0,1,1,0,0,0,0,0,0,1,0
"I2win_off0,2_d2",99,0,1,0,0,1,0,0,1,0,1,1,0,0,0,0,0,0,1,0
"I2win_off0,2_d2",100,0,1,1,0,1,0,1,0,0,1,1,0,0,0,0,0,0,1,0
"I2win_off0,2_d2",101,0,0,1,1,0,0,1,0,0,0,1,1,0,1,0,0,0,1,0
"I2win_off0,2_d2",102,0,0,0,0,1,1,0,1,0,0,0,1,1,1,0,0,0,1,0
"I2win_off0,2_d2",103,0,0,0,0,1,1,0,1,0,0,0,1,1,1,0,0,0,1,0
"I2win_off0,2_d2",104,0,0,0,0,1,1,0,1,0,0,0,1,1,1,0,0,0,1,0
"I2win_off0,2_d2",105,0,0,0,0,1,1,0,1,0,0,0,1,1,1,0,0,0,1,0
"I2win_off0,2_d2",106,0,0,0,0,1,1,0,1,0,0,0,1,1,1,0,0,0,1,0
"I2win_off0,2_d2",107,0,0,0,0,1,1,0,1,0,0,0,1,1,1,0,0,0,1,0
"I2win_off0,2_d2",108,0,0,0,0,1,1,0,1,0,0,0,1,1,1,0,0,0,1,0
"I2win_off0,2_d2",109,0,0,0,0,1,1,0,1,0,0,0,1,1,1,0,0,0,1,0
"I2win_off0,2_d2",110,0,1,0,0,1,0,0,1,0,0,0,1,1,1,0,0,0,1,0
"I2win_off0,2_d2",111,0,1,1,0,1,0,1,0,1,0,0,1,1,1,0,0,0,1,0
"I2win_off0,2_d2",112,0,0,1,1,0,0,1,0,1,1,0,1,1,1,0,0,0,1,0
"I2win_off0,2_d2",113,0,0,0,0,1,1,0,1,0,1,1,1,1,1,0,0,0,1,1
"I2win_off0,2_d2",114,0,0,0,0,1,1,0,1,0,1,1,1,1,1,0,0,0,1,1
"I2win_off0,2_d2",115,0,0,0,0,1,1,0,1,0,1,1,1,1,1,0,0,0,1,1
"I2win_off0,2_d2",116,0,0,0,0,1,1,0,1,0,1,1,1,1,1,0,0,0,1,1
"I2win_off0,2_d2",117,0,0,0,0,1,1,0,1,0,1,1,1,1,1,0,0,0,1,1
"I2win_off0,2_d2",118,0,0,0,0,1,1,0,1,0,1,1,1,1,1,0,0,0,1,1
"I2win_off0,2_d2",119,0,0,0,0,1,1,0,1,0,1,1,1,1,1,0,0,0,1,1
"I2win_off0,2_d2",120,0,0,0,0,1,1,0,1,0,1,1,1,1,1,0,0,0,1,1
"I2win_off4,5_d1",0,0,0,0,0,1,1,0,1,0,0,0,0,0,0,0,0,0,1,0
"I2win_off4,5_d1",1,0,0,0,0,1,1,0,1,0,0,0,0,0,0,0,0,0,1,0
"I2win_off4,5_d1",2,0,0,0,0,1,1,0,1,0,0,0,0,0,0,0,0,0,1,0
"I2win_off4,5_d1",3,0,0,0,0,1,1,0,1,0,0,0,0,0,0,0,0,0,1,0
"I2win_off4,5_d1",4,0,1,0,0,1,0,0,1,0,0,0,0,0,0,0,0,0,1,0
"I2win_off4,5_d1",5,0,0,1,1,0,0,1,0,1,1,0,0,0,0,0,0,0,1,0
"I2win_off4,5_d1",6,0,0,0,0,1,1,0,1,0,1,1,0,0,0,0,0,0,1,0
"I2win_off4,5_d1",7,0,0,0,0,1,1,0,1,0,1,1,0,0,0,0,0,0,1,0
"I2win_off4,5_d1",8,0,0,0,0,1,1,0,1,0,1,1,0,0,0,0,0,0,1,0
"I2win_off4,5_d1",9,0,0,0,0,1,1,0,1,0,1,1,0,0,0,0,0,0,1,0
"I2win_off4,5_d1",10,0,0,0,0,1,1,0,1,0,1,1,0,0,0,0,0,0,1,0
"I2win_off4,5_d1",11,0,0,0,0,1,1,0,1,0,1,1,0,0,0,0,0,0,1,0
"I2win_off4,5_d1",12,0,0,0,0,1,1,0,1,0,1,1,0,0,0,0,0,0,1,0
"I2win_off4,5_d1",13,0,0,0,0,1,1,0,1,0,1,1,0,0,0,0,0,0,1,0
"I2win_off4,5_d1",14,0,0,0,0,1,1,0,1,0,1,1,0,0,0,0,0,0,1,0
"I2win_off4,5_d1",15,0,1,0,0,1,0,0,1,0,1,1,0,0,0,0,0,0,1,0
"I2win_off4,5_d1",16,0,0,1,1,0,0,1,0,0,0,1,1,0,1,0,0,0,1,0
"I2win_off4,5_d1",17,0,0,0,0,1,1,0,1,0,0,0,1,1,1,0,0,0,1,0
"I2win_off4,5_d1",18,0,0,0,0,1,1,0,1,0,0,0,1,1,1,0,0,0,1,0
"I2win_off4,5_d1",19,0,0,0,0,1,1,0,1,0,0,0,1,1,1,0,0,0,1,0
"I2win_off4,5_d1",20,0,0,0,0,1,1,0,1,0,0,0,1,1,1,0,0,0,1,0
"I2win_off4,5_d1",21,0,0,0,0,1,1,0,1,0,0,0,1,1,1,0,0,0,1,0
"I2win_off4,5_d1",22,0,0,0,0,1,1,0,1,0,0,0,1,1,1,0,0,0,1,0
"I2win_off4,5_d1",23,0,0,0,0,1,1,0,1,0,0,0,1,1,1,0,0,0,1,0
"I2win_off4,5_d1",24,0,0,0,0,1,1,0,1,0,0,0,1,1,1,0,0,0,1,0
"I2win_off4,5_d1",25,0,0,0,0,1,1,0,1,0,0,0,1,1,1,0,0,0,1,0
"I2win_off4,5_d1",26,0,1,0,0,1,0,0,1,0,0,0,1,1,1,0,0,0,1,0
"I2win_off4,5_d1",27,0,0,1,1,0,0,1,0,1,1,0,1,1,1,0,0,0,1,0
"I2win_off4,5_d1",28,0,0,0,0,1,1,0,1,0,1,1,1,1,1,0,0,0,1,0
"I2win_off4,5_d1",29,0,0,0,0,1,1,0,1,0,1,1,1,1,1,0,0,0,1,0
"I2win_off4,5_d1",30,0,0,0,0,1,1,0,1,0,1,1,1,1,1,0,0,0,1,0
"I2win_off4,5_d1",31,0,0,0,0,1,1,0,1,0,1,1,1,1,1,0,0,0,1,0
"I2win_off4,5_d1",32,0,0,0,0,1,1,0,1,0,1,1,1,1,1,0,0,0,1,0
"I2win_off4,5_d1",33,0,0,0,0,1,1,0,1,0,1,1,1,1,1,0,0,0,1,0
"I2win_off4,5_d1",34,0,0,0,0,1,1,0,1,0,1,1,1,1,1,0,0,0,1,0
"I2win_off4,5_d1",35,0,0,0,0,1,1,0,1,0,1,1,1,1,1,0,0,0,1,0
"I2win_off4,5_d1",36,0,0,0,0,1,1,0,1,0,1,1,1,1,1,0,0,0,1,0
"I2win_off4,5_d1",37,0,1,0,0,1,0,0,1,0,1,1,1,1,1,0,0,0,1,0
"I2win_off4,5_d1",38,0,0,1,1,0,0,1,0,0,0,1,1,1,0,1,1,0,1,0
"I2win_off4,5_d1",39,1,0,0,0,1,1,1,0,0,0,0,0,0,0,0,1,0,1,0
"I2win_off4,5_d1",40,1,0,0,0,1,1,1,0,0,0,0,0,0,0,0,1,0,1,0
"I2win_off4,5_d1",41,1,0,0,0,1,1,1,0,0,0,0,0,0,0,0,1,0,1,0
"I2win_off4,5_d1",42,1,0,0,0,1,1,1,0,0,0,0,0,0,0,0,1,0,1,0
"I2win_off4,5_d1",43,1,0,0,0,1,1,1,0,0,0,0,0,0,0,0,1,0,1,0
"I2win_off4,5_d1",44,1,0,0,0,1,1,1,0,0,0,0,0,0,0,0,1,0,1,0
"I2win_off4,5_d1",45,1,0,0,0,1,1,1,0,0,0,0,0,0,0,0,1,0,1,0
"I2win_off4,5_d1",46,1,0,0,0,1,1,1,0,0,0,0,0,0,0,0,1,0,1,0
"I2win_off4,5_d1",47,1,0,0,0,1,1,1,0,0,0,0,0,0,0,0,1,0,1,0
"I2win_off4,5_d1",48,1,1,0,0,1,0,1,0,0,0,0,0,0,0,0,1,0,1,0
"I2win_off4,5_d1",49,1,0,1,1,0,0,1,0,1,1,0,0,0,0,0,1,0,1,0
"I2win_off4,5_d1",50,1,0,0,0,1,1,1,0,0,1,1,0,0,0,0,1,0,1,0
"I2win_off4,5_d1",51,1,0,0,0,1,1,1,0,0,1,1,0,0,0,0,1,0,1,0
"I2win_off4,5_d1",52,1,0,0,0,1,1,1,0,0,1,1,0,0,0,0,1,0,1,0
"I2win_off4,5_d1",53,1,0,0,0,1,1,1,0,0,1,1,0,0,0,0,1,0,1,0
"I2win_off4,5_d1",54,1,0,0,0,1,1,1,0,0,1,1,0,0,0,0,1,0,1,0
"I2win_off4,5_d1",55,1,0,0,0,1,1,1,0,0,1,1,0,0,0,0,1,0,1,0
"I2win_off4,5_d1",56,1,0,0,0,1,1,1,0,0,1,1,0,0,0,0,1,0,1,0
"I2win_off4,5_d1",57,1,0,0,0,1,1,1,0,0,1,1,0,0,0,0,1,0,1,0
"I2win_off4,5_d1",58,1,0,0,0,1,1,1,0,0,1,1,0,0,0,0,1,0,1,0
"I2win_off4,5_d1",59,1,1,0,0,1,0,1,0,0,1,1,0,0,0,0,1,0,1,0
"I2win_off4,5_d1",60,1,0,1,1,0,0,1,0,0,0,1,1,0,1,0,1,0,1,0
"I2win_off4,5_d1",61,1,0,0,0,1,1,1,0,0,0,0,1,1,1,0,1,0,1,0
"I2win_off4,5_d1",62,1,0,0,0,1,1,1,0,0,0,0,1,1,1,0,1,0,1,0
"I2win_off4,5_d1",63,1,0,0,0,1,1,1,0,0,0,0,1,1,1,0,1,0,1,0
"I2win_off4,5_d1",64,1,0,0,0,1,1,1,0,0,0,0,1,1,1,0,1,0,1,0
"I2win_off4,5_d1",65,1,0,0,0,1,1,1,0,0,0,0,1,1,1,0,1,0,1,0
"I2win_off4,5_d1",66,1,0,0,0,1,1,1,0,0,0,0,1,1,1,0,1,0,1,0
"I2win_off4,5_d1",67,1,0,0,0,1,1,1,0,0,0,0,1,1,1,0,1,0,1,0
"I2win_off4,5_d1",68,1,0,0,0,1,1,1,0,0,0,0,1,1,1,0,1,0,1,0
"I2win_off4,5_d1",69,1,0,0,0,1,1,1,0,0,0,0,1,1,1,0,1,0,1,0
"I2win_off4,5_d1",70,1,1,0,0,1,0,1,0,0,0,0,1,1,1,0,1,0,1,0
"I2win_off4,5_d1",71,1,0,1,1,0,0,1,0,1,1,0,1,1,1,0,1,0,1,0
"I2win_off4,5_d1",72,1,0,0,0,1,1,1,0,0,1,1,1,1,1,0,1,1,1,0
"I2win_off4,5_d1",73,1,0,0,0,1,1,1,0,0,1,1,1,1,1,0,1,1,1,0
"I2win_off4,5_d1",74,1,0,0,0,1,1,1,0,0,1,1,1,1,1,0,1,1,1,0
"I2win_off4,5_d1",75,1,0,0,0,1,1,1,0,0,1,1,1,1,1,0,1,1,1,0
"I2win_off4,5_d1",76,1,0,0,0,1,1,1,0,0,1,1,1,1,1,0,1,1,1,0
"I2win_off4,5_d1",77,1,0,0,0,1,1,1,0,0,1,1,1,1,1,0,1,1,1,0
"I2win_off4,5_d1",78,1,0,0,0,1,1,1,0,0,1,1,1,1,1,0,1,1,1,0
"I2win_off4,5_d1",79,1,0,0,0,1,1,1,0,0,1,1,1,1,1,0,1,1,1,0
"I2win_off4,5_d1",80,1,0,0,0,1,1,1,0,0,1,1,1,1,1,0,1,1,1,0
"I2win_off4,5_d1",81,1,1,0,0,1,0,1,0,0,1,1,1,1,1,0,1,1,1,0
"I2win_off4,5_d1",82,1,0,1,1,0,0,1,0,0,0,1,1,1,0,1,0,1,0,0
"I2win_off4,5_d1",83,0,0,0,0,1,1,0,1,0,0,0,0,0,0,0,0,0,1,0
"I2win_off4,5_d1",84,0,0,0,0,1,1,0,1,0,0,0,0,0,0,0,0,0,1,0
"I2win_off4,5_d1",85,0,0,0,0,1,1,0,1,0,0,0,0,0,0,0,0,0,1,0
"I2win_off4,5_d1",86,0,0,0,0,1,1,0,1,0,0,0,0,0,0,0,0,0,1,0
"I2win_off4,5_d1",87,0,0,0,0,1,1,0,1,0,0,0,0,0,0,0,0,0,1,0
"I2win_off4,5_d1",88,0,0,0,0,1,1,0,1,0,0,0,0,0,0,0,0,0,1,0
"I2win_off4,5_d1",89,0,0,0,0,1,1,0,1,0,0,0,0,0,0,0,0,0,1,0
"I2win_off4,5_d1",90,0,0,0,0,1,1,0,1,0,0,0,0,0,0,0,0,0,1,0
"I2win_off4,5_d1",91,0,0,0,0,1,1,0,1,0,0,0,0,0,0,0,0,0,1,0
"I2win_off4,5_d1",92,0,1,0,0,1,0,0,1,0,0,0,0,0,0,0,0,0,1,0
"I2win_off4,5_d1",93,0,0,1,1,0,0,1,0,1,1,0,0,0,0,0,0,0,1,0
"I2win_off4,5_d1",94,0,0,0,0,1,1,0,1,0,1,1,0,0,0,0,0,0,1,0
"I2win_off4,5_d1",95,0,0,0,0,1,1,0,1,0,1,1,0,0,0,0,0,0,1,0
"I2win_off4,5_d1",96,0,0,0,0,1,1,0,1,0,1,1,0,0,0,0,0,0,1,0
"I2win_off4,5_d1",97,0,0,0,0,1,1,0,1,0,1,1,0,0,0,0,0,0,1,0
"I2win_off4,5_d1",98,0,0,0,0,1,1,0,1,0,1,1,0,0,0,0,0,0,1,0
"I2win_off4,5_d1",99,0,0,0,0,1,1,0,1,0,1,1,0,0,0,0,0,0,1,0
"I2win_off4,5_d1",100,0,0,0,0,1,1,0,1,0,1,1,0,0,0,0,0,0,1,0
"I2win_off4,5_d1",101,0,0,0,0,1,1,0,1,0,1,1,0,0,0,0,0,0,1,0
"I2win_off4,5_d1",102,0,0,0,0,1,1,0,1,0,1,1,0,0,0,0,0,0,1,0
"I2win_off4,5_d1",103,0,1,0,0,1,0,0,1,0,1,1,0,0,0,0,0,0,1,0
"I2win_off4,5_d1",104,0,0,1,1,0,0,1,0,0,0,1,1,0,1,0,0,0,1,0
"I2win_off4,5_d1",105,0,0,0,0,1,1,0,1,0,0,0,1,1,1,0,0,0,1,0
"I2win_off4,5_d1",106,0,0,0,0,1,1,0,1,0,0,0,1,1,1,0,0,0,1,0
"I2win_off4,5_d1",107,0,0,0,0,1,1,0,1,0,0,0,1,1,1,0,0,0,1,0
"I2win_off4,5_d1",108,0,0,0,0,1,1,0,1,0,0,0,1,1,1,0,0,0,1,0
"I2win_off4,5_d1",109,0,0,0,0,1,1,0,1,0,0,0,1,1,1,0,0,0,1,0
"I2win_off4,5_d1",110,0,0,0,0,1,1,0,1,0,0,0,1,1,1,0,0,0,1,0
"I2win_off4,5_d1",111,0,0,0,0,1,1,0,1,0,0,0,1,1,1,0,0,0,1,0
"I2win_off4,5_d1",112,0,0,0,0,1,1,0,1,0,0,0,1,1,1,0,0,0,1,0
"I2win_off4,5_d1",113,0,0,0,0,1,1,0,1,0,0,0,1,1,1,0,0,0,1,0
"I2win_off4,5_d1",114,0,1,0,0,1,0,0,1,0,0,0,1,1,1,0,0,0,1,0
"I2win_off4,5_d1",115,0,0,1,1,0,0,1,0,1,1,0,1,1,1,0,0,0,1,0
"I2win_off4,5_d1",116,0,0,0,0,1,1,0,1,0,1,1,1,1,1,0,0,0,1,1
"I2win_off4,5_d1",117,0,0,0,0,1,1,0,1,0,1,1,1,1,1,0,0,0,1,1
"I2win_off4,5_d1",118,0,0,0,0,1,1,0,1,0,1,1,1,1,1,0,0,0,1,1
"I2win_off4,5_d1",119,0,0,0,0,1,1,0,1,0,1,1,1,1,1,0,0,0,1,1
"I2win_off4,5_d1",120,0,0,0,0,1,1,0,1,0,1,1,1,1,1,0,0,0,1,1
"I2win_off7,8_d1",0,0,0,0,0,1,1,0,1,0,0,0,0,0,0,0,0,0,1,0
"I2win_off7,8_d1",1,0,0,0,0,1,1,0,1,0,0,0,0,0,0,0,0,0,1,0
"I2win_off7,8_d1",2,0,0,0,0,1,1,0,1,0,0,0,0,0,0,0,0,0,1,0
"I2win_off7,8_d1",3,0,0,0,0,1,1,0,1,0,0,0,0,0,0,0,0,0,1,0
"I2win_off7,8_d1",4,0,0,0,0,1,1,0,1,0,0,0,0,0,0,0,0,0,1,0
"I2win_off7,8_d1",5,0,0,0,0,1,1,0,1,0,0,0,0,0,0,0,0,0,1,0
"I2win_off7,8_d1",6,0,0,0,0,1,1,0,1,0,0,0,0,0,0,0,0,0,1,0
"I2win_off7,8_d1",7,0,1,0,0,1,0,0,1,0,0,0,0,0,0,0,0,0,1,0
"I2win_off7,8_d1",8,0,0,1,1,0,0,1,0,1,1,0,0,0,0,0,0,0,1,0
"I2win_off7,8_d1",9,0,0,0,0,1,1,0,1,0,1,1,0,0,0,0,0,0,1,0
"I2win_off7,8_d1",10,0,0,0,0,1,1,0,1,0,1,1,0,0,0,0,0,0,1,0
"I2win_off7,8_d1",11,0,0,0,0,1,1,0,1,0,1,1,0,0,0,0,0,0,1,0
"I2win_off7,8_d1",12,0,0,0,0,1,1,0,1,0,1,1,0,0,0,0,0,0,1,0
"I2win_off7,8_d1",13,0,0,0,0,1,1,0,1,0,1,1,0,0,0,0,0,0,1,0
"I2win_off7,8_d1",14,0,0,0,0,1,1,0,1,0,1,1,0,0,0,0,0,0,1,0
"I2win_off7,8_d1",15,0,0,0,0,1,1,0,1,0,1,1,0,0,0,0,0,0,1,0
"I2win_off7,8_d1",16,0,0,0,0,1,1,0,1,0,1,1,0,0,0,0,0,0,1,0
"I2win_off7,8_d1",17,0,0,0,0,1,1,0,1,0,1,1,0,0,0,0,0,0,1,0
"I2win_off7,8_d1",18,0,1,0,0,1,0,0,1,0,1,1,0,0,0,0,0,0,1,0
"I2win_off7,8_d1",19,0,0,1,1,0,0,1,0,0,0,1,1,0,1,0,0,0,1,0
"I2win_off7,8_d1",20,0,0,0,0,1,1,0,1,0,0,0,1,1,1,0,0,0,1,0
"I2win_off7,8_d1",21,0,0,0,0,1,1,0,1,0,0,0,1,1,1,0,0,0,1,0
"I2win_off7,8_d1",22,0,0,0,0,1,1,0,1,0,0,0,1,1,1,0,0,0,1,0
"I2win_off7,8_d1",23,0,0,0,0,1,1,0,1,0,0,0,1,1,1,0,0,0,1,0
"I2win_off7,8_d1",24,0,0,0,0,1,1,0,1,0,0,0,1,1,1,0,0,0,1,0
"I2win_off7,8_d1",25,0,0,0,0,1,1,0,1,0,0,0,1,1,1,0,0,0,1,0
"I2win_off7,8_d1",26,0,0,0,0,1,1,0,1,0,0,0,1,1,1,0,0,0,1,0
"I2win_off7,8_d1",27,0,0,0,0,1,1,0,1,0,0,0,1,1,1,0,0,0,1,0
"I2win_off7,8_d1",28,0,0,0,0,1,1,0,1,0,0,0,1,1,1,0,0,0,1,0
"I2win_off7,8_d1",29,0,1,0,0,1,0,0,1,0,0,0,1,1,1,0,0,0,1,0
"I2win_off7,8_d1",30,0,0,1,1,0,0,1,0,1,1,0,1,1,1,0,0,0,1,0
"I2win_off7,8_d1",31,0,0,0,0,1,1,0,1,0,1,1,1,1,1,0,0,0,1,0
"I2win_off7,8_d1",32,0,0,0,0,1,1,0,1,0,1,1,1,1,1,0,0,0,1,0
"I2win_off7,8_d1",33,0,0,0,0,1,1,0,1,0,1,1,1,1,1,0,0,0,1,0
"I2win_off7,8_d1",34,0,0,0,0,1,1,0,1,0,1,1,1,1,1,0,0,0,1,0
"I2win_off7,8_d1",35,0,0,0,0,1,1,0,1,0,1,1,1,1,1,0,0,0,1,0
"I2win_off7,8_d1",36,0,0,0,0,1,1,0,1,0,1,1,1,1,1,0,0,0,1,0
"I2win_off7,8_d1",37,0,0,0,0,1,1,0,1,0,1,1,1,1,1,0,0,0,1,0
"I2win_off7,8_d1",38,0,0,0,0,1,1,0,1,0,1,1,1,1,1,0,0,0,1,0
"I2win_off7,8_d1",39,0,0,0,0,1,1,0,1,0,1,1,1,1,1,0,0,0,1,0
"I2win_off7,8_d1",40,0,1,0,0,1,0,0,1,0,1,1,1,1,1,0,0,0,1,0
"I2win_off7,8_d1",41,0,0,1,1,0,0,1,0,0,0,1,1,1,0,1,1,0,1,0
"I2win_off7,8_d1",42,1,0,0,0,1,1,1,0,0,0,0,0,0,0,0,1,0,1,0
"I2win_off7,8_d1",43,1,0,0,0,1,1,1,0,0,0,0,0,0,0,0,1,0,1,0
"I2win_off7,8_d1",44,1,0,0,0,1,1,1,0,0,0,0,0,0,0,0,1,0,1,0
"I2win_off7,8_d1",45,1,0,0,0,1,1,1,0,0,0,0,0,0,0,0,1,0,1,0
"I2win_off7,8_d1",46,1,0,0,0,1,1,1,0,0,0,0,0,0,0,0,1,0,1,0
"I2win_off7,8_d1",47,1,0,0,0,1,1,1,0,0,0,0,0,0,0,0,1,0,1,0
"I2win_off7,8_d1",48,1,0,0,0,1,1,1,0,0,0,0,0,0,0,0,1,0,1,0
"I2win_off7,8_d1",49,1,0,0,0,1,1,1,0,0,0,0,0,0,0,0,1,0,1,0
"I2win_off7,8_d1",50,1,0,0,0,1,1,1,0,0,0,0,0,0,0,0,1,0,1,0
"I2win_off7,8_d1",51,1,1,0,0,1,0,1,0,0,0,0,0,0,0,0,1,0,1,0
"I2win_off7,8_d1",52,1,0,1,1,0,0,1,0,1,1,0,0,0,0,0,1,0,1,0
"I2win_off7,8_d1",53,1,0,0,0,1,1,1,0,0,1,1,0,0,0,0,1,0,1,0
"I2win_off7,8_d1",54,1,0,0,0,1,1,1,0,0,1,1,0,0,0,0,1,0,1,0
"I2win_off7,8_d1",55,1,0,0,0,1,1,1,0,0,1,1,0,0,0,0,1,0,1,0
"I2win_off7,8_d1",56,1,0,0,0,1,1,1,0,0,1,1,0,0,0,0,1,0,1,0
"I2win_off7,8_d1",57,1,0,0,0,1,1,1,0,0,1,1,0,0,0,0,1,0,1,0
"I2win_off7,8_d1",58,1,0,0,0,1,1,1,0,0,1,1,0,0,0,0,1,0,1,0
"I2win_off7,8_d1",59,1,0,0,0,1,1,1,0,0,1,1,0,0,0,0,1,0,1,0
"I2win_off7,8_d1",60,1,0,0,0,1,1,1,0,0,1,1,0,0,0,0,1,0,1,0
"I2win_off7,8_d1",61,1,0,0,0,1,1,1,0,0,1,1,0,0,0,0,1,0,1,0
"I2win_off7,8_d1",62,1,1,0,0,1,0,1,0,0,1,1,0,0,0,0,1,0,1,0
"I2win_off7,8_d1",63,1,0,1,1,0,0,1,0,0,0,1,1,0,1,0,1,0,1,0
"I2win_off7,8_d1",64,1,0,0,0,1,1,1,0,0,0,0,1,1,1,0,1,0,1,0
"I2win_off7,8_d1",65,1,0,0,0,1,1,1,0,0,0,0,1,1,1,0,1,0,1,0
"I2win_off7,8_d1",66,1,0,0,0,1,1,1,0,0,0,0,1,1,1,0,1,0,1,0
"I2win_off7,8_d1",67,1,0,0,0,1,1,1,0,0,0,0,1,1,1,0,1,0,1,0
"I2win_off7,8_d1",68,1,0,0,0,1,1,1,0,0,0,0,1,1,1,0,1,0,1,0
"I2win_off7,8_d1",69,1,0,0,0,1,1,1,0,0,0,0,1,1,1,0,1,0,1,0
"I2win_off7,8_d1",70,1,0,0,0,1,1,1,0,0,0,0,1,1,1,0,1,0,1,0
"I2win_off7,8_d1",71,1,0,0,0,1,1,1,0,0,0,0,1,1,1,0,1,0,1,0
"I2win_off7,8_d1",72,1,0,0,0,1,1,1,0,0,0,0,1,1,1,0,1,0,1,0
"I2win_off7,8_d1",73,1,1,0,0,1,0,1,0,0,0,0,1,1,1,0,1,0,1,0
"I2win_off7,8_d1",74,1,0,1,1,0,0,1,0,1,1,0,1,1,1,0,1,0,1,0
"I2win_off7,8_d1",75,1,0,0,0,1,1,1,0,0,1,1,1,1,1,0,1,1,1,0
"I2win_off7,8_d1",76,1,0,0,0,1,1,1,0,0,1,1,1,1,1,0,1,1,1,0
"I2win_off7,8_d1",77,1,0,0,0,1,1,1,0,0,1,1,1,1,1,0,1,1,1,0
"I2win_off7,8_d1",78,1,0,0,0,1,1,1,0,0,1,1,1,1,1,0,1,1,1,0
"I2win_off7,8_d1",79,1,0,0,0,1,1,1,0,0,1,1,1,1,1,0,1,1,1,0
"I2win_off7,8_d1",80,1,0,0,0,1,1,1,0,0,1,1,1,1,1,0,1,1,1,0
"I2win_off7,8_d1",81,1,0,0,0,1,1,1,0,0,1,1,1,1,1,0,1,1,1,0
"I2win_off7,8_d1",82,1,0,0,0,1,1,1,0,0,1,1,1,1,1,0,1,1,1,0
"I2win_off7,8_d1",83,1,0,0,0,1,1,1,0,0,1,1,1,1,1,0,1,1,1,0
"I2win_off7,8_d1",84,1,1,0,0,1,0,1,0,0,1,1,1,1,1,0,1,1,1,0
"I2win_off7,8_d1",85,1,0,1,1,0,0,1,0,0,0,1,1,1,0,1,0,1,0,0
"I2win_off7,8_d1",86,0,0,0,0,1,1,0,1,0,0,0,0,0,0,0,0,0,1,0
"I2win_off7,8_d1",87,0,0,0,0,1,1,0,1,0,0,0,0,0,0,0,0,0,1,0
"I2win_off7,8_d1",88,0,0,0,0,1,1,0,1,0,0,0,0,0,0,0,0,0,1,0
"I2win_off7,8_d1",89,0,0,0,0,1,1,0,1,0,0,0,0,0,0,0,0,0,1,0
"I2win_off7,8_d1",90,0,0,0,0,1,1,0,1,0,0,0,0,0,0,0,0,0,1,0
"I2win_off7,8_d1",91,0,0,0,0,1,1,0,1,0,0,0,0,0,0,0,0,0,1,0
"I2win_off7,8_d1",92,0,0,0,0,1,1,0,1,0,0,0,0,0,0,0,0,0,1,0
"I2win_off7,8_d1",93,0,0,0,0,1,1,0,1,0,0,0,0,0,0,0,0,0,1,0
"I2win_off7,8_d1",94,0,0,0,0,1,1,0,1,0,0,0,0,0,0,0,0,0,1,0
"I2win_off7,8_d1",95,0,1,0,0,1,0,0,1,0,0,0,0,0,0,0,0,0,1,0
"I2win_off7,8_d1",96,0,0,1,1,0,0,1,0,1,1,0,0,0,0,0,0,0,1,0
"I2win_off7,8_d1",97,0,0,0,0,1,1,0,1,0,1,1,0,0,0,0,0,0,1,0
"I2win_off7,8_d1",98,0,0,0,0,1,1,0,1,0,1,1,0,0,0,0,0,0,1,0
"I2win_off7,8_d1",99,0,0,0,0,1,1,0,1,0,1,1,0,0,0,0,0,0,1,0
"I2win_off7,8_d1",100,0,0,0,0,1,1,0,1,0,1,1,0,0,0,0,0,0,1,0
"I2win_off7,8_d1",101,0,0,0,0,1,1,0,1,0,1,1,0,0,0,0,0,0,1,0
"I2win_off7,8_d1",102,0,0,0,0,1,1,0,1,0,1,1,0,0,0,0,0,0,1,0
"I2win_off7,8_d1",103,0,0,0,0,1,1,0,1,0,1,1,0,0,0,0,0,0,1,0
"I2win_off7,8_d1",104,0,0,0,0,1,1,0,1,0,1,1,0,0,0,0,0,0,1,0
"I2win_off7,8_d1",105,0,0,0,0,1,1,0,1,0,1,1,0,0,0,0,0,0,1,0
"I2win_off7,8_d1",106,0,1,0,0,1,0,0,1,0,1,1,0,0,0,0,0,0,1,0
"I2win_off7,8_d1",107,0,0,1,1,0,0,1,0,0,0,1,1,0,1,0,0,0,1,0
"I2win_off7,8_d1",108,0,0,0,0,1,1,0,1,0,0,0,1,1,1,0,0,0,1,0
"I2win_off7,8_d1",109,0,0,0,0,1,1,0,1,0,0,0,1,1,1,0,0,0,1,0
"I2win_off7,8_d1",110,0,0,0,0,1,1,0,1,0,0,0,1,1,1,0,0,0,1,0
"I2win_off7,8_d1",111,0,0,0,0,1,1,0,1,0,0,0,1,1,1,0,0,0,1,0
"I2win_off7,8_d1",112,0,0,0,0,1,1,0,1,0,0,0,1,1,1,0,0,0,1,0
"I2win_off7,8_d1",113,0,0,0,0,1,1,0,1,0,0,0,1,1,1,0,0,0,1,0
"I2win_off7,8_d1",114,0,0,0,0,1,1,0,1,0,0,0,1,1,1,0,0,0,1,0
"I2win_off7,8_d1",115,0,0,0,0,1,1,0,1,0,0,0,1,1,1,0,0,0,1,0
"I2win_off7,8_d1",116,0,0,0,0,1,1,0,1,0,0,0,1,1,1,0,0,0,1,0
"I2win_off7,8_d1",117,0,1,0,0,1,0,0,1,0,0,0,1,1,1,0,0,0,1,0
"I2win_off7,8_d1",118,0,0,1,1,0,0,1,0,1,1,0,1,1,1,0,0,0,1,0
"I2win_off7,8_d1",119,0,0,0,0,1,1,0,1,0,1,1,1,1,1,0,0,0,1,1
"I2win_off7,8_d1",120,0,0,0,0,1,1,0,1,0,1,1,1,1,1,0,0,0,1,1
"I2win_off3,4_d1",0,0,0,0,0,1,1,0,1,0,0,0,0,0,0,0,0,0,1,0
"I2win_off3,4_d1",1,0,0,0,0,1,1,0,1,0,0,0,0,0,0,0,0,0,1,0
"I2win_off3,4_d1",2,0,0,0,0,1,1,0,1,0,0,0,0,0,0,0,0,0,1,0
"I2win_off3,4_d1",3,0,1,0,0,1,0,0,1,0,0,0,0,0,0,0,0,0,1,0
"I2win_off3,4_d1",4,0,0,1,1,0,0,1,0,1,1,0,0,0,0,0,0,0,1,0
"I2win_off3,4_d1",5,0,0,0,0,1,1,0,1,0,1,1,0,0,0,0,0,0,1,0
"I2win_off3,4_d1",6,0,0,0,0,1,1,0,1,0,1,1,0,0,0,0,0,0,1,0
"I2win_off3,4_d1",7,0,0,0,0,1,1,0,1,0,1,1,0,0,0,0,0,0,1,0
"I2win_off3,4_d1",8,0,0,0,0,1,1,0,1,0,1,1,0,0,0,0,0,0,1,0
"I2win_off3,4_d1",9,0,0,0,0,1,1,0,1,0,1,1,0,0,0,0,0,0,1,0
"I2win_off3,4_d1",10,0,0,0,0,1,1,0,1,0,1,1,0,0,0,0,0,0,1,0
"I2win_off3,4_d1",11,0,0,0,0,1,1,0,1,0,1,1,0,0,0,0,0,0,1,0
"I2win_off3,4_d1",12,0,0,0,0,1,1,0,1,0,1,1,0,0,0,0,0,0,1,0
"I2win_off3,4_d1",13,0,0,0,0,1,1,0,1,0,1,1,0,0,0,0,0,0,1,0
"I2win_off3,4_d1",14,0,1,0,0,1,0,0,1,0,1,1,0,0,0,0,0,0,1,0
"I2win_off3,4_d1",15,0,0,1,1,0,0,1,0,0,0,1,1,0,1,0,0,0,1,0
"I2win_off3,4_d1",16,0,0,0,0,1,1,0,1,0,0,0,1,1,1,0,0,0,1,0
"I2win_off3,4_d1",17,0,0,0,0,1,1,0,1,0,0,0,1,1,1,0,0,0,1,0
"I2win_off3,4_d1",18,0,0,0,0,1,1,0,1,0,0,0,1,1,1,0,0,0,1,0
"I2win_off3,4_d1",19,0,0,0,0,1,1,0,1,0,0,0,1,1,1,0,0,0,1,0
"I2win_off3,4_d1",20,0,0,0,0,1,1,0,1,0,0,0,1,1,1,0,0,0,1,0
"I2win_off3,4_d1",21,0,0,0,0,1,1,0,1,0,0,0,1,1,1,0,0,0,1,0
"I2win_off3,4_d1",22,0,0,0,0,1,1,0,1,0,0,0,1,1,1,0,0,0,1,0
"I2win_off3,4_d1",23,0,0,0,0,1,1,0,1,0,0,0,1,1,1,0,0,0,1,0
"I2win_off3,4_d1",24,0,0,0,0,1,1,0,1,0,0,0,1,1,1,0,0,0,1,0
"I2win_off3,4_d1",25,0,1,0,0,1,0,0,1,0,0,0,1,1,1,0,0,0,1,0
"I2win_off3,4_d1",26,0,0,1,1,0,0,1,0,1,1,0,1,1,1,0,0,0,1,0
"I2win_off3,4_d1",27,0,0,0,0,1,1,0,1,0,1,1,1,1,1,0,0,0,1,0
"I2win_off3,4_d1",28,0,0,0,0,1,1,0,1,0,1,1,1,1,1,0,0,0,1,0
"I2win_off3,4_d1",29,0,0,0,0,1,1,0,1,0,1,1,1,1,1,0,0,0,1,0
"I2win_off3,4_d1",30,0,0,0,0,1,1,0,1,0,1,1,1,1,1,0,0,0,1,0
"I2win_off3,4_d1",31,0,0,0,0,1,1,0,1,0,1,1,1,1,1,0,0,0,1,0
"I2win_off3,4_d1",32,0,0,0,0,1,1,0,1,0,1,1,1,1,1,0,0,0,1,0
"I2win_off3,4_d1",33,0,0,0,0,1,1,0,1,0,1,1,1,1,1,0,0,0,1,0
"I2win_off3,4_d1",34,0,0,0,0,1,1,0,1,0,1,1,1,1,1,0,0,0,1,0
"I2win_off3,4_d1",35,0,0,0,0,1,1,0,1,0,1,1,1,1,1,0,0,0,1,0
"I2win_off3,4_d1",36,0,1,0,0,1,0,0,1,0,1,1,1,1,1,0,0,0,1,0
"I2win_off3,4_d1",37,0,0,1,1,0,0,1,0,0,0,1,1,1,0,1,1,0,1,0
"I2win_off3,4_d1",38,1,0,0,0,1,1,1,0,0,0,0,0,0,0,0,1,0,1,0
"I2win_off3,4_d1",39,1,0,0,0,1,1,1,0,0,0,0,0,0,0,0,1,0,1,0
"I2win_off3,4_d1",40,1,0,0,0,1,1,1,0,0,0,0,0,0,0,0,1,0,1,0
"I2win_off3,4_d1",41,1,0,0,0,1,1,1,0,0,0,0,0,0,0,0,1,0,1,0
"I2win_off3,4_d1",42,1,0,0,0,1,1,1,0,0,0,0,0,0,0,0,1,0,1,0
"I2win_off3,4_d1",43,1,0,0,0,1,1,1,0,0,0,0,0,0,0,0,1,0,1,0
"I2win_off3,4_d1",44,1,0,0,0,1,1,1,0,0,0,0,0,0,0,0,1,0,1,0
"I2win_off3,4_d1",45,1,0,0,0,1,1,1,0,0,0,0,0,0,0,0,1,0,1,0
"I2win_off3,4_d1",46,1,0,0,0,1,1,1,0,0,0,0,0,0,0,0,1,0,1,0
"I2win_off3,4_d1",47,1,1,0,0,1,0,1,0,0,0,0,0,0,0,0,1,0,1,0
"I2win_off3,4_d1",48,1,0,1,1,0,0,1,0,1,1,0,0,0,0,0,1,0,1,0
"I2win_off3,4_d1",49,1,0,0,0,1,1,1,0,0,1,1,0,0,0,0,1,0,1,0
"I2win_off3,4_d1",50,1,0,0,0,1,1,1,0,0,1,1,0,0,0,0,1,0,1,0
"I2win_off3,4_d1",51,1,0,0,0,1,1,1,0,0,1,1,0,0,0,0,1,0,1,0
"I2win_off3,4_d1",52,1,0,0,0,1,1,1,0,0,1,1,0,0,0,0,1,0,1,0
"I2win_off3,4_d1",53,1,0,0,0,1,1,1,0,0,1,1,0,0,0,0,1,0,1,0
"I2win_off3,4_d1",54,1,0,0,0,1,1,1,0,0,1,1,0,0,0,0,1,0,1,0
"I2win_off3,4_d1",55,1,0,0,0,1,1,1,0,0,1,1,0,0,0,0,1,0,1,0
"I2win_off3,4_d1",56,1,0,0,0,1,1,1,0,0,1,1,0,0,0,0,1,0,1,0
"I2win_off3,4_d1",57,1,0,0,0,1,1,1,0,0,1,1,0,0,0,0,1,0,1,0
"I2win_off3,4_d1",58,1,1,0,0,1,0,1,0,0,1,1,0,0,0,0,1,0,1,0
"I2win_off3,4_d1",59,1,0,1,1,0,0,1,0,0,0,1,1,0,1,0,1,0,1,0
"I2win_off3,4_d1",60,1,0,0,0,1,1,1,0,0,0,0,1,1,1,0,1,0,1,0
"I2win_off3,4_d1",61,1,0,0,0,1,1,1,0,0,0,0,1,1,1,0,1,0,1,0
"I2win_off3,4_d1",62,1,0,0,0,1,1,1,0,0,0,0,1,1,1,0,1,0,1,0
"I2win_off3,4_d1",63,1,0,0,0,1,1,1,0,0,0,0,1,1,1,0,1,0,1,0
"I2win_off3,4_d1",64,1,0,0,0,1,1,1,0,0,0,0,1,1,1,0,1,0,1,0
"I2win_off3,4_d1",65,1,0,0,0,1,1,1,0,0,0,0,1,1,1,0,1,0,1,0
"I2win_off3,4_d1",66,1,0,0,0,1,1,1,0,0,0,0,1,1,1,0,1,0,1,0
"I2win_off3,4_d1",67,1,0,0,0,1,1,1,0,0,0,0,1,1,1,0,1,0,1,0
"I2win_off3,4_d1",68,1,0,0,0,1,1,1,0,0,0,0,1,1,1,0,1,0,1,0
"I2win_off3,4_d1",69,1,1,0,0,1,0,1,0,0,0,0,1,1,1,0,1,0,1,0
"I2win_off3,4_d1",70,1,0,1,1,0,0,1,0,1,1,0,1,1,1,0,1,0,1,0
"I2win_off3,4_d1",71,1,0,0,0,1,1,1,0,0,1,1,1,1,1,0,1,1,1,0
"I2win_off3,4_d1",72,1,0,0,0,1,1,1,0,0,1,1,1,1,1,0,1,1,1,0
"I2win_off3,4_d1",73,1,0,0,0,1,1,1,0,0,1,1,1,1,1,0,1,1,1,0
"I2win_off3,4_d1",74,1,0,0,0,1,1,1,0,0,1,1,1,1,1,0,1,1,1,0
"I2win_off3,4_d1",75,1,0,0,0,1,1,1,0,0,1,1,1,1,1,0,1,1,1,0
"I2win_off3,4_d1",76,1,0,0,0,1,1,1,0,0,1,1,1,1,1,0,1,1,1,0
"I2win_off3,4_d1",77,1,0,0,0,1,1,1,0,0,1,1,1,1,1,0,1,1,1,0
"I2win_off3,4_d1",78,1,0,0,0,1,1,1,0,0,1,1,1,1,1,0,1,1,1,0
"I2win_off3,4_d1",79,1,0,0,0,1,1,1,0,0,1,1,1,1,1,0,1,1,1,0
"I2win_off3,4_d1",80,1,1,0,0,1,0,1,0,0,1,1,1,1,1,0,1,1,1,0
"I2win_off3,4_d1",81,1,0,1,1,0,0,1,0,0,0,1,1,1,0,1,0,1,0,0
"I2win_off3,4_d1",82,0,0,0,0,1,1,0,1,0,0,0,0,0,0,0,0,0,1,0
"I2win_off3,4_d1",83,0,0,0,0,1,1,0,1,0,0,0,0,0,0,0,0,0,1,0
"I2win_off3,4_d1",84,0,0,0,0,1,1,0,1,0,0,0,0,0,0,0,0,0,1,0
"I2win_off3,4_d1",85,0,0,0,0,1,1,0,1,0,0,0,0,0,0,0,0,0,1,0
"I2win_off3,4_d1",86,0,0,0,0,1,1,0,1,0,0,0,0,0,0,0,0,0,1,0
"I2win_off3,4_d1",87,0,0,0,0,1,1,0,1,0,0,0,0,0,0,0,0,0,1,0
"I2win_off3,4_d1",88,0,0,0,0,1,1,0,1,0,0,0,0,0,0,0,0,0,1,0
"I2win_off3,4_d1",89,0,0,0,0,1,1,0,1,0,0,0,0,0,0,0,0,0,1,0
"I2win_off3,4_d1",90,0,0,0,0,1,1,0,1,0,0,0,0,0,0,0,0,0,1,0
"I2win_off3,4_d1",91,0,1,0,0,1,0,0,1,0,0,0,0,0,0,0,0,0,1,0
"I2win_off3,4_d1",92,0,0,1,1,0,0,1,0,1,1,0,0,0,0,0,0,0,1,0
"I2win_off3,4_d1",93,0,0,0,0,1,1,0,1,0,1,1,0,0,0,0,0,0,1,0
"I2win_off3,4_d1",94,0,0,0,0,1,1,0,1,0,1,1,0,0,0,0,0,0,1,0
"I2win_off3,4_d1",95,0,0,0,0,1,1,0,1,0,1,1,0,0,0,0,0,0,1,0
"I2win_off3,4_d1",96,0,0,0,0,1,1,0,1,0,1,1,0,0,0,0,0,0,1,0
"I2win_off3,4_d1",97,0,0,0,0,1,1,0,1,0,1,1,0,0,0,0,0,0,1,0
"I2win_off3,4_d1",98,0,0,0,0,1,1,0,1,0,1,1,0,0,0,0,0,0,1,0
"I2win_off3,4_d1",99,0,0,0,0,1,1,0,1,0,1,1,0,0,0,0,0,0,1,0
"I2win_off3,4_d1",100,0,0,0,0,1,1,0,1,0,1,1,0,0,0,0,0,0,1,0
"I2win_off3,4_d1",101,0,0,0,0,1,1,0,1,0,1,1,0,0,0,0,0,0,1,0
"I2win_off3,4_d1",102,0,1,0,0,1,0,0,1,0,1,1,0,0,0,0,0,0,1,0
"I2win_off3,4_d1",103,0,0,1,1,0,0,1,0,0,0,1,1,0,1,0,0,0,1,0
"I2win_off3,4_d1",104,0,0,0,0,1,1,0,1,0,0,0,1,1,1,0,0,0,1,0
"I2win_off3,4_d1",105,0,0,0,0,1,1,0,1,0,0,0,1,1,1,0,0,0,1,0
"I2win_off3,4_d1",106,0,0,0,0,1,1,0,1,0,0,0,1,1,1,0,0,0,1,0
"I2win_off3,4_d1",107,0,0,0,0,1,1,0,1,0,0,0,1,1,1,0,0,0,1,0
"I2win_off3,4_d1",108,0,0,0,0,1,1,0,1,0,0,0,1,1,1,0,0,0,1,0
"I2win_off3,4_d1",109,0,0,0,0,1,1,0,1,0,0,0,1,1,1,0,0,0,1,0
"I2win_off3,4_d1",110,0,0,0,0,1,1,0,1,0,0,0,1,1,1,0,0,0,1,0
"I2win_off3,4_d1",111,0,0,0,0,1,1,0,1,0,0,0,1,1,1,0,0,0,1,0
"I2win_off3,4_d1",112,0,0,0,0,1,1,0,1,0,0,0,1,1,1,0,0,0,1,0
"I2win_off3,4_d1",113,0,1,0,0,1,0,0,1,0,0,0,1,1,1,0,0,0,1,0
"I2win_off3,4_d1",114,0,0,1,1,0,0,1,0,1,1,0,1,1,1,0,0,0,1,0
"I2win_off3,4_d1",115,0,0,0,0,1,1,0,1,0,1,1,1,1,1,0,0,0,1,1
"I2win_off3,4_d1",116,0,0,0,0,1,1,0,1,0,1,1,1,1,1,0,0,0,1,1
"I2win_off3,4_d1",117,0,0,0,0,1,1,0,1,0,1,1,1,1,1,0,0,0,1,1
"I2win_off3,4_d1",118,0,0,0,0,1,1,0,1,0,1,1,1,1,1,0,0,0,1,1
"I2win_off3,4_d1",119,0,0,0,0,1,1,0,1,0,1,1,1,1,1,0,0,0,1,1
"I2win_off3,4_d1",120,0,0,0,0,1,1,0,1,0,1,1,1,1,1,0,0,0,1,1
"I2win_off4,8_d4",0,0,0,0,0,1,1,0,1,0,0,0,0,0,0,0,0,0,1,0
"I2win_off4,8_d4",1,0,0,0,0,1,1,0,1,0,0,0,0,0,0,0,0,0,1,0
"I2win_off4,8_d4",2,0,0,0,0,1,1,0,1,0,0,0,0,0,0,0,0,0,1,0
"I2win_off4,8_d4",3,0,0,0,0,1,1,0,1,0,0,0,0,0,0,0,0,0,1,0
"I2win_off4,8_d4",4,0,1,0,0,1,0,0,1,0,0,0,0,0,0,0,0,0,1,0
"I2win_off4,8_d4",5,0,1,1,0,1,0,1,0,1,0,0,0,0,0,0,0,0,1,0
"I2win_off4,8_d4",6,0,1,1,0,1,0,1,0,1,0,0,0,0,0,0,0,0,1,0
"I2win_off4,8_d4",7,0,1,1,0,1,0,1,0,1,0,0,0,0,0,0,0,0,1,0
"I2win_off4,8_d4",8,0,0,1,1,0,0,1,0,1,1,0,0,0,0,0,0,0,1,0
"I2win_off4,8_d4",9,0,0,0,0,1,1,0,1,0,1,1,0,0,0,0,0,0,1,0
"I2win_off4,8_d4",10,0,0,0,0,1,1,0,1,0,1,1,0,0,0,0,0,0,1,0
"I2win_off4,8_d4",11,0,0,0,0,1,1,0,1,0,1,1,0,0,0,0,0,0,1,0
"I2win_off4,8_d4",12,0,0,0,0,1,1,0,1,0,1,1,0,0,0,0,0,0,1,0
"I2win_off4,8_d4",13,0,0,0,0,1,1,0,1,0,1,1,0,0,0,0,0,0,1,0
"I2win_off4,8_d4",14,0,0,0,0,1,1,0,1,0,1,1,0,0,0,0,0,0,1,0
"I2win_off4,8_d4",15,0,1,0,0,1,0,0,1,0,1,1,0,0,0,0,0,0,1,0
"I2win_off4,8_d4",16,0,1,1,0,1,0,1,0,0,1,1,0,0,0,0,0,0,1,0
"I2win_off4,8_d4",17,0,1,1,0,1,0,1,0,0,1,1,0,0,0,0,0,0,1,0
"I2win_off4,8_d4",18,0,1,1,0,1,0,1,0,0,1,1,0,0,0,0,0,0,1,0
"I2win_off4,8_d4",19,0,0,1,1,0,0,1,0,0,0,1,1,0,1,0,0,0,1,0
"I2win_off4,8_d4",20,0,0,0,0,1,1,0,1,0,0,0,1,1,1,0,0,0,1,0
"I2win_off4,8_d4",21,0,0,0,0,1,1,0,1,0,0,0,1,1,1,0,0,0,1,0
"I2win_off4,8_d4",22,0,0,0,0,1,1,0,1,0,0,0,1,1,1,0,0,0,1,0
"I2win_off4,8_d4",23,0,0,0,0,1,1,0,1,0,0,0,1,1,1,0,0,0,1,0
"I2win_off4,8_d4",24,0,0,0,0,1,1,0,1,0,0,0,1,1,1,0,0,0,1,0
"I2win_off4,8_d4",25,0,0,0,0,1,1,0,1,0,0,0,1,1,1,0,0,0,1,0
"I2win_off4,8_d4",26,0,1,0,0,1,0,0,1,0,0,0,1,1,1,0,0,0,1,0
"I2win_off4,8_d4",27,0,1,1,0,1,0,1,0,1,0,0,1,1,1,0,0,0,1,0
"I2win_off4,8_d4",28,0,1,1,0,1,0,1,0,1,0,0,1,1,1,0,0,0,1,0
"I2win_off4,8_d4",29,0,1,1,0,1,0,1,0,1,0,0,1,1,1,0,0,0,1,0
"I2win_off4,8_d4",30,0,0,1,1,0,0,1,0,1,1,0,1,1,1,0,0,0,1,0
"I2win_off4,8_d4",31,0,0,0,0,1,1,0,1,0,1,1,1,1,1,0,0,0,1,0
"I2win_off4,8_d4",32,0,0,0,0,1,1,0,1,0,1,1,1,1,1,0,0,0,1,0
"I2win_off4,8_d4",33,0,0,0,0,1,1,0,1,0,1,1,1,1,1,0,0,0,1,0
"I2win_off4,8_d4",34,0,0,0,0,1,1,0,1,0,1,1,1,1,1,0,0,0,1,0
"I2win_off4,8_d4",35,0,0,0,0,1,1,0,1,0,1,1,1,1,1,0,0,0,1,0
"I2win_off4,8_d4",36,0,0,0,0,1,1,0,1,0,1,1,1,1,1,0,0,0,1,0
"I2win_off4,8_d4",37,0,1,0,0,1,0,0,1,0,1,1,1,1,1,0,0,0,1,0
"I2win_off4,8_d4",38,0,1,1,0,1,0,1,0,0,1,1,1,1,1,0,0,0,1,0
"I2win_off4,8_d4",39,0,1,1,0,1,0,1,0,0,1,1,1,1,1,0,0,0,1,0
"I2win_off4,8_d4",40,0,1,1,0,1,0,1,0,0,1,1,1,1,1,0,0,0,1,0
"I2win_off4,8_d4",41,0,0,1,1,0,0,1,0,0,0,1,1,1,0,1,1,0,1,0
"I2win_off4,8_d4",42,1,0,0,0,1,1,1,0,0,0,0,0,0,0,0,1,0,1,0
"I2win_off4,8_d4",43,1,0,0,0,1,1,1,0,0,0,0,0,0,0,0,1,0,1,0
"I2win_off4,8_d4",44,1,0,0,0,1,1,1,0,0,0,0,0,0,0,0,1,0,1,0
"I2win_off4,8_d4",45,1,0,0,0,1,1,1,0,0,0,0,0,0,0,0,1,0,1,0
"I2win_off4,8_d4",46,1,0,0,0,1,1,1,0,0,0,0,0,0,0,0,1,0,1,0
"I2win_off4,8_d4",47,1,0,0,0,1,1,1,0,0,0,0,0,0,0,0,1,0,1,0
"I2win_off4,8_d4",48,1,1,0,0,1,0,1,0,0,0,0,0,0,0,0,1,0,1,0
"I2win_off4,8_d4",49,1,1,1,0,1,0,1,0,1,0,0,0,0,0,0,1,0,1,0
"I2win_off4,8_d4",50,1,1,1,0,1,0,1,0,1,0,0,0,0,0,0,1,0,1,0
"I2win_off4,8_d4",51,1,1,1,0,1,0,1,0,1,0,0,0,0,0,0,1,0,1,0
"I2win_off4,8_d4",52,1,0,1,1,0,0,1,0,1,1,0,0,0,0,0,1,0,1,0
"I2win_off4,8_d4",53,1,0,0,0,1,1,1,0,0,1,1,0,0,0,0,1,0,1,0
"I2win_off4,8_d4",54,1,0,0,0,1,1,1,0,0,1,1,0,0,0,0,1,0,1,0
"I2win_off4,8_d4",55,1,0,0,0,1,1,1,0,0,1,1,0,0,0,0,1,0,1,0
"I2win_off4,8_d4",56,1,0,0,0,1,1,1,0,0,1,1,0,0,0,0,1,0,1,0
"I2win_off4,8_d4",57,1,0,0,0,1,1,1,0,0,1,1,0,0,0,0,1,0,1,0
"I2win_off4,8_d4",58,1,0,0,0,1,1,1,0,0,1,1,0,0,0,0,1,0,1,0
"I2win_off4,8_d4",59,1,1,0,0,1,0,1,0,0,1,1,0,0,0,0,1,0,1,0
"I2win_off4,8_d4",60,1,1,1,0,1,0,1,0,0,1,1,0,0,0,0,1,0,1,0
"I2win_off4,8_d4",61,1,1,1,0,1,0,1,0,0,1,1,0,0,0,0,1,0,1,0
"I2win_off4,8_d4",62,1,1,1,0,1,0,1,0,0,1,1,0,0,0,0,1,0,1,0
"I2win_off4,8_d4",63,1,0,1,1,0,0,1,0,0,0,1,1,0,1,0,1,0,1,0
"I2win_off4,8_d4",64,1,0,0,0,1,1,1,0,0,0,0,1,1,1,0,1,0,1,0
"I2win_off4,8_d4",65,1,0,0,0,1,1,1,0,0,0,0,1,1,1,0,1,0,1,0
"I2win_off4,8_d4",66,1,0,0,0,1,1,1,0,0,0,0,1,1,1,0,1,0,1,0
"I2win_off4,8_d4",67,1,0,0,0,1,1,1,0,0,0,0,1,1,1,0,1,0,1,0
"I2win_off4,8_d4",68,1,0,0,0,1,1,1,0,0,0,0,1,1,1,0,1,0,1,0
"I2win_off4,8_d4",69,1,0,0,0,1,1,1,0,0,0,0,1,1,1,0,1,0,1,0
"I2win_off4,8_d4",70,1,1,0,0,1,0,1,0,0,0,0,1,1,1,0,1,0,1,0
"I2win_off4,8_d4",71,1,1,1,0,1,0,1,0,1,0,0,1,1,1,0,1,0,1,0
"I2win_off4,8_d4",72,1,1,1,0,1,0,1,0,1,0,0,1,1,1,0,1,0,1,0
"I2win_off4,8_d4",73,1,1,1,0,1,0,1,0,1,0,0,1,1,1,0,1,0,1,0
"I2win_off4,8_d4",74,1,0,1,1,0,0,1,0,1,1,0,1,1,1,0,1,0,1,0
"I2win_off4,8_d4",75,1,0,0,0,1,1,1,0,0,1,1,1,1,1,0,1,1,1,0
"I2win_off4,8_d4",76,1,0,0,0,1,1,1,0,0,1,1,1,1,1,0,1,1,1,0
"I2win_off4,8_d4",77,1,0,0,0,1,1,1,0,0,1,1,1,1,1,0,1,1,1,0
"I2win_off4,8_d4",78,1,0,0,0,1,1,1,0,0,1,1,1,1,1,0,1,1,1,0
"I2win_off4,8_d4",79,1,0,0,0,1,1,1,0,0,1,1,1,1,1,0,1,1,1,0
"I2win_off4,8_d4",80,1,0,0,0,1,1,1,0,0,1,1,1,1,1,0,1,1,1,0
"I2win_off4,8_d4",81,1,1,0,0,1,0,1,0,0,1,1,1,1,1,0,1,1,1,0
"I2win_off4,8_d4",82,1,1,1,0,1,0,1,0,0,1,1,1,1,1,0,1,1,1,0
"I2win_off4,8_d4",83,1,1,1,0,1,0,1,0,0,1,1,1,1,1,0,1,1,1,0
"I2win_off4,8_d4",84,1,1,1,0,1,0,1,0,0,1,1,1,1,1,0,1,1,1,0
"I2win_off4,8_d4",85,1,0,1,1,0,0,1,0,0,0,1,1,1,0,1,0,1,0,0
"I2win_off4,8_d4",86,0,0,0,0,1,1,0,1,0,0,0,0,0,0,0,0,0,1,0
"I2win_off4,8_d4",87,0,0,0,0,1,1,0,1,0,0,0,0,0,0,0,0,0,1,0
"I2win_off4,8_d4",88,0,0,0,0,1,1,0,1,0,0,0,0,0,0,0,0,0,1,0
"I2win_off4,8_d4",89,0,0,0,0,1,1,0,1,0,0,0,0,0,0,0,0,0,1,0
"I2win_off4,8_d4",90,0,0,0,0,1,1,0,1,0,0,0,0,0,0,0,0,0,1,0
"I2win_off4,8_d4",91,0,0,0,0,1,1,0,1,0,0,0,0,0,0,0,0,0,1,0
"I2win_off4,8_d4",92,0,1,0,0,1,0,0,1,0,0,0,0,0,0,0,0,0,1,0
"I2win_off4,8_d4",93,0,1,1,0,1,0,1,0,1,0,0,0,0,0,0,0,0,1,0
"I2win_off4,8_d4",94,0,1,1,0,1,0,1,0,1,0,0,0,0,0,0,0,0,1,0
"I2win_off4,8_d4",95,0,1,1,0,1,0,1,0,1,0,0,0,0,0,0,0,0,1,0
"I2win_off4,8_d4",96,0,0,1,1,0,0,1,0,1,1,0,0,0,0,0,0,0,1,0
"I2win_off4,8_d4",97,0,0,0,0,1,1,0,1,0,1,1,0,0,0,0,0,0,1,0
"I2win_off4,8_d4",98,0,0,0,0,1,1,0,1,0,1,1,0,0,0,0,0,0,1,0
"I2win_off4,8_d4",99,0,0,0,0,1,1,0,1,0,1,1,0,0,0,0,0,0,1,0
"I2win_off4,8_d4",100,0,0,0,0,1,1,0,1,0,1,1,0,0,0,0,0,0,1,0
"I2win_off4,8_d4",101,0,0,0,0,1,1,0,1,0,1,1,0,0,0,0,0,0,1,0
"I2win_off4,8_d4",102,0,0,0,0,1,1,0,1,0,1,1,0,0,0,0,0,0,1,0
"I2win_off4,8_d4",103,0,1,0,0,1,0,0,1,0,1,1,0,0,0,0,0,0,1,0
"I2win_off4,8_d4",104,0,1,1,0,1,0,1,0,0,1,1,0,0,0,0,0,0,1,0
"I2win_off4,8_d4",105,0,1,1,0,1,0,1,0,0,1,1,0,0,0,0,0,0,1,0
"I2win_off4,8_d4",106,0,1,1,0,1,0,1,0,0,1,1,0,0,0,0,0,0,1,0
"I2win_off4,8_d4",107,0,0,1,1,0,0,1,0,0,0,1,1,0,1,0,0,0,1,0
"I2win_off4,8_d4",108,0,0,0,0,1,1,0,1,0,0,0,1,1,1,0,0,0,1,0
"I2win_off4,8_d4",109,0,0,0,0,1,1,0,1,0,0,0,1,1,1,0,0,0,1,0
"I2win_off4,8_d4",110,0,0,0,0,1,1,0,1,0,0,0,1,1,1,0,0,0,1,0
"I2win_off4,8_d4",111,0,0,0,0,1,1,0,1,0,0,0,1,1,1,0,0,0,1,0
"I2win_off4,8_d4",112,0,0,0,0,1,1,0,1,0,0,0,1,1,1,0,0,0,1,0
"I2win_off4,8_d4",113,0,0,0,0,1,1,0,1,0,0,0,1,1,1,0,0,0,1,0
"I2win_off4,8_d4",114,0,1,0,0,1,0,0,1,0,0,0,1,1,1,0,0,0,1,0
"I2win_off4,8_d4",115,0,1,1,0,1,0,1,0,1,0,0,1,1,1,0,0,0,1,0
"I2win_off4,8_d4",116,0,1,1,0,1,0,1,0,1,0,0,1,1,1,0,0,0,1,0
"I2win_off4,8_d4",117,0,1,1,0,1,0,1,0,1,0,0,1,1,1,0,0,0,1,0
"I2win_off4,8_d4",118,0,0,1,1,0,0,1,0,1,1,0,1,1,1,0,0,0,1,0
"I2win_off4,8_d4",119,0,0,0,0,1,1,0,1,0,1,1,1,1,1,0,0,0,1,1
"I2win_off4,8_d4",120,0,0,0,0,1,1,0,1,0,1,1,1,1,1,0,0,0,1,1
"I2win_off1,5_d4",0,0,0,0,0,1,1,0,1,0,0,0,0,0,0,0,0,0,1,0
"I2win_off1,5_d4",1,0,1,0,0,1,0,0,1,0,0,0,0,0,0,0,0,0,1,0
"I2win_off1,5_d4",2,0,1,1,0,1,0,1,0,1,0,0,0,0,0,0,0,0,1,0
"I2win_off1,5_d4",3,0,1,1,0,1,0,1,0,1,0,0,0,0,0,0,0,0,1,0
"I2win_off1,5_d4",4,0,1,1,0,1,0,1,0,1,0,0,0,0,0,0,0,0,1,0
"I2win_off1,5_d4",5,0,0,1,1,0,0,1,0,1,1,0,0,0,0,0,0,0,1,0
"I2win_off1,5_d4",6,0,0,0,0,1,1,0,1,0,1,1,0,0,0,0,0,0,1,0
"I2win_off1,5_d4",7,0,0,0,0,1,1,0,1,0,1,1,0,0,0,0,0,0,1,0
"I2win_off1,5_d4",8,0,0,0,0,1,1,0,1,0,1,1,0,0,0,0,0,0,1,0
"I2win_off1,5_d4",9,0,0,0,0,1,1,0,1,0,1,1,0,0,0,0,0,0,1,0
"I2win_off1,5_d4",10,0,0,0,0,1,1,0,1,0,1,1,0,0,0,0,0,0,1,0
"I2win_off1,5_d4",11,0,0,0,0,1,1,0,1,0,1,1,0,0,0,0,0,0,1,0
"I2win_off1,5_d4",12,0,1,0,0,1,0,0,1,0,1,1,0,0,0,0,0,0,1,0
"I2win_off1,5_d4",13,0,1,1,0,1,0,1,0,0,1,1,0,0,0,0,0,0,1,0
"I2win_off1,5_d4",14,0,1,1,0,1,0,1,0,0,1,1,0,0,0,0,0,0,1,0
"I2win_off1,5_d4",15,0,1,1,0,1,0,1,0,0,1,1,0,0,0,0,0,0,1,0
"I2win_off1,5_d4",16,0,0,1,1,0,0,1,0,0,0,1,1,0,1,0,0,0,1,0
"I2win_off1,5_d4",17,0,0,0,0,1,1,0,1,0,0,0,1,1,1,0,0,0,1,0
"I2win_off1,5_d4",18,0,0,0,0,1,1,0,1,0,0,0,1,1,1,0,0,0,1,0
"I2win_off1,5_d4",19,0,0,0,0,1,1,0,1,0,0,0,1,1,1,0,0,0,1,0
"I2win_off1,5_d4",20,0,0,0,0,1,1,0,1,0,0,0,1,1,1,0,0,0,1,0
"I2win_off1,5_d4",21,0,0,0,0,1,1,0,1,0,0,0,1,1,1,0,0,0,1,0
"I2win_off1,5_d4",22,0,0,0,0,1,1,0,1,0,0,0,1,1,1,0,0,0,1,0
"I2win_off1,5_d4",23,0,1,0,0,1,0,0,1,0,0,0,1,1,1,0,0,0,1,0
"I2win_off1,5_d4",24,0,1,1,0,1,0,1,0,1,0,0,1,1,1,0,0,0,1,0
"I2win_off1,5_d4",25,0,1,1,0,1,0,1,0,1,0,0,1,1,1,0,0,0,1,0
"I2win_off1,5_d4",26,0,1,1,0,1,0,1,0,1,0,0,1,1,1,0,0,0,1,0
"I2win_off1,5_d4",27,0,0,1,1,0,0,1,0,1,1,0,1,1,1,0,0,0,1,0
"I2win_off1,5_d4",28,0,0,0,0,1,1,0,1,0,1,1,1,1,1,0,0,0,1,0
"I2win_off1,5_d4",29,0,0,0,0,1,1,0,1,0,1,1,1,1,1,0,0,0,1,0
"I2win_off1,5_d4",30,0,0,0,0,1,1,0,1,0,1,1,1,1,1,0,0,0,1,0
"I2win_off1,5_d4",31,0,0,0,0,1,1,0,1,0,1,1,1,1,1,0,0,0,1,0
"I2win_off1,5_d4",32,0,0,0,0,1,1,0,1,0,1,1,1,1,1,0,0,0,1,0
"I2win_off1,5_d4",33,0,0,0,0,1,1,0,1,0,1,1,1,1,1,0,0,0,1,0
"I2win_off1,5_d4",34,0,1,0,0,1,0,0,1,0,1,1,1,1,1,0,0,0,1,0
"I2win_off1,5_d4",35,0,1,1,0,1,0,1,0,0,1,1,1,1,1,0,0,0,1,0
"I2win_off1,5_d4",36,0,1,1,0,1,0,1,0,0,1,1,1,1,1,0,0,0,1,0
"I2win_off1,5_d4",37,0,1,1,0,1,0,1,0,0,1,1,1,1,1,0,0,0,1,0
"I2win_off1,5_d4",38,0,0,1,1,0,0,1,0,0,0,1,1,1,0,1,1,0,1,0
"I2win_off1,5_d4",39,1,0,0,0,1,1,1,0,0,0,0,0,0,0,0,1,0,1,0
"I2win_off1,5_d4",40,1,0,0,0,1,1,1,0,0,0,0,0,0,0,0,1,0,1,0
"I2win_off1,5_d4",41,1,0,0,0,1,1,1,0,0,0,0,0,0,0,0,1,0,1,0
"I2win_off1,5_d4",42,1,0,0,0,1,1,1,0,0,0,0,0,0,0,0,1,0,1,0
"I2win_off1,5_d4",43,1,0,0,0,1,1,1,0,0,0,0,0,0,0,0,1,0,1,0
"I2win_off1,5_d4",44,1,0,0,0,1,1,1,0,0,0,0,0,0,0,0,1,0,1,0
"I2win_off1,5_d4",45,1,1,0,0,1,0,1,0,0,0,0,0,0,0,0,1,0,1,0
"I2win_off1,5_d4",46,1,1,1,0,1,0,1,0,1,0,0,0,0,0,0,1,0,1,0
"I2win_off1,5_d4",47,1,1,1,0,1,0,1,0,1,0,0,0,0,0,0,1,0,1,0
"I2win_off1,5_d4",48,1,1,1,0,1,0,1,0,1,0,0,0,0,0,0,1,0,1,0
"I2win_off1,5_d4",49,1,0,1,1,0,0,1,0,1,1,0,0,0,0,0,1,0,1,0
"I2win_off1,5_d4",50,1,0,0,0,1,1,1,0,0,1,1,0,0,0,0,1,0,1,0
"I2win_off1,5_d4",51,1,0,0,0,1,1,1,0,0,1,1,0,0,0,0,1,0,1,0
"I2win_off1,5_d4",52,1,0,0,0,1,1,1,0,0,1,1,0,0,0,0,1,0,1,0
"I2win_off1,5_d4",53,1,0,0,0,1,1,1,0,0,1,1,0,0,0,0,1,0,1,0
"I2win_off1,5_d4",54,1,0,0,0,1,1,1,0,0,1,1,0,0,0,0,1,0,1,0
"I2win_off1,5_d4",55,1,0,0,0,1,1,1,0,0,1,1,0,0,0,0,1,0,1,0
"I2win_off1,5_d4",56,1,1,0,0,1,0,1,0,0,1,1,0,0,0,0,1,0,1,0
"I2win_off1,5_d4",57,1,1,1,0,1,0,1,0,0,1,1,0,0,0,0,1,0,1,0
"I2win_off1,5_d4",58,1,1,1,0,1,0,1,0,0,1,1,0,0,0,0,1,0,1,0
"I2win_off1,5_d4",59,1,1,1,0,1,0,1,0,0,1,1,0,0,0,0,1,0,1,0
"I2win_off1,5_d4",60,1,0,1,1,0,0,1,0,0,0,1,1,0,1,0,1,0,1,0
"I2win_off1,5_d4",61,1,0,0,0,1,1,1,0,0,0,0,1,1,1,0,1,0,1,0
"I2win_off1,5_d4",62,1,0,0,0,1,1,1,0,0,0,0,1,1,1,0,1,0,1,0
"I2win_off1,5_d4",63,1,0,0,0,1,1,1,0,0,0,0,1,1,1,0,1,0,1,0
"I2win_off1,5_d4",64,1,0,0,0,1,1,1,0,0,0,0,1,1,1,0,1,0,1,0
"I2win_off1,5_d4",65,1,0,0,0,1,1,1,0,0,0,0,1,1,1,0,1,0,1,0
"I2win_off1,5_d4",66,1,0,0,0,1,1,1,0,0,0,0,1,1,1,0,1,0,1,0
"I2win_off1,5_d4",67,1,1,0,0,1,0,1,0,0,0,0,1,1,1,0,1,0,1,0
"I2win_off1,5_d4",68,1,1,1,0,1,0,1,0,1,0,0,1,1,1,0,1,0,1,0
"I2win_off1,5_d4",69,1,1,1,0,1,0,1,0,1,0,0,1,1,1,0,1,0,1,0
"I2win_off1,5_d4",70,1,1,1,0,1,0,1,0,1,0,0,1,1,1,0,1,0,1,0
"I2win_off1,5_d4",71,1,0,1,1,0,0,1,0,1,1,0,1,1,1,0,1,0,1,0
"I2win_off1,5_d4",72,1,0,0,0,1,1,1,0,0,1,1,1,1,1,0,1,1,1,0
"I2win_off1,5_d4",73,1,0,0,0,1,1,1,0,0,1,1,1,1,1,0,1,1,1,0
"I2win_off1,5_d4",74,1,0,0,0,1,1,1,0,0,1,1,1,1,1,0,1,1,1,0
"I2win_off1,5_d4",75,1,0,0,0,1,1,1,0,0,1,1,1,1,1,0,1,1,1,0
"I2win_off1,5_d4",76,1,0,0,0,1,1,1,0,0,1,1,1,1,1,0,1,1,1,0
"I2win_off1,5_d4",77,1,0,0,0,1,1,1,0,0,1,1,1,1,1,0,1,1,1,0
"I2win_off1,5_d4",78,1,1,0,0,1,0,1,0,0,1,1,1,1,1,0,1,1,1,0
"I2win_off1,5_d4",79,1,1,1,0,1,0,1,0,0,1,1,1,1,1,0,1,1,1,0
"I2win_off1,5_d4",80,1,1,1,0,1,0,1,0,0,1,1,1,1,1,0,1,1,1,0
"I2win_off1,5_d4",81,1,1,1,0,1,0,1,0,0,1,1,1,1,1,0,1,1,1,0
"I2win_off1,5_d4",82,1,0,1,1,0,0,1,0,0,0,1,1,1,0,1,0,1,0,0
"I2win_off1,5_d4",83,0,0,0,0,1,1,0,1,0,0,0,0,0,0,0,0,0,1,0
"I2win_off1,5_d4",84,0,0,0,0,1,1,0,1,0,0,0,0,0,0,0,0,0,1,0
"I2win_off1,5_d4",85,0,0,0,0,1,1,0,1,0,0,0,0,0,0,0,0,0,1,0
"I2win_off1,5_d4",86,0,0,0,0,1,1,0,1,0,0,0,0,0,0,0,0,0,1,0
"I2win_off1,5_d4",87,0,0,0,0,1,1,0,1,0,0,0,0,0,0,0,0,0,1,0
"I2win_off1,5_d4",88,0,0,0,0,1,1,0,1,0,0,0,0,0,0,0,0,0,1,0
"I2win_off1,5_d4",89,0,1,0,0,1,0,0,1,0,0,0,0,0,0,0,0,0,1,0
"I2win_off1,5_d4",90,0,1,1,0,1,0,1,0,1,0,0,0,0,0,0,0,0,1,0
"I2win_off1,5_d4",91,0,1,1,0,1,0,1,0,1,0,0,0,0,0,0,0,0,1,0
"I2win_off1,5_d4",92,0,1,1,0,1,0,1,0,1,0,0,0,0,0,0,0,0,1,0
"I2win_off1,5_d4",93,0,0,1,1,0,0,1,0,1,1,0,0,0,0,0,0,0,1,0
"I2win_off1,5_d4",94,0,0,0,0,1,1,0,1,0,1,1,0,0,0,0,0,0,1,0
"I2win_off1,5_d4",95,0,0,0,0,1,1,0,1,0,1,1,0,0,0,0,0,0,1,0
"I2win_off1,5_d4",96,0,0,0,0,1,1,0,1,0,1,1,0,0,0,0,0,0,1,0
"I2win_off1,5_d4",97,0,0,0,0,1,1,0,1,0,1,1,0,0,0,0,0,0,1,0
"I2win_off1,5_d4",98,0,0,0,0,1,1,0,1,0,1,1,0,0,0,0,0,0,1,0
"I2win_off1,5_d4",99,0,0,0,0,1,1,0,1,0,1,1,0,0,0,0,0,0,1,0
"I2win_off1,5_d4",100,0,1,0,0,1,0,0,1,0,1,1,0,0,0,0,0,0,1,0
"I2win_off1,5_d4",101,0,1,1,0,1,0,1,0,0,1,1,0,0,0,0,0,0,1,0
"I2win_off1,5_d4",102,0,1,1,0,1,0,1,0,0,1,1,0,0,0,0,0,0,1,0
"I2win_off1,5_d4",103,0,1,1,0,1,0,1,0,0,1,1,0,0,0,0,0,0,1,0
"I2win_off1,5_d4",104,0,0,1,1,0,0,1,0,0,0,1,1,0,1,0,0,0,1,0
"I2win_off1,5_d4",105,0,0,0,0,1,1,0,1,0,0,0,1,1,1,0,0,0,1,0
"I2win_off1,5_d4",106,0,0,0,0,1,1,0,1,0,0,0,1,1,1,0,0,0,1,0
"I2win_off1,5_d4",107,0,0,0,0,1,1,0,1,0,0,0,1,1,1,0,0,0,1,0
"I2win_off1,5_d4",108,0,0,0,0,1,1,0,1,0,0,0,1,1,1,0,0,0,1,0
"I2win_off1,5_d4",109,0,0,0,0,1,1,0,1,0,0,0,1,1,1,0,0,0,1,0
"I2win_off1,5_d4",110,0,0,0,0,1,1,0,1,0,0,0,1,1,1,0,0,0,1,0
"I2win_off1,5_d4",111,0,1,0,0,1,0,0,1,0,0,0,1,1,1,0,0,0,1,0
"I2win_off1,5_d4",112,0,1,1,0,1,0,1,0,1,0,0,1,1,1,0,0,0,1,0
"I2win_off1,5_d4",113,0,1,1,0,1,0,1,0,1,0,0,1,1,1,0,0,0,1,0
"I2win_off1,5_d4",114,0,1,1,0,1,0,1,0,1,0,0,1,1,1,0,0,0,1,0
"I2win_off1,5_d4",115,0,0,1,1,0,0,1,0,1,1,0,1,1,1,0,0,0,1,0
"I2win_off1,5_d4",116,0,0,0,0,1,1,0,1,0,1,1,1,1,1,0,0,0,1,1
"I2win_off1,5_d4",117,0,0,0,0,1,1,0,1,0,1,1,1,1,1,0,0,0,1,1
"I2win_off1,5_d4",118,0,0,0,0,1,1,0,1,0,1,1,1,1,1,0,0,0,1,1
"I2win_off1,5_d4",119,0,0,0,0,1,1,0,1,0,1,1,1,1,1,0,0,0,1,1
"I2win_off1,5_d4",120,0,0,0,0,1,1,0,1,0,1,1,1,1,1,0,0,0,1,1
"I2win_off4,7_d3",0,0,0,0,0,1,1,0,1,0,0,0,0,0,0,0,0,0,1,0
"I2win_off4,7_d3",1,0,0,0,0,1,1,0,1,0,0,0,0,0,0,0,0,0,1,0
"I2win_off4,7_d3",2,0,0,0,0,1,1,0,1,0,0,0,0,0,0,0,0,0,1,0
"I2win_off4,7_d3",3,0,0,0,0,1,1,0,1,0,0,0,0,0,0,0,0,0,1,0
"I2win_off4,7_d3",4,0,1,0,0,1,0,0,1,0,0,0,0,0,0,0,0,0,1,0
"I2win_off4,7_d3",5,0,1,1,0,1,0,1,0,1,0,0,0,0,0,0,0,0,1,0
"I2win_off4,7_d3",6,0,1,1,0,1,0,1,0,1,0,0,0,0,0,0,0,0,1,0
"I2win_off4,7_d3",7,0,0,1,1,0,0,1,0,1,1,0,0,0,0,0,0,0,1,0
"I2win_off4,7_d3",8,0,0,0,0,1,1,0,1,0,1,1,0,0,0,0,0,0,1,0
"I2win_off4,7_d3",9,0,0,0,0,1,1,0,1,0,1,1,0,0,0,0,0,0,1,0
"I2win_off4,7_d3",10,0,0,0,0,1,1,0,1,0,1,1,0,0,0,0,0,0,1,0
"I2win_off4,7_d3",11,0,0,0,0,1,1,0,1,0,1,1,0,0,0,0,0,0,1,0
"I2win_off4,7_d3",12,0,0,0,0,1,1,0,1,0,1,1,0,0,0,0,0,0,1,0
"I2win_off4,7_d3",13,0,0,0,0,1,1,0,1,0,1,1,0,0,0,0,0,0,1,0
"I2win_off4,7_d3",14,0,0,0,0,1,1,0,1,0,1,1,0,0,0,0,0,0,1,0
"I2win_off4,7_d3",15,0,1,0,0,1,0,0,1,0,1,1,0,0,0,0,0,0,1,0
"I2win_off4,7_d3",16,0,1,1,0,1,0,1,0,0,1,1,0,0,0,0,0,0,1,0
"I2win_off4,7_d3",17,0,1,1,0,1,0,1,0,0,1,1,0,0,0,0,0,0,1,0
"I2win_off4,7_d3",18,0,0,1,1,0,0,1,0,0,0,1,1,0,1,0,0,0,1,0
"I2win_off4,7_d3",19,0,0,0,0,1,1,0,1,0,0,0,1,1,1,0,0,0,1,0
"I2win_off4,7_d3",20,0,0,0,0,1,1,0,1,0,0,0,1,1,1,0,0,0,1,0
"I2win_off4,7_d3",21,0,0,0,0,1,1,0,1,0,0,0,1,1,1,0,0,0,1,0
"I2win_off4,7_d3",22,0,0,0,0,1,1,0,1,0,0,0,1,1,1,0,0,0,1,0
"I2win_off4,7_d3",23,0,0,0,0,1,1,0,1,0,0,0,1,1,1,0,0,0,1,0
"I2win_off4,7_d3",24,0,0,0,0,1,1,0,1,0,0,0,1,1,1,0,0,0,1,0
"I2win_off4,7_d3",25,0,0,0,0,1,1,0,1,0,0,0,1,1,1,0,0,0,1,0
"I2win_off4,7_d3",26,0,1,0,0,1,0,0,1,0,0,0,1,1,1,0,0,0,1,0
"I2win_off4,7_d3",27,0,1,1,0,1,0,1,0,1,0,0,1,1,1,0,0,0,1,0
"I2win_off4,7_d3",28,0,1,1,0,1,0,1,0,1,0,0,1,1,1,0,0,0,1,0
"I2win_off4,7_d3",29,0,0,1,1,0,0,1,0,1,1,0,1,1,1,0,0,0,1,0
"I2win_off4,7_d3",30,0,0,0,0,1,1,0,1,0,1,1,1,1,1,0,0,0,1,0
"I2win_off4,7_d3",31,0,0,0,0,1,1,0,1,0,1,1,1,1,1,0,0,0,1,0
"I2win_off4,7_d3",32,0,0,0,0,1,1,0,1,0,1,1,1,1,1,0,0,0,1,0
"I2win_off4,7_d3",33,0,0,0,0,1,1,0,1,0,1,1,1,1,1,0,0,0,1,0
"I2win_off4,7_d3",34,0,0,0,0,1,1,0,1,0,1,1,1,1,1,0,0,0,1,0
"I2win_off4,7_d3",35,0,0,0,0,1,1,0,1,0,1,1,1,1,1,0,0,0,1,0
"I2win_off4,7_d3",36,0,0,0,0,1,1,0,1,0,1,1,1,1,1,0,0,0,1,0
"I2win_off4,7_d3",37,0,1,0,0,1,0,0,1,0,1,1,1,1,1,0,0,0,1,0
"I2win_off4,7_d3",38,0,1,1,0,1,0,1,0,0,1,1,1,1,1,0,0,0,1,0
"I2win_off4,7_d3",39,0,1,1,0,1,0,1,0,0,1,1,1,1,1,0,0,0,1,0
"I2win_off4,7_d3",40,0,0,1,1,0,0,1,0,0,0,1,1,1,0,1,1,0,1,0
"I2win_off4,7_d3",41,1,0,0,0,1,1,1,0,0,0,0,0,0,0,0,1,0,1,0
"I2win_off4,7_d3",42,1,0,0,0,1,1,1,0,0,0,0,0,0,0,0,1,0,1,0
"I2win_off4,7_d3",43,1,0,0,0,1,1,1,0,0,0,0,0,0,0,0,1,0,1,0
"I2win_off4,7_d3",44,1,0,0,0,1,1,1,0,0,0,0,0,0,0,0,1,0,1,0
"I2win_off4,7_d3",45,1,0,0,0,1,1,1,0,0,0,0,0,0,0,0,1,0,1,0
"I2win_off4,7_d3",46,1,0,0,0,1,1,1,0,0,0,0,0,0,0,0,1,0,1,0
"I2win_off4,7_d3",47,1,0,0,0,1,1,1,0,0,0,0,0,0,0,0,1,0,1,0
"I2win_off4,7_d3",48,1,1,0,0,1,0,1,0,0,0,0,0,0,0,0,1,0,1,0
"I2win_off4,7_d3",49,1,1,1,0,1,0,1,0,1,0,0,0,0,0,0,1,0,1,0
"I2win_off4,7_d3",50,1,1,1,0,1,0,1,0,1,0,0,0,0,0,0,1,0,1,0
"I2win_off4,7_d3",51,1,0,1,1,0,0,1,0,1,1,0,0,0,0,0,1,0,1,0
"I2win_off4,7_d3",52,1,0,0,0,1,1,1,0,0,1,1,0,0,0,0,1,0,1,0
"I2win_off4,7_d3",53,1,0,0,0,1,1,1,0,0,1,1,0,0,0,0,1,0,1,0
"I2win_off4,7_d3",54,1,0,0,0,1,1,1,0,0,1,1,0,0,0,0,1,0,1,0
"I2win_off4,7_d3",55,1,0,0,0,1,1,1,0,0,1,1,0,0,0,0,1,0,1,0
"I2win_off4,7_d3",56,1,0,0,0,1,1,1,0,0,1,1,0,0,0,0,1,0,1,0
"I2win_off4,7_d3",57,1,0,0,0,1,1,1,0,0,1,1,0,0,0,0,1,0,1,0
"I2win_off4,7_d3",58,1,0,0,0,1,1,1,0,0,1,1,0,0,0,0,1,0,1,0
"I2win_off4,7_d3",59,1,1,0,0,1,0,1,0,0,1,1,0,0,0,0,1,0,1,0
"I2win_off4,7_d3",60,1,1,1,0,1,0,1,0,0,1,1,0,0,0,0,1,0,1,0
"I2win_off4,7_d3",61,1,1,1,0,1,0,1,0,0,1,1,0,0,0,0,1,0,1,0
"I2win_off4,7_d3",62,1,0,1,1,0,0,1,0,0,0,1,1,0,1,0,1,0,1,0
"I2win_off4,7_d3",63,1,0,0,0,1,1,1,0,0,0,0,1,1,1,0,1,0,1,0
"I2win_off4,7_d3",64,1,0,0,0,1,1,1,0,0,0,0,1,1,1,0,1,0,1,0
"I2win_off4,7_d3",65,1,0,0,0,1,1,1,0,0,0,0,1,1,1,0,1,0,1,0
"I2win_off4,7_d3",66,1,0,0,0,1,1,1,0,0,0,0,1,1,1,0,1,0,1,0
"I2win_off4,7_d3",67,1,0,0,0,1,1,1,0,0,0,0,1,1,1,0,1,0,1,0
"I2win_off4,7_d3",68,1,0,0,0,1,1,1,0,0,0,0,1,1,1,0,1,0,1,0
"I2win_off4,7_d3",69,1,0,0,0,1,1,1,0,0,0,0,1,1,1,0,1,0,1,0
"I2win_off4,7_d3",70,1,1,0,0,1,0,1,0,0,0,0,1,1,1,0,1,0,1,0
"I2win_off4,7_d3",71,1,1,1,0,1,0,1,0,1,0,0,1,1,1,0,1,0,1,0
"I2win_off4,7_d3",72,1,1,1,0,1,0,1,0,1,0,0,1,1,1,0,1,0,1,0
"I2win_off4,7_d3",73,1,0,1,1,0,0,1,0,1,1,0,1,1,1,0,1,0,1,0
"I2win_off4,7_d3",74,1,0,0,0,1,1,1,0,0,1,1,1,1,1,0,1,1,1,0
"I2win_off4,7_d3",75,1,0,0,0,1,1,1,0,0,1,1,1,1,1,0,1,1,1,0
"I2win_off4,7_d3",76,1,0,0,0,1,1,1,0,0,1,1,1,1,1,0,1,1,1,0
"I2win_off4,7_d3",77,1,0,0,0,1,1,1,0,0,1,1,1,1,1,0,1,1,1,0
"I2win_off4,7_d3",78,1,0,0,0,1,1,1,0,0,1,1,1,1,1,0,1,1,1,0
"I2win_off4,7_d3",79,1,0,0,0,1,1,1,0,0,1,1,1,1,1,0,1,1,1,0
"I2win_off4,7_d3",80,1,0,0,0,1,1,1,0,0,1,1,1,1,1,0,1,1,1,0
"I2win_off4,7_d3",81,1,1,0,0,1,0,1,0,0,1,1,1,1,1,0,1,1,1,0
"I2win_off4,7_d3",82,1,1,1,0,1,0,1,0,0,1,1,1,1,1,0,1,1,1,0
"I2win_off4,7_d3",83,1,1,1,0,1,0,1,0,0,1,1,1,1,1,0,1,1,1,0
"I2win_off4,7_d3",84,1,0,1,1,0,0,1,0,0,0,1,1,1,0,1,0,1,0,0
"I2win_off4,7_d3",85,0,0,0,0,1,1,0,1,0,0,0,0,0,0,0,0,0,1,0
"I2win_off4,7_d3",86,0,0,0,0,1,1,0,1,0,0,0,0,0,0,0,0,0,1,0
"I2win_off4,7_d3",87,0,0,0,0,1,1,0,1,0,0,0,0,0,0,0,0,0,1,0
"I2win_off4,7_d3",88,0,0,0,0,1,1,0,1,0,0,0,0,0,0,0,0,0,1,0
"I2win_off4,7_d3",89,0,0,0,0,1,1,0,1,0,0,0,0,0,0,0,0,0,1,0
"I2win_off4,7_d3",90,0,0,0,0,1,1,0,1,0,0,0,0,0,0,0,0,0,1,0
"I2win_off4,7_d3",91,0,0,0,0,1,1,0,1,0,0,0,0,0,0,0,0,0,1,0
"I2win_off4,7_d3",92,0,1,0,0,1,0,0,1,0,0,0,0,0,0,0,0,0,1,0
"I2win_off4,7_d3",93,0,1,1,0,1,0,1,0,1,0,0,0,0,0,0,0,0,1,0
"I2win_off4,7_d3",94,0,1,1,0,1,0,1,0,1,0,0,0,0,0,0,0,0,1,0
"I2win_off4,7_d3",95,0,0,1,1,0,0,1,0,1,1,0,0,0,0,0,0,0,1,0
"I2win_off4,7_d3",96,0,0,0,0,1,1,0,1,0,1,1,0,0,0,0,0,0,1,0
"I2win_off4,7_d3",97,0,0,0,0,1,1,0,1,0,1,1,0,0,0,0,0,0,1,0
"I2win_off4,7_d3",98,0,0,0,0,1,1,0,1,0,1,1,0,0,0,0,0,0,1,0
"I2win_off4,7_d3",99,0,0,0,0,1,1,0,1,0,1,1,0,0,0,0,0,0,1,0
"I2win_off4,7_d3",100,0,0,0,0,1,1,0,1,0,1,1,0,0,0,0,0,0,1,0
"I2win_off4,7_d3",101,0,0,0,0,1,1,0,1,0,1,1,0,0,0,0,0,0,1,0
"I2win_off4,7_d3",102,0,0,0,0,1,1,0,1,0,1,1,0,0,0,0,0,0,1,0
"I2win_off4,7_d3",103,0,1,0,0,1,0,0,1,0,1,1,0,0,0,0,0,0,1,0
"I2win_off4,7_d3",104,0,1,1,0,1,0,1,0,0,1,1,0,0,0,0,0,0,1,0
"I2win_off4,7_d3",105,0,1,1,0,1,0,1,0,0,1,1,0,0,0,0,0,0,1,0
"I2win_off4,7_d3",106,0,0,1,1,0,0,1,0,0,0,1,1,0,1,0,0,0,1,0
"I2win_off4,7_d3",107,0,0,0,0,1,1,0,1,0,0,0,1,1,1,0,0,0,1,0
"I2win_off4,7_d3",108,0,0,0,0,1,1,0,1,0,0,0,1,1,1,0,0,0,1,0
"I2win_off4,7_d3",109,0,0,0,0,1,1,0,1,0,0,0,1,1,1,0,0,0,1,0
"I2win_off4,7_d3",110,0,0,0,0,1,1,0,1,0,0,0,1,1,1,0,0,0,1,0
"I2win_off4,7_d3",111,0,0,0,0,1,1,0,1,0,0,0,1,1,1,0,0,0,1,0
"I2win_off4,7_d3",112,0,0,0,0,1,1,0,1,0,0,0,1,1,1,0,0,0,1,0
"I2win_off4,7_d3",113,0,0,0,0,1,1,0,1,0,0,0,1,1,1,0,0,0,1,0
"I2win_off4,7_d3",114,0,1,0,0,1,0,0,1,0,0,0,1,1,1,0,0,0,1,0
"I2win_off4,7_d3",115,0,1,1,0,1,0,1,0,1,0,0,1,1,1,0,0,0,1,0
"I2win_off4,7_d3",116,0,1,1,0,1,0,1,0,1,0,0,1,1,1,0,0,0,1,0
"I2win_off4,7_d3",117,0,0,1,1,0,0,1,0,1,1,0,1,1,1,0,0,0,1,0
"I2win_off4,7_d3",118,0,0,0,0,1,1,0,1,0,1,1,1,1,1,0,0,0,1,1
"I2win_off4,7_d3",119,0,0,0,0,1,1,0,1,0,1,1,1,1,1,0,0,0,1,1
"I2win_off4,7_d3",120,0,0,0,0,1,1,0,1,0,1,1,1,1,1,0,0,0,1,1
"I2win_off0,10_d10",0,0,1,0,0,1,0,0,1,0,0,0,0,0,0,0,0,0,1,0
"I2win_off0,10_d10",1,0,1,1,0,1,0,1,0,1,0,0,0,0,0,0,0,0,1,0
"I2win_off0,10_d10",2,0,1,1,0,1,0,1,0,1,0,0,0,0,0,0,0,0,1,0
"I2win_off0,10_d10",3,0,1,1,0,1,0,1,0,1,0,0,0,0,0,0,0,0,1,0
"I2win_off0,10_d10",4,0,1,1,0,1,0,1,0,1,0,0,0,0,0,0,0,0,1,0
"I2win_off0,10_d10",5,0,1,1,0,1,0,1,0,1,0,0,0,0,0,0,0,0,1,0
"I2win_off0,10_d10",6,0,1,1,0,1,0,1,0,1,0,0,0,0,0,0,0,0,1,0
"I2win_off0,10_d10",7,0,1,1,0,1,0,1,0,1,0,0,0,0,0,0,0,0,1,0
"I2win_off0,10_d10",8,0,1,1,0,1,0,1,0,1,0,0,0,0,0,0,0,0,1,0
"I2win_off0,10_d10",9,0,1,1,0,1,0,1,0,1,0,0,0,0,0,0,0,0,1,0
"I2win_off0,10_d10",10,0,0,1,1,0,0,1,0,1,1,0,0,0,0,0,0,0,1,0
"I2win_off0,10_d10",11,0,1,0,0,1,0,0,1,0,1,1,0,0,0,0,0,0,1,0
"I2win_off0,10_d10",12,0,1,1,0,1,0,1,0,0,1,1,0,0,0,0,0,0,1,0
"I2win_off0,10_d10",13,0,1,1,0,1,0,1,0,0,1,1,0,0,0,0,0,0,1,0
"I2win_off0,10_d10",14,0,1,1,0,1,0,1,0,0,1,1,0,0,0,0,0,0,1,0
"I2win_off0,10_d10",15,0,1,1,0,1,0,1,0,0,1,1,0,0,0,0,0,0,1,0
"I2win_off0,10_d10",16,0,1,1,0,1,0,1,0,0,1,1,0,0,0,0,0,0,1,0
"I2win_off0,10_d10",17,0,1,1,0,1,0,1,0,0,1,1,0,0,0,0,0,0,1,0
"I2win_off0,10_d10",18,0,1,1,0,1,0,1,0,0,1,1,0,0,0,0,0,0,1,0
"I2win_off0,10_d10",19,0,1,1,0,1,0,1,0,0,1,1,0,0,0,0,0,0,1,0
"I2win_off0,10_d10",20,0,1,1,0,1,0,1,0,0,1,1,0,0,0,0,0,0,1,0
"I2win_off0,10_d10",21,0,0,1,1,0,0,1,0,0,0,1,1,0,1,0,0,0,1,0
"I2win_off0,10_d10",22,0,1,0,0,1,0,0,1,0,0,0,1,1,1,0,0,0,1,0
"I2win_off0,10_d10",23,0,1,1,0,1,0,1,0,1,0,0,1,1,1,0,0,0,1,0
"I2win_off0,10_d10",24,0,1,1,0,1,0,1,0,1,0,0,1,1,1,0,0,0,1,0
"I2win_off0,10_d10",25,0,1,1,0,1,0,1,0,1,0,0,1,1,1,0,0,0,1,0
"I2win_off0,10_d10",26,0,1,1,0,1,0,1,0,1,0,0,1,1,1,0,0,0,1,0
"I2win_off0,10_d10",27,0,1,1,0,1,0,1,0,1,0,0,1,1,1,0,0,0,1,0
"I2win_off0,10_d10",28,0,1,1,0,1,0,1,0,1,0,0,1,1,1,0,0,0,1,0
"I2win_off0,10_d10",29,0,1,1,0,1,0,1,0,1,0,0,1,1,1,0,0,0,1,0
"I2win_off0,10_d10",30,0,1,1,0,1,0,1,0,1,0,0,1,1,1,0,0,0,1,0
"I2win_off0,10_d10",31,0,1,1,0,1,0,1,0,1,0,0,1,1,1,0,0,0,1,0
"I2win_off0,10_d10",32,0,0,1,1,0,0,1,0,1,1,0,1,1,1,0,0,0,1,0
"I2win_off0,10_d10",33,0,1,0,0,1,0,0,1,0,1,1,1,1,1,0,0,0,1,0
"I2win_off0,10_d10",34,0,1,1,0,1,0,1,0,0,1,1,1,1,1,0,0,0,1,0
"I2win_off0,10_d10",35,0,1,1,0,1,0,1,0,0,1,1,1,1,1,0,0,0,1,0
"I2win_off0,10_d10",36,0,1,1,0,1,0,1,0,0,1,1,1,1,1,0,0,0,1,0
"I2win_off0,10_d10",37,0,1,1,0,1,0,1,0,0,1,1,1,1,1,0,0,0,1,0
"I2win_off0,10_d10",38,0,1,1,0,1,0,1,0,0,1,1,1,1,1,0,0,0,1,0
"I2win_off0,10_d10",39,0,1,1,0,1,0,1,0,0,1,1,1,1,1,0,0,0,1,0
"I2win_off0,10_d10",40,0,1,1,0,1,0,1,0,0,1,1,1,1,1,0,0,0,1,0
"I2win_off0,10_d10",41,0,1,1,0,1,0,1,0,0,1,1,1,1,1,0,0,0,1,0
"I2win_off0,10_d10",42,0,1,1,0,1,0,1,0,0,1,1,1,1,1,0,0,0,1,0
"I2win_off0,10_d10",43,0,0,1,1,0,0,1,0,0,0,1,1,1,0,1,1,0,1,0
"I2win_off0,10_d10",44,1,1,0,0,1,0,1,0,0,0,0,0,0,0,0,1,0,1,0
"I2win_off0,10_d10",45,1,1,1,0,1,0,1,0,1,0,0,0,0,0,0,1,0,1,0
"I2win_off0,10_d10",46,1,1,1,0,1,0,1,0,1,0,0,0,0,0,0,1,0,1,0
"I2win_off0,10_d10",47,1,1,1,0,1,0,1,0,1,0,0,0,0,0,0,1,0,1,0
"I2win_off0,10_d10",48,1,1,1,0,1,0,1,0,1,0,0,0,0,0,0,1,0,1,0
"I2win_off0,10_d10",49,1,1,1,0,1,0,1,0,1,0,0,0,0,0,0,1,0,1,0
"I2win_off0,10_d10",50,1,1,1,0,1,0,1,0,1,0,0,0,0,0,0,1,0,1,0
"I2win_off0,10_d10",51,1,1,1,0,1,0,1,0,1,0,0,0,0,0,0,1,0,1,0
"I2win_off0,10_d10",52,1,1,1,0,1,0,1,0,1,0,0,0,0,0,0,1,0,1,0
"I2win_off0,10_d10",53,1,1,1,0,1,0,1,0,1,0,0,0,0,0,0,1,0,1,0
"I2win_off0,10_d10",54,1,0,1,1,0,0,1,0,1,1,0,0,0,0,0,1,0,1,0
"I2win_off0,10_d10",55,1,1,0,0,1,0,1,0,0,1,1,0,0,0,0,1,0,1,0
"I2win_off0,10_d10",56,1,1,1,0,1,0,1,0,0,1,1,0,0,0,0,1,0,1,0
"I2win_off0,10_d10",57,1,1,1,0,1,0,1,0,0,1,1,0,0,0,0,1,0,1,0
"I2win_off0,10_d10",58,1,1,1,0,1,0,1,0,0,1,1,0,0,0,0,1,0,1,0
"I2win_off0,10_d10",59,1,1,1,0,1,0,1,0,0,1,1,0,0,0,0,1,0,1,0
"I2win_off0,10_d10",60,1,1,1,0,1,0,1,0,0,1,1,0,0,0,0,1,0,1,0
"I2win_off0,10_d10",61,1,1,1,0,1,0,1,0,0,1,1,0,0,0,0,1,0,1,0
"I2win_off0,10_d10",62,1,1,1,0,1,0,1,0,0,1,1,0,0,0,0,1,0,1,0
"I2win_off0,10_d10",63,1,1,1,0,1,0,1,0,0,1,1,0,0,0,0,1,0,1,0
"I2win_off0,10_d10",64,1,1,1,0,1,0,1,0,0,1,1,0,0,0,0,1,0,1,0
"I2win_off0,10_d10",65,1,0,1,1,0,0,1,0,0,0,1,1,0,1,0,1,0,1,0
"I2win_off0,10_d10",66,1,1,0,0,1,0,1,0,0,0,0,1,1,1,0,1,0,1,0
"I2win_off0,10_d10",67,1,1,1,0,1,0,1,0,1,0,0,1,1,1,0,1,0,1,0
"I2win_off0,10_d10",68,1,1,1,0,1,0,1,0,1,0,0,1,1,1,0,1,0,1,0
"I2win_off0,10_d10",69,1,1,1,0,1,0,1,0,1,0,0,1,1,1,0,1,0,1,0
"I2win_off0,10_d10",70,1,1,1,0,1,0,1,0,1,0,0,1,1,1,0,1,0,1,0
"I2win_off0,10_d10",71,1,1,1,0,1,0,1,0,1,0,0,1,1,1,0,1,0,1,0
"I2win_off0,10_d10",72,1,1,1,0,1,0,1,0,1,0,0,1,1,1,0,1,0,1,0
"I2win_off0,10_d10",73,1,1,1,0,1,0,1,0,1,0,0,1,1,1,0,1,0,1,0
"I2win_off0,10_d10",74,1,1,1,0,1,0,1,0,1,0,0,1,1,1,0,1,0,1,0
"I2win_off0,10_d10",75,1,1,1,0,1,0,1,0,1,0,0,1,1,1,0,1,0,1,0
"I2win_off0,10_d10",76,1,0,1,1,0,0,1,0,1,1,0,1,1,1,0,1,0,1,0
"I2win_off0,10_d10",77,1,1,0,0,1,0,1,0,0,1,1,1,1,1,0,1,1,1,0
"I2win_off0,10_d10",78,1,1,1,0,1,0,1,0,0,1,1,1,1,1,0,1,1,1,0
"I2win_off0,10_d10",79,1,1,1,0,1,0,1,0,0,1,1,1,1,1,0,1,1,1,0
"I2win_off0,10_d10",80,1,1,1,0,1,0,1,0,0,1,1,1,1,1,0,1,1,1,0
"I2win_off0,10_d10",81,1,1,1,0,1,0,1,0,0,1,1,1,1,1,0,1,1,1,0
"I2win_off0,10_d10",82,1,1,1,0,1,0,1,0,0,1,1,1,1,1,0,1,1,1,0
"I2win_off0,10_d10",83,1,1,1,0,1,0,1,0,0,1,1,1,1,1,0,1,1,1,0
"I2win_off0,10_d10",84,1,1,1,0,1,0,1,0,0,1,1,1,1,1,0,1,1,1,0
"I2win_off0,10_d10",85,1,1,1,0,1,0,1,0,0,1,1,1,1,1,0,1,1,1,0
"I2win_off0,10_d10",86,1,1,1,0,1,0,1,0,0,1,1,1,1,1,0,1,1,1,0
"I2win_off0,10_d10",87,1,0,1,1,0,0,1,0,0,0,1,1,1,0,1,0,1,0,0
"I2win_off0,10_d10",88,0,1,0,0,1,0,0,1,0,0,0,0,0,0,0,0,0,1,0
"I2win_off0,10_d10",89,0,1,1,0,1,0,1,0,1,0,0,0,0,0,0,0,0,1,0
"I2win_off0,10_d10",90,0,1,1,0,1,0,1,0,1,0,0,0,0,0,0,0,0,1,0
"I2win_off0,10_d10",91,0,1,1,0,1,0,1,0,1,0,0,0,0,0,0,0,0,1,0
"I2win_off0,10_d10",92,0,1,1,0,1,0,1,0,1,0,0,0,0,0,0,0,0,1,0
"I2win_off0,10_d10",93,0,1,1,0,1,0,1,0,1,0,0,0,0,0,0,0,0,1,0
"I2win_off0,10_d10",94,0,1,1,0,1,0,1,0,1,0,0,0,0,0,0,0,0,1,0
"I2win_off0,10_d10",95,0,1,1,0,1,0,1,0,1,0,0,0,0,0,0,0,0,1,0
"I2win_off0,10_d10",96,0,1,1,0,1,0,1,0,1,0,0,0,0,0,0,0,0,1,0
"I2win_off0,10_d10",97,0,1,1,0,1,0,1,0,1,0,0,0,0,0,0,0,0,1,0
"I2win_off0,10_d10",98,0,0,1,1,0,0,1,0,1,1,0,0,0,0,0,0,0,1,0
"I2win_off0,10_d10",99,0,1,0,0,1,0,0,1,0,1,1,0,0,0,0,0,0,1,0
"I2win_off0,10_d10",100,0,1,1,0,1,0,1,0,0,1,1,0,0,0,0,0,0,1,0
"I2win_off0,10_d10",101,0,1,1,0,1,0,1,0,0,1,1,0,0,0,0,0,0,1,0
"I2win_off0,10_d10",102,0,1,1,0,1,0,1,0,0,1,1,0,0,0,0,0,0,1,0
"I2win_off0,10_d10",103,0,1,1,0,1,0,1,0,0,1,1,0,0,0,0,0,0,1,0
"I2win_off0,10_d10",104,0,1,1,0,1,0,1,0,0,1,1,0,0,0,0,0,0,1,0
"I2win_off0,10_d10",105,0,1,1,0,1,0,1,0,0,1,1,0,0,0,0,0,0,1,0
"I2win_off0,10_d10",106,0,1,1,0,1,0,1,0,0,1,1,0,0,0,0,0,0,1,0
"I2win_off0,10_d10",107,0,1,1,0,1,0,1,0,0,1,1,0,0,0,0,0,0,1,0
"I2win_off0,10_d10",108,0,1,1,0,1,0,1,0,0,1,1,0,0,0,0,0,0,1,0
"I2win_off0,10_d10",109,0,0,1,1,0,0,1,0,0,0,1,1,0,1,0,0,0,1,0
"I2win_off0,10_d10",110,0,1,0,0,1,0,0,1,0,0,0,1,1,1,0,0,0,1,0
"I2win_off0,10_d10",111,0,1,1,0,1,0,1,0,1,0,0,1,1,1,0,0,0,1,0
"I2win_off0,10_d10",112,0,1,1,0,1,0,1,0,1,0,0,1,1,1,0,0,0,1,0
"I2win_off0,10_d10",113,0,1,1,0,1,0,1,0,1,0,0,1,1,1,0,0,0,1,0
"I2win_off0,10_d10",114,0,1,1,0,1,0,1,0,1,0,0,1,1,1,0,0,0,1,0
"I2win_off0,10_d10",115,0,1,1,0,1,0,1,0,1,0,0,1,1,1,0,0,0,1,0
"I2win_off0,10_d10",116,0,1,1,0,1,0,1,0,1,0,0,1,1,1,0,0,0,1,0
"I2win_off0,10_d10",117,0,1,1,0,1,0,1,0,1,0,0,1,1,1,0,0,0,1,0
"I2win_off0,10_d10",118,0,1,1,0,1,0,1,0,1,0,0,1,1,1,0,0,0,1,0
"I2win_off0,10_d10",119,0,1,1,0,1,0,1,0,1,0,0,1,1,1,0,0,0,1,0
"I2win_off0,10_d10",120,0,0,1,1,0,0,1,0,1,1,0,1,1,1,0,0,0,1,0
