mode,cyc,inv7_A,inv7_Y,inv9_A,inv9_Y,A1,A2,B1,o211a_X,a22o_X
all0,0,1,0,0,1,0,1,0,0,0
all0,1,1,0,0,1,0,1,0,0,0
all0,2,1,0,0,1,0,1,0,0,0
all0,3,1,0,0,1,0,1,0,0,0
all0,4,1,0,0,1,0,1,0,0,0
all0,5,1,0,0,1,0,1,0,0,0
all0,6,1,0,0,1,0,1,0,0,0
all0,7,1,0,0,1,0,1,0,0,0
all0,8,1,0,0,1,0,1,0,0,0
all0,9,1,0,0,1,0,1,0,0,0
all0,10,1,0,1,0,0,1,0,0,0
all0,11,1,0,0,1,0,1,0,0,0
all0,12,1,0,0,1,0,1,0,0,0
all0,13,1,0,0,1,0,1,0,0,0
all0,14,1,0,0,1,0,1,0,0,0
all0,15,1,0,0,1,0,1,0,0,0
all0,16,1,0,0,1,0,1,0,0,0
all0,17,1,0,0,1,0,1,0,0,0
all0,18,1,0,0,1,0,1,0,0,0
all0,19,1,0,0,1,0,1,0,0,0
all0,20,1,0,0,1,0,1,0,0,0
all0,21,1,0,1,0,0,1,0,0,0
all0,22,1,0,0,1,0,1,0,0,0
all0,23,1,0,0,1,0,1,0,0,0
all0,24,1,0,0,1,0,1,0,0,0
all0,25,1,0,0,1,0,1,0,0,0
all0,26,1,0,0,1,0,1,0,0,0
all0,27,1,0,0,1,0,1,0,0,0
all0,28,1,0,0,1,0,1,0,0,0
all0,29,1,0,0,1,0,1,0,0,0
all0,30,1,0,0,1,0,1,0,0,0
all0,31,1,0,0,1,0,1,0,0,0
all0,32,1,0,1,0,0,1,0,0,0
all0,33,1,0,0,1,0,1,0,0,0
all0,34,1,0,0,1,0,1,0,0,0
all0,35,1,0,0,1,0,1,0,0,0
all0,36,1,0,0,1,0,1,0,0,0
all0,37,1,0,0,1,0,1,0,0,0
all0,38,1,0,0,1,0,1,0,0,0
all0,39,1,0,0,1,0,1,0,0,0
all0,40,1,0,0,1,0,1,0,0,0
all0,41,1,0,0,1,0,1,0,0,0
all0,42,1,0,0,1,0,1,0,0,0
all0,43,1,0,1,0,0,1,0,0,0
all0,44,1,0,0,1,0,1,0,0,0
all0,45,1,0,0,1,0,1,0,0,0
all0,46,1,0,0,1,0,1,0,0,0
all0,47,1,0,0,1,0,1,0,0,0
all0,48,1,0,0,1,0,1,0,0,0
all0,49,1,0,0,1,0,1,0,0,0
all0,50,1,0,0,1,0,1,0,0,0
all0,51,1,0,0,1,0,1,0,0,0
all0,52,1,0,0,1,0,1,0,0,0
all0,53,1,0,0,1,0,1,0,0,0
all0,54,1,0,1,0,0,1,0,0,0
all0,55,1,0,0,1,0,1,0,0,0
all0,56,1,0,0,1,0,1,0,0,0
all0,57,1,0,0,1,0,1,0,0,0
all0,58,1,0,0,1,0,1,0,0,0
all0,59,1,0,0,1,0,1,0,0,0
all0,60,1,0,0,1,0,1,0,0,0
all0,61,1,0,0,1,0,1,0,0,0
all0,62,1,0,0,1,0,1,0,0,0
all0,63,1,0,0,1,0,1,0,0,0
all0,64,1,0,0,1,0,1,0,0,0
all0,65,1,0,1,0,0,1,0,0,0
all0,66,1,0,0,1,0,1,0,0,0
all0,67,1,0,0,1,0,1,0,0,0
all0,68,1,0,0,1,0,1,0,0,0
all0,69,1,0,0,1,0,1,0,0,0
all0,70,1,0,0,1,0,1,0,0,0
all0,71,1,0,0,1,0,1,0,0,0
all0,72,1,0,0,1,0,1,0,0,0
all0,73,1,0,0,1,0,1,0,0,0
all0,74,1,0,0,1,0,1,0,0,0
all0,75,1,0,0,1,0,1,0,0,0
all0,76,1,0,1,0,0,1,0,0,0
all0,77,1,0,0,1,0,1,0,0,0
all0,78,1,0,0,1,0,1,0,0,0
all0,79,1,0,0,1,0,1,0,0,0
all0,80,1,0,0,1,0,1,0,0,0
all0,81,1,0,0,1,0,1,0,0,0
all0,82,1,0,0,1,0,1,0,0,0
all0,83,1,0,0,1,0,1,0,0,0
all0,84,1,0,0,1,0,1,0,0,0
all0,85,1,0,0,1,0,1,0,0,0
all0,86,1,0,0,1,0,1,0,0,0
all0,87,1,0,1,0,0,1,0,0,0
all0,88,1,0,0,1,0,1,0,0,0
all0,89,1,0,0,1,0,1,0,0,0
all0,90,1,0,0,1,0,1,0,0,0
all0,91,1,0,0,1,0,1,0,0,0
all0,92,1,0,0,1,0,1,0,0,0
all0,93,1,0,0,1,0,1,0,0,0
all0,94,1,0,0,1,0,1,0,0,0
all0,95,1,0,0,1,0,1,0,0,0
all0,96,1,0,0,1,0,1,0,0,0
all0,97,1,0,0,1,0,1,0,0,0
all0,98,1,0,1,0,0,1,0,0,0
all0,99,1,0,0,1,0,1,0,0,0
all0,100,1,0,0,1,0,1,0,0,0
all0,101,1,0,0,1,0,1,0,0,0
all0,102,1,0,0,1,0,1,0,0,0
all0,103,1,0,0,1,0,1,0,0,0
all0,104,1,0,0,1,0,1,0,0,0
all0,105,1,0,0,1,0,1,0,0,0
all0,106,1,0,0,1,0,1,0,0,0
all0,107,1,0,0,1,0,1,0,0,0
all0,108,1,0,0,1,0,1,0,0,0
all0,109,1,0,1,0,0,1,0,0,0
all0,110,1,0,0,1,0,1,0,0,0
all0,111,1,0,0,1,0,1,0,0,0
all0,112,1,0,0,1,0,1,0,0,0
all0,113,1,0,0,1,0,1,0,0,0
all0,114,1,0,0,1,0,1,0,0,0
all0,115,1,0,0,1,0,1,0,0,0
all0,116,1,0,0,1,0,1,0,0,0
all0,117,1,0,0,1,0,1,0,0,0
all0,118,1,0,0,1,0,1,0,0,0
all0,119,1,0,0,1,0,1,0,0,0
all0,120,1,0,1,0,0,1,0,0,0
"I2eq_d01_@1,2",0,1,0,0,1,0,1,0,0,0
"I2eq_d01_@1,2",1,1,0,0,1,0,1,0,0,0
"I2eq_d01_@1,2",2,1,0,0,1,0,1,0,0,0
"I2eq_d01_@1,2",3,1,0,0,1,0,1,0,0,0
"I2eq_d01_@1,2",4,1,0,0,1,0,1,0,0,0
"I2eq_d01_@1,2",5,1,0,0,1,0,1,0,0,0
"I2eq_d01_@1,2",6,1,0,0,1,0,1,0,0,0
"I2eq_d01_@1,2",7,1,0,0,1,0,1,0,0,0
"I2eq_d01_@1,2",8,1,0,0,1,0,1,0,0,0
"I2eq_d01_@1,2",9,1,0,0,1,0,1,0,0,0
"I2eq_d01_@1,2",10,1,0,1,0,0,1,0,0,0
"I2eq_d01_@1,2",11,1,0,0,1,0,1,0,0,0
"I2eq_d01_@1,2",12,1,0,0,1,0,1,0,0,0
"I2eq_d01_@1,2",13,1,0,0,1,0,1,0,0,0
"I2eq_d01_@1,2",14,1,0,0,1,0,1,0,0,0
"I2eq_d01_@1,2",15,1,0,0,1,0,1,0,0,0
"I2eq_d01_@1,2",16,1,0,0,1,0,1,0,0,0
"I2eq_d01_@1,2",17,1,0,0,1,0,1,0,0,0
"I2eq_d01_@1,2",18,1,0,0,1,0,1,0,0,0
"I2eq_d01_@1,2",19,1,0,0,1,0,1,0,0,0
"I2eq_d01_@1,2",20,1,0,0,1,0,1,0,0,0
"I2eq_d01_@1,2",21,1,0,1,0,0,1,0,0,0
"I2eq_d01_@1,2",22,1,0,0,1,0,1,0,0,0
"I2eq_d01_@1,2",23,1,0,0,1,0,1,0,0,0
"I2eq_d01_@1,2",24,1,0,0,1,0,1,0,0,0
"I2eq_d01_@1,2",25,1,0,0,1,0,1,0,0,0
"I2eq_d01_@1,2",26,1,0,0,1,0,1,0,0,0
"I2eq_d01_@1,2",27,1,0,0,1,0,1,0,0,0
"I2eq_d01_@1,2",28,1,0,0,1,0,1,0,0,0
"I2eq_d01_@1,2",29,1,0,0,1,0,1,0,0,0
"I2eq_d01_@1,2",30,1,0,0,1,0,1,0,0,0
"I2eq_d01_@1,2",31,1,0,0,1,0,1,0,0,0
"I2eq_d01_@1,2",32,1,0,1,0,0,1,0,0,0
"I2eq_d01_@1,2",33,1,0,0,1,0,1,0,0,0
"I2eq_d01_@1,2",34,1,0,0,1,0,1,0,0,0
"I2eq_d01_@1,2",35,1,0,0,1,0,1,0,0,0
"I2eq_d01_@1,2",36,1,0,0,1,0,1,0,0,0
"I2eq_d01_@1,2",37,1,0,0,1,0,1,0,0,0
"I2eq_d01_@1,2",38,1,0,0,1,0,1,0,0,0
"I2eq_d01_@1,2",39,1,0,0,1,0,1,0,0,0
"I2eq_d01_@1,2",40,1,0,0,1,0,1,0,0,0
"I2eq_d01_@1,2",41,1,0,0,1,0,1,0,0,0
"I2eq_d01_@1,2",42,1,0,0,1,0,1,0,0,0
"I2eq_d01_@1,2",43,1,0,1,0,0,1,0,0,0
"I2eq_d01_@1,2",44,1,0,0,1,0,1,0,0,0
"I2eq_d01_@1,2",45,1,0,0,1,0,1,0,0,0
"I2eq_d01_@1,2",46,1,0,0,1,0,1,0,0,0
"I2eq_d01_@1,2",47,1,0,0,1,0,1,0,0,0
"I2eq_d01_@1,2",48,1,0,0,1,0,1,0,0,0
"I2eq_d01_@1,2",49,1,0,0,1,0,1,0,0,0
"I2eq_d01_@1,2",50,1,0,0,1,0,1,0,0,0
"I2eq_d01_@1,2",51,1,0,0,1,0,1,0,0,0
"I2eq_d01_@1,2",52,1,0,0,1,0,1,0,0,0
"I2eq_d01_@1,2",53,1,0,0,1,0,1,0,0,0
"I2eq_d01_@1,2",54,1,0,1,0,0,1,0,0,0
"I2eq_d01_@1,2",55,1,0,0,1,0,1,0,0,0
"I2eq_d01_@1,2",56,1,0,0,1,0,1,0,0,0
"I2eq_d01_@1,2",57,1,0,0,1,0,1,0,0,0
"I2eq_d01_@1,2",58,1,0,0,1,0,1,0,0,0
"I2eq_d01_@1,2",59,1,0,0,1,0,1,0,0,0
"I2eq_d01_@1,2",60,1,0,0,1,0,1,0,0,0
"I2eq_d01_@1,2",61,1,0,0,1,0,1,0,0,0
"I2eq_d01_@1,2",62,1,0,0,1,0,1,0,0,0
"I2eq_d01_@1,2",63,1,0,0,1,0,1,0,0,0
"I2eq_d01_@1,2",64,1,0,0,1,0,1,0,0,0
"I2eq_d01_@1,2",65,1,0,1,0,0,1,0,0,0
"I2eq_d01_@1,2",66,1,0,0,1,0,1,0,0,0
"I2eq_d01_@1,2",67,1,0,0,1,0,1,0,0,0
"I2eq_d01_@1,2",68,1,0,0,1,0,1,0,0,0
"I2eq_d01_@1,2",69,1,0,0,1,0,1,0,0,0
"I2eq_d01_@1,2",70,1,0,0,1,0,1,0,0,0
"I2eq_d01_@1,2",71,1,0,0,1,0,1,0,0,0
"I2eq_d01_@1,2",72,1,0,0,1,0,1,0,0,0
"I2eq_d01_@1,2",73,1,0,0,1,0,1,0,0,0
"I2eq_d01_@1,2",74,1,0,0,1,0,1,0,0,0
"I2eq_d01_@1,2",75,1,0,0,1,0,1,0,0,0
"I2eq_d01_@1,2",76,1,0,1,0,0,1,0,0,0
"I2eq_d01_@1,2",77,1,0,0,1,0,1,0,0,0
"I2eq_d01_@1,2",78,1,0,0,1,0,1,0,0,0
"I2eq_d01_@1,2",79,1,0,0,1,0,1,0,0,0
"I2eq_d01_@1,2",80,1,0,0,1,0,1,0,0,0
"I2eq_d01_@1,2",81,1,0,0,1,0,1,0,0,0
"I2eq_d01_@1,2",82,1,0,0,1,0,1,0,0,0
"I2eq_d01_@1,2",83,1,0,0,1,0,1,0,0,0
"I2eq_d01_@1,2",84,1,0,0,1,0,1,0,0,0
"I2eq_d01_@1,2",85,1,0,0,1,0,1,0,0,0
"I2eq_d01_@1,2",86,1,0,0,1,0,1,0,0,0
"I2eq_d01_@1,2",87,1,0,1,0,0,1,0,0,0
"I2eq_d01_@1,2",88,1,0,0,1,0,1,0,0,0
"I2eq_d01_@1,2",89,1,0,0,1,0,1,0,0,0
"I2eq_d01_@1,2",90,1,0,0,1,0,1,0,0,0
"I2eq_d01_@1,2",91,1,0,0,1,0,1,0,0,0
"I2eq_d01_@1,2",92,1,0,0,1,0,1,0,0,0
"I2eq_d01_@1,2",93,1,0,0,1,0,1,0,0,0
"I2eq_d01_@1,2",94,1,0,0,1,0,1,0,0,0
"I2eq_d01_@1,2",95,1,0,0,1,0,1,0,0,0
"I2eq_d01_@1,2",96,1,0,0,1,0,1,0,0,0
"I2eq_d01_@1,2",97,1,0,0,1,0,1,0,0,0
"I2eq_d01_@1,2",98,1,0,1,0,0,1,0,0,0
"I2eq_d01_@1,2",99,1,0,0,1,0,1,0,0,0
"I2eq_d01_@1,2",100,1,0,0,1,0,1,0,0,0
"I2eq_d01_@1,2",101,1,0,0,1,0,1,0,0,0
"I2eq_d01_@1,2",102,1,0,0,1,0,1,0,0,0
"I2eq_d01_@1,2",103,1,0,0,1,0,1,0,0,0
"I2eq_d01_@1,2",104,1,0,0,1,0,1,0,0,0
"I2eq_d01_@1,2",105,1,0,0,1,0,1,0,0,0
"I2eq_d01_@1,2",106,1,0,0,1,0,1,0,0,0
"I2eq_d01_@1,2",107,1,0,0,1,0,1,0,0,0
"I2eq_d01_@1,2",108,1,0,0,1,0,1,0,0,0
"I2eq_d01_@1,2",109,1,0,1,0,0,1,0,0,0
"I2eq_d01_@1,2",110,1,0,0,1,0,1,0,0,0
"I2eq_d01_@1,2",111,1,0,0,1,0,1,0,0,0
"I2eq_d01_@1,2",112,1,0,0,1,0,1,0,0,0
"I2eq_d01_@1,2",113,1,0,0,1,0,1,0,0,0
"I2eq_d01_@1,2",114,1,0,0,1,0,1,0,0,0
"I2eq_d01_@1,2",115,1,0,0,1,0,1,0,0,0
"I2eq_d01_@1,2",116,1,0,0,1,0,1,0,0,0
"I2eq_d01_@1,2",117,1,0,0,1,0,1,0,0,0
"I2eq_d01_@1,2",118,1,0,0,1,0,1,1,1,1
"I2eq_d01_@1,2",119,1,0,0,1,0,0,1,0,0
"I2eq_d01_@1,2",120,1,0,1,0,1,1,0,0,0
"I2eq_d02_@1,3",0,1,0,0,1,0,1,0,0,0
"I2eq_d02_@1,3",1,1,0,0,1,0,1,0,0,0
"I2eq_d02_@1,3",2,1,0,0,1,0,1,0,0,0
"I2eq_d02_@1,3",3,1,0,0,1,0,1,0,0,0
"I2eq_d02_@1,3",4,1,0,0,1,0,1,0,0,0
"I2eq_d02_@1,3",5,1,0,0,1,0,1,0,0,0
"I2eq_d02_@1,3",6,1,0,0,1,0,1,0,0,0
"I2eq_d02_@1,3",7,1,0,0,1,0,1,0,0,0
"I2eq_d02_@1,3",8,1,0,0,1,0,1,0,0,0
"I2eq_d02_@1,3",9,1,0,0,1,0,1,0,0,0
"I2eq_d02_@1,3",10,1,0,1,0,0,1,0,0,0
"I2eq_d02_@1,3",11,1,0,0,1,0,1,0,0,0
"I2eq_d02_@1,3",12,1,0,0,1,0,1,0,0,0
"I2eq_d02_@1,3",13,1,0,0,1,0,1,0,0,0
"I2eq_d02_@1,3",14,1,0,0,1,0,1,0,0,0
"I2eq_d02_@1,3",15,1,0,0,1,0,1,0,0,0
"I2eq_d02_@1,3",16,1,0,0,1,0,1,0,0,0
"I2eq_d02_@1,3",17,1,0,0,1,0,1,0,0,0
"I2eq_d02_@1,3",18,1,0,0,1,0,1,0,0,0
"I2eq_d02_@1,3",19,1,0,0,1,0,1,0,0,0
"I2eq_d02_@1,3",20,1,0,0,1,0,1,0,0,0
"I2eq_d02_@1,3",21,1,0,1,0,0,1,0,0,0
"I2eq_d02_@1,3",22,1,0,0,1,0,1,0,0,0
"I2eq_d02_@1,3",23,1,0,0,1,0,1,0,0,0
"I2eq_d02_@1,3",24,1,0,0,1,0,1,0,0,0
"I2eq_d02_@1,3",25,1,0,0,1,0,1,0,0,0
"I2eq_d02_@1,3",26,1,0,0,1,0,1,0,0,0
"I2eq_d02_@1,3",27,1,0,0,1,0,1,0,0,0
"I2eq_d02_@1,3",28,1,0,0,1,0,1,0,0,0
"I2eq_d02_@1,3",29,1,0,0,1,0,1,0,0,0
"I2eq_d02_@1,3",30,1,0,0,1,0,1,0,0,0
"I2eq_d02_@1,3",31,1,0,0,1,0,1,0,0,0
"I2eq_d02_@1,3",32,1,0,1,0,0,1,0,0,0
"I2eq_d02_@1,3",33,1,0,0,1,0,1,0,0,0
"I2eq_d02_@1,3",34,1,0,0,1,0,1,0,0,0
"I2eq_d02_@1,3",35,1,0,0,1,0,1,0,0,0
"I2eq_d02_@1,3",36,1,0,0,1,0,1,0,0,0
"I2eq_d02_@1,3",37,1,0,0,1,0,1,0,0,0
"I2eq_d02_@1,3",38,1,0,0,1,0,1,0,0,0
"I2eq_d02_@1,3",39,1,0,0,1,0,1,0,0,0
"I2eq_d02_@1,3",40,1,0,0,1,0,1,0,0,0
"I2eq_d02_@1,3",41,1,0,0,1,0,1,0,0,0
"I2eq_d02_@1,3",42,1,0,0,1,0,1,0,0,0
"I2eq_d02_@1,3",43,1,0,1,0,0,1,0,0,0
"I2eq_d02_@1,3",44,1,0,0,1,0,1,0,0,0
"I2eq_d02_@1,3",45,1,0,0,1,0,1,0,0,0
"I2eq_d02_@1,3",46,1,0,0,1,0,1,0,0,0
"I2eq_d02_@1,3",47,1,0,0,1,0,1,0,0,0
"I2eq_d02_@1,3",48,1,0,0,1,0,1,0,0,0
"I2eq_d02_@1,3",49,1,0,0,1,0,1,0,0,0
"I2eq_d02_@1,3",50,1,0,0,1,0,1,0,0,0
"I2eq_d02_@1,3",51,1,0,0,1,0,1,0,0,0
"I2eq_d02_@1,3",52,1,0,0,1,0,1,0,0,0
"I2eq_d02_@1,3",53,1,0,0,1,0,1,0,0,0
"I2eq_d02_@1,3",54,1,0,1,0,0,1,0,0,0
"I2eq_d02_@1,3",55,1,0,0,1,0,1,0,0,0
"I2eq_d02_@1,3",56,1,0,0,1,0,1,0,0,0
"I2eq_d02_@1,3",57,1,0,0,1,0,1,0,0,0
"I2eq_d02_@1,3",58,1,0,0,1,0,1,0,0,0
"I2eq_d02_@1,3",59,1,0,0,1,0,1,0,0,0
"I2eq_d02_@1,3",60,1,0,0,1,0,1,0,0,0
"I2eq_d02_@1,3",61,1,0,0,1,0,1,0,0,0
"I2eq_d02_@1,3",62,1,0,0,1,0,1,0,0,0
"I2eq_d02_@1,3",63,1,0,0,1,0,1,0,0,0
"I2eq_d02_@1,3",64,1,0,0,1,0,1,0,0,0
"I2eq_d02_@1,3",65,1,0,1,0,0,1,0,0,0
"I2eq_d02_@1,3",66,1,0,0,1,0,1,0,0,0
"I2eq_d02_@1,3",67,1,0,0,1,0,1,0,0,0
"I2eq_d02_@1,3",68,1,0,0,1,0,1,0,0,0
"I2eq_d02_@1,3",69,1,0,0,1,0,1,0,0,0
"I2eq_d02_@1,3",70,1,0,0,1,0,1,0,0,0
"I2eq_d02_@1,3",71,1,0,0,1,0,1,0,0,0
"I2eq_d02_@1,3",72,1,0,0,1,0,1,0,0,0
"I2eq_d02_@1,3",73,1,0,0,1,0,1,0,0,0
"I2eq_d02_@1,3",74,1,0,0,1,0,1,0,0,0
"I2eq_d02_@1,3",75,1,0,0,1,0,1,0,0,0
"I2eq_d02_@1,3",76,1,0,1,0,0,1,0,0,0
"I2eq_d02_@1,3",77,1,0,0,1,0,1,0,0,0
"I2eq_d02_@1,3",78,1,0,0,1,0,1,0,0,0
"I2eq_d02_@1,3",79,1,0,0,1,0,1,0,0,0
"I2eq_d02_@1,3",80,1,0,0,1,0,1,0,0,0
"I2eq_d02_@1,3",81,1,0,0,1,0,1,0,0,0
"I2eq_d02_@1,3",82,1,0,0,1,0,1,0,0,0
"I2eq_d02_@1,3",83,1,0,0,1,0,1,0,0,0
"I2eq_d02_@1,3",84,1,0,0,1,0,1,0,0,0
"I2eq_d02_@1,3",85,1,0,0,1,0,1,0,0,0
"I2eq_d02_@1,3",86,1,0,0,1,0,1,0,0,0
"I2eq_d02_@1,3",87,1,0,1,0,0,1,0,0,0
"I2eq_d02_@1,3",88,1,0,0,1,0,1,0,0,0
"I2eq_d02_@1,3",89,1,0,0,1,0,1,0,0,0
"I2eq_d02_@1,3",90,1,0,0,1,0,1,0,0,0
"I2eq_d02_@1,3",91,1,0,0,1,0,1,0,0,0
"I2eq_d02_@1,3",92,1,0,0,1,0,1,0,0,0
"I2eq_d02_@1,3",93,1,0,0,1,0,1,0,0,0
"I2eq_d02_@1,3",94,1,0,0,1,0,1,0,0,0
"I2eq_d02_@1,3",95,1,0,0,1,0,1,0,0,0
"I2eq_d02_@1,3",96,1,0,0,1,0,1,0,0,0
"I2eq_d02_@1,3",97,1,0,0,1,0,1,0,0,0
"I2eq_d02_@1,3",98,1,0,1,0,0,1,0,0,0
"I2eq_d02_@1,3",99,1,0,0,1,0,1,0,0,0
"I2eq_d02_@1,3",100,1,0,0,1,0,1,0,0,0
"I2eq_d02_@1,3",101,1,0,0,1,0,1,0,0,0
"I2eq_d02_@1,3",102,1,0,0,1,0,1,0,0,0
"I2eq_d02_@1,3",103,1,0,0,1,0,1,0,0,0
"I2eq_d02_@1,3",104,1,0,0,1,0,1,0,0,0
"I2eq_d02_@1,3",105,1,0,0,1,0,1,0,0,0
"I2eq_d02_@1,3",106,1,0,0,1,0,1,0,0,0
"I2eq_d02_@1,3",107,1,0,0,1,0,1,0,0,0
"I2eq_d02_@1,3",108,1,0,0,1,0,1,0,0,0
"I2eq_d02_@1,3",109,1,0,1,0,0,1,0,0,0
"I2eq_d02_@1,3",110,1,0,0,1,0,1,0,0,0
"I2eq_d02_@1,3",111,1,0,0,1,0,1,0,0,0
"I2eq_d02_@1,3",112,1,0,0,1,0,1,0,0,0
"I2eq_d02_@1,3",113,1,0,0,1,0,1,0,0,0
"I2eq_d02_@1,3",114,1,0,0,1,0,1,0,0,0
"I2eq_d02_@1,3",115,1,0,0,1,0,1,0,0,0
"I2eq_d02_@1,3",116,1,0,0,1,0,1,0,0,0
"I2eq_d02_@1,3",117,1,0,0,1,0,1,1,1,1
"I2eq_d02_@1,3",118,1,0,0,1,0,1,1,1,1
"I2eq_d02_@1,3",119,1,0,0,1,0,0,1,0,0
"I2eq_d02_@1,3",120,1,0,1,0,1,1,0,0,0
"I2eq_d03_@1,4",0,1,0,0,1,0,1,0,0,0
"I2eq_d03_@1,4",1,1,0,0,1,0,1,0,0,0
"I2eq_d03_@1,4",2,1,0,0,1,0,1,0,0,0
"I2eq_d03_@1,4",3,1,0,0,1,0,1,0,0,0
"I2eq_d03_@1,4",4,1,0,0,1,0,1,0,0,0
"I2eq_d03_@1,4",5,1,0,0,1,0,1,0,0,0
"I2eq_d03_@1,4",6,1,0,0,1,0,1,0,0,0
"I2eq_d03_@1,4",7,1,0,0,1,0,1,0,0,0
"I2eq_d03_@1,4",8,1,0,0,1,0,1,0,0,0
"I2eq_d03_@1,4",9,1,0,0,1,0,1,0,0,0
"I2eq_d03_@1,4",10,1,0,1,0,0,1,0,0,0
"I2eq_d03_@1,4",11,1,0,0,1,0,1,0,0,0
"I2eq_d03_@1,4",12,1,0,0,1,0,1,0,0,0
"I2eq_d03_@1,4",13,1,0,0,1,0,1,0,0,0
"I2eq_d03_@1,4",14,1,0,0,1,0,1,0,0,0
"I2eq_d03_@1,4",15,1,0,0,1,0,1,0,0,0
"I2eq_d03_@1,4",16,1,0,0,1,0,1,0,0,0
"I2eq_d03_@1,4",17,1,0,0,1,0,1,0,0,0
"I2eq_d03_@1,4",18,1,0,0,1,0,1,0,0,0
"I2eq_d03_@1,4",19,1,0,0,1,0,1,0,0,0
"I2eq_d03_@1,4",20,1,0,0,1,0,1,0,0,0
"I2eq_d03_@1,4",21,1,0,1,0,0,1,0,0,0
"I2eq_d03_@1,4",22,1,0,0,1,0,1,0,0,0
"I2eq_d03_@1,4",23,1,0,0,1,0,1,0,0,0
"I2eq_d03_@1,4",24,1,0,0,1,0,1,0,0,0
"I2eq_d03_@1,4",25,1,0,0,1,0,1,0,0,0
"I2eq_d03_@1,4",26,1,0,0,1,0,1,0,0,0
"I2eq_d03_@1,4",27,1,0,0,1,0,1,0,0,0
"I2eq_d03_@1,4",28,1,0,0,1,0,1,0,0,0
"I2eq_d03_@1,4",29,1,0,0,1,0,1,0,0,0
"I2eq_d03_@1,4",30,1,0,0,1,0,1,0,0,0
"I2eq_d03_@1,4",31,1,0,0,1,0,1,0,0,0
"I2eq_d03_@1,4",32,1,0,1,0,0,1,0,0,0
"I2eq_d03_@1,4",33,1,0,0,1,0,1,0,0,0
"I2eq_d03_@1,4",34,1,0,0,1,0,1,0,0,0
"I2eq_d03_@1,4",35,1,0,0,1,0,1,0,0,0
"I2eq_d03_@1,4",36,1,0,0,1,0,1,0,0,0
"I2eq_d03_@1,4",37,1,0,0,1,0,1,0,0,0
"I2eq_d03_@1,4",38,1,0,0,1,0,1,0,0,0
"I2eq_d03_@1,4",39,1,0,0,1,0,1,0,0,0
"I2eq_d03_@1,4",40,1,0,0,1,0,1,0,0,0
"I2eq_d03_@1,4",41,1,0,0,1,0,1,0,0,0
"I2eq_d03_@1,4",42,1,0,0,1,0,1,0,0,0
"I2eq_d03_@1,4",43,1,0,1,0,0,1,0,0,0
"I2eq_d03_@1,4",44,1,0,0,1,0,1,0,0,0
"I2eq_d03_@1,4",45,1,0,0,1,0,1,0,0,0
"I2eq_d03_@1,4",46,1,0,0,1,0,1,0,0,0
"I2eq_d03_@1,4",47,1,0,0,1,0,1,0,0,0
"I2eq_d03_@1,4",48,1,0,0,1,0,1,0,0,0
"I2eq_d03_@1,4",49,1,0,0,1,0,1,0,0,0
"I2eq_d03_@1,4",50,1,0,0,1,0,1,0,0,0
"I2eq_d03_@1,4",51,1,0,0,1,0,1,0,0,0
"I2eq_d03_@1,4",52,1,0,0,1,0,1,0,0,0
"I2eq_d03_@1,4",53,1,0,0,1,0,1,0,0,0
"I2eq_d03_@1,4",54,1,0,1,0,0,1,0,0,0
"I2eq_d03_@1,4",55,1,0,0,1,0,1,0,0,0
"I2eq_d03_@1,4",56,1,0,0,1,0,1,0,0,0
"I2eq_d03_@1,4",57,1,0,0,1,0,1,0,0,0
"I2eq_d03_@1,4",58,1,0,0,1,0,1,0,0,0
"I2eq_d03_@1,4",59,1,0,0,1,0,1,0,0,0
"I2eq_d03_@1,4",60,1,0,0,1,0,1,0,0,0
"I2eq_d03_@1,4",61,1,0,0,1,0,1,0,0,0
"I2eq_d03_@1,4",62,1,0,0,1,0,1,0,0,0
"I2eq_d03_@1,4",63,1,0,0,1,0,1,0,0,0
"I2eq_d03_@1,4",64,1,0,0,1,0,1,0,0,0
"I2eq_d03_@1,4",65,1,0,1,0,0,1,0,0,0
"I2eq_d03_@1,4",66,1,0,0,1,0,1,0,0,0
"I2eq_d03_@1,4",67,1,0,0,1,0,1,0,0,0
"I2eq_d03_@1,4",68,1,0,0,1,0,1,0,0,0
"I2eq_d03_@1,4",69,1,0,0,1,0,1,0,0,0
"I2eq_d03_@1,4",70,1,0,0,1,0,1,0,0,0
"I2eq_d03_@1,4",71,1,0,0,1,0,1,0,0,0
"I2eq_d03_@1,4",72,1,0,0,1,0,1,0,0,0
"I2eq_d03_@1,4",73,1,0,0,1,0,1,0,0,0
"I2eq_d03_@1,4",74,1,0,0,1,0,1,0,0,0
"I2eq_d03_@1,4",75,1,0,0,1,0,1,0,0,0
"I2eq_d03_@1,4",76,1,0,1,0,0,1,0,0,0
"I2eq_d03_@1,4",77,1,0,0,1,0,1,0,0,0
"I2eq_d03_@1,4",78,1,0,0,1,0,1,0,0,0
"I2eq_d03_@1,4",79,1,0,0,1,0,1,0,0,0
"I2eq_d03_@1,4",80,1,0,0,1,0,1,0,0,0
"I2eq_d03_@1,4",81,1,0,0,1,0,1,0,0,0
"I2eq_d03_@1,4",82,1,0,0,1,0,1,0,0,0
"I2eq_d03_@1,4",83,1,0,0,1,0,1,0,0,0
"I2eq_d03_@1,4",84,1,0,0,1,0,1,0,0,0
"I2eq_d03_@1,4",85,1,0,0,1,0,1,0,0,0
"I2eq_d03_@1,4",86,1,0,0,1,0,1,0,0,0
"I2eq_d03_@1,4",87,1,0,1,0,0,1,0,0,0
"I2eq_d03_@1,4",88,1,0,0,1,0,1,0,0,0
"I2eq_d03_@1,4",89,1,0,0,1,0,1,0,0,0
"I2eq_d03_@1,4",90,1,0,0,1,0,1,0,0,0
"I2eq_d03_@1,4",91,1,0,0,1,0,1,0,0,0
"I2eq_d03_@1,4",92,1,0,0,1,0,1,0,0,0
"I2eq_d03_@1,4",93,1,0,0,1,0,1,0,0,0
"I2eq_d03_@1,4",94,1,0,0,1,0,1,0,0,0
"I2eq_d03_@1,4",95,1,0,0,1,0,1,0,0,0
"I2eq_d03_@1,4",96,1,0,0,1,0,1,0,0,0
"I2eq_d03_@1,4",97,1,0,0,1,0,1,0,0,0
"I2eq_d03_@1,4",98,1,0,1,0,0,1,0,0,0
"I2eq_d03_@1,4",99,1,0,0,1,0,1,0,0,0
"I2eq_d03_@1,4",100,1,0,0,1,0,1,0,0,0
"I2eq_d03_@1,4",101,1,0,0,1,0,1,0,0,0
"I2eq_d03_@1,4",102,1,0,0,1,0,1,0,0,0
"I2eq_d03_@1,4",103,1,0,0,1,0,1,0,0,0
"I2eq_d03_@1,4",104,1,0,0,1,0,1,0,0,0
"I2eq_d03_@1,4",105,1,0,0,1,0,1,0,0,0
"I2eq_d03_@1,4",106,1,0,0,1,0,1,0,0,0
"I2eq_d03_@1,4",107,1,0,0,1,0,1,0,0,0
"I2eq_d03_@1,4",108,1,0,0,1,0,1,0,0,0
"I2eq_d03_@1,4",109,1,0,1,0,0,1,0,0,0
"I2eq_d03_@1,4",110,1,0,0,1,0,1,0,0,0
"I2eq_d03_@1,4",111,1,0,0,1,0,1,0,0,0
"I2eq_d03_@1,4",112,1,0,0,1,0,1,0,0,0
"I2eq_d03_@1,4",113,1,0,0,1,0,1,0,0,0
"I2eq_d03_@1,4",114,1,0,0,1,0,1,0,0,0
"I2eq_d03_@1,4",115,1,0,0,1,0,1,0,0,0
"I2eq_d03_@1,4",116,1,0,0,1,0,1,1,1,1
"I2eq_d03_@1,4",117,1,0,0,1,0,1,1,1,1
"I2eq_d03_@1,4",118,1,0,0,1,0,1,1,1,1
"I2eq_d03_@1,4",119,1,0,0,1,0,0,1,0,0
"I2eq_d03_@1,4",120,1,0,1,0,1,1,0,0,0
"I2eq_d04_@1,5",0,1,0,0,1,0,1,0,0,0
"I2eq_d04_@1,5",1,1,0,0,1,0,1,0,0,0
"I2eq_d04_@1,5",2,1,0,0,1,0,1,0,0,0
"I2eq_d04_@1,5",3,1,0,0,1,0,1,0,0,0
"I2eq_d04_@1,5",4,1,0,0,1,0,1,0,0,0
"I2eq_d04_@1,5",5,1,0,0,1,0,1,0,0,0
"I2eq_d04_@1,5",6,1,0,0,1,0,1,0,0,0
"I2eq_d04_@1,5",7,1,0,0,1,0,1,0,0,0
"I2eq_d04_@1,5",8,1,0,0,1,0,1,0,0,0
"I2eq_d04_@1,5",9,1,0,0,1,0,1,0,0,0
"I2eq_d04_@1,5",10,1,0,1,0,0,1,0,0,0
"I2eq_d04_@1,5",11,1,0,0,1,0,1,0,0,0
"I2eq_d04_@1,5",12,1,0,0,1,0,1,0,0,0
"I2eq_d04_@1,5",13,1,0,0,1,0,1,0,0,0
"I2eq_d04_@1,5",14,1,0,0,1,0,1,0,0,0
"I2eq_d04_@1,5",15,1,0,0,1,0,1,0,0,0
"I2eq_d04_@1,5",16,1,0,0,1,0,1,0,0,0
"I2eq_d04_@1,5",17,1,0,0,1,0,1,0,0,0
"I2eq_d04_@1,5",18,1,0,0,1,0,1,0,0,0
"I2eq_d04_@1,5",19,1,0,0,1,0,1,0,0,0
"I2eq_d04_@1,5",20,1,0,0,1,0,1,0,0,0
"I2eq_d04_@1,5",21,1,0,1,0,0,1,0,0,0
"I2eq_d04_@1,5",22,1,0,0,1,0,1,0,0,0
"I2eq_d04_@1,5",23,1,0,0,1,0,1,0,0,0
"I2eq_d04_@1,5",24,1,0,0,1,0,1,0,0,0
"I2eq_d04_@1,5",25,1,0,0,1,0,1,0,0,0
"I2eq_d04_@1,5",26,1,0,0,1,0,1,0,0,0
"I2eq_d04_@1,5",27,1,0,0,1,0,1,0,0,0
"I2eq_d04_@1,5",28,1,0,0,1,0,1,0,0,0
"I2eq_d04_@1,5",29,1,0,0,1,0,1,0,0,0
"I2eq_d04_@1,5",30,1,0,0,1,0,1,0,0,0
"I2eq_d04_@1,5",31,1,0,0,1,0,1,0,0,0
"I2eq_d04_@1,5",32,1,0,1,0,0,1,0,0,0
"I2eq_d04_@1,5",33,1,0,0,1,0,1,0,0,0
"I2eq_d04_@1,5",34,1,0,0,1,0,1,0,0,0
"I2eq_d04_@1,5",35,1,0,0,1,0,1,0,0,0
"I2eq_d04_@1,5",36,1,0,0,1,0,1,0,0,0
"I2eq_d04_@1,5",37,1,0,0,1,0,1,0,0,0
"I2eq_d04_@1,5",38,1,0,0,1,0,1,0,0,0
"I2eq_d04_@1,5",39,1,0,0,1,0,1,0,0,0
"I2eq_d04_@1,5",40,1,0,0,1,0,1,0,0,0
"I2eq_d04_@1,5",41,1,0,0,1,0,1,0,0,0
"I2eq_d04_@1,5",42,1,0,0,1,0,1,0,0,0
"I2eq_d04_@1,5",43,1,0,1,0,0,1,0,0,0
"I2eq_d04_@1,5",44,1,0,0,1,0,1,0,0,0
"I2eq_d04_@1,5",45,1,0,0,1,0,1,0,0,0
"I2eq_d04_@1,5",46,1,0,0,1,0,1,0,0,0
"I2eq_d04_@1,5",47,1,0,0,1,0,1,0,0,0
"I2eq_d04_@1,5",48,1,0,0,1,0,1,0,0,0
"I2eq_d04_@1,5",49,1,0,0,1,0,1,0,0,0
"I2eq_d04_@1,5",50,1,0,0,1,0,1,0,0,0
"I2eq_d04_@1,5",51,1,0,0,1,0,1,0,0,0
"I2eq_d04_@1,5",52,1,0,0,1,0,1,0,0,0
"I2eq_d04_@1,5",53,1,0,0,1,0,1,0,0,0
"I2eq_d04_@1,5",54,1,0,1,0,0,1,0,0,0
"I2eq_d04_@1,5",55,1,0,0,1,0,1,0,0,0
"I2eq_d04_@1,5",56,1,0,0,1,0,1,0,0,0
"I2eq_d04_@1,5",57,1,0,0,1,0,1,0,0,0
"I2eq_d04_@1,5",58,1,0,0,1,0,1,0,0,0
"I2eq_d04_@1,5",59,1,0,0,1,0,1,0,0,0
"I2eq_d04_@1,5",60,1,0,0,1,0,1,0,0,0
"I2eq_d04_@1,5",61,1,0,0,1,0,1,0,0,0
"I2eq_d04_@1,5",62,1,0,0,1,0,1,0,0,0
"I2eq_d04_@1,5",63,1,0,0,1,0,1,0,0,0
"I2eq_d04_@1,5",64,1,0,0,1,0,1,0,0,0
"I2eq_d04_@1,5",65,1,0,1,0,0,1,0,0,0
"I2eq_d04_@1,5",66,1,0,0,1,0,1,0,0,0
"I2eq_d04_@1,5",67,1,0,0,1,0,1,0,0,0
"I2eq_d04_@1,5",68,1,0,0,1,0,1,0,0,0
"I2eq_d04_@1,5",69,1,0,0,1,0,1,0,0,0
"I2eq_d04_@1,5",70,1,0,0,1,0,1,0,0,0
"I2eq_d04_@1,5",71,1,0,0,1,0,1,0,0,0
"I2eq_d04_@1,5",72,1,0,0,1,0,1,0,0,0
"I2eq_d04_@1,5",73,1,0,0,1,0,1,0,0,0
"I2eq_d04_@1,5",74,1,0,0,1,0,1,0,0,0
"I2eq_d04_@1,5",75,1,0,0,1,0,1,0,0,0
"I2eq_d04_@1,5",76,1,0,1,0,0,1,0,0,0
"I2eq_d04_@1,5",77,1,0,0,1,0,1,0,0,0
"I2eq_d04_@1,5",78,1,0,0,1,0,1,0,0,0
"I2eq_d04_@1,5",79,1,0,0,1,0,1,0,0,0
"I2eq_d04_@1,5",80,1,0,0,1,0,1,0,0,0
"I2eq_d04_@1,5",81,1,0,0,1,0,1,0,0,0
"I2eq_d04_@1,5",82,1,0,0,1,0,1,0,0,0
"I2eq_d04_@1,5",83,1,0,0,1,0,1,0,0,0
"I2eq_d04_@1,5",84,1,0,0,1,0,1,0,0,0
"I2eq_d04_@1,5",85,1,0,0,1,0,1,0,0,0
"I2eq_d04_@1,5",86,1,0,0,1,0,1,0,0,0
"I2eq_d04_@1,5",87,1,0,1,0,0,1,0,0,0
"I2eq_d04_@1,5",88,1,0,0,1,0,1,0,0,0
"I2eq_d04_@1,5",89,1,0,0,1,0,1,0,0,0
"I2eq_d04_@1,5",90,1,0,0,1,0,1,0,0,0
"I2eq_d04_@1,5",91,1,0,0,1,0,1,0,0,0
"I2eq_d04_@1,5",92,1,0,0,1,0,1,0,0,0
"I2eq_d04_@1,5",93,1,0,0,1,0,1,0,0,0
"I2eq_d04_@1,5",94,1,0,0,1,0,1,0,0,0
"I2eq_d04_@1,5",95,1,0,0,1,0,1,0,0,0
"I2eq_d04_@1,5",96,1,0,0,1,0,1,0,0,0
"I2eq_d04_@1,5",97,1,0,0,1,0,1,0,0,0
"I2eq_d04_@1,5",98,1,0,1,0,0,1,0,0,0
"I2eq_d04_@1,5",99,1,0,0,1,0,1,0,0,0
"I2eq_d04_@1,5",100,1,0,0,1,0,1,0,0,0
"I2eq_d04_@1,5",101,1,0,0,1,0,1,0,0,0
"I2eq_d04_@1,5",102,1,0,0,1,0,1,0,0,0
"I2eq_d04_@1,5",103,1,0,0,1,0,1,0,0,0
"I2eq_d04_@1,5",104,1,0,0,1,0,1,0,0,0
"I2eq_d04_@1,5",105,1,0,0,1,0,1,0,0,0
"I2eq_d04_@1,5",106,1,0,0,1,0,1,0,0,0
"I2eq_d04_@1,5",107,1,0,0,1,0,1,0,0,0
"I2eq_d04_@1,5",108,1,0,0,1,0,1,0,0,0
"I2eq_d04_@1,5",109,1,0,1,0,0,1,0,0,0
"I2eq_d04_@1,5",110,1,0,0,1,0,1,0,0,0
"I2eq_d04_@1,5",111,1,0,0,1,0,1,0,0,0
"I2eq_d04_@1,5",112,1,0,0,1,0,1,0,0,0
"I2eq_d04_@1,5",113,1,0,0,1,0,1,0,0,0
"I2eq_d04_@1,5",114,1,0,0,1,0,1,0,0,0
"I2eq_d04_@1,5",115,1,0,0,1,0,1,1,1,1
"I2eq_d04_@1,5",116,1,0,0,1,0,1,1,1,1
"I2eq_d04_@1,5",117,1,0,0,1,0,1,1,1,1
"I2eq_d04_@1,5",118,1,0,0,1,0,1,1,1,1
"I2eq_d04_@1,5",119,1,0,0,1,0,0,1,0,0
"I2eq_d04_@1,5",120,1,0,1,0,1,1,0,0,0
"I2eq_d05_@1,6",0,1,0,0,1,0,1,0,0,0
"I2eq_d05_@1,6",1,1,0,0,1,0,1,0,0,0
"I2eq_d05_@1,6",2,1,0,0,1,0,1,0,0,0
"I2eq_d05_@1,6",3,1,0,0,1,0,1,0,0,0
"I2eq_d05_@1,6",4,1,0,0,1,0,1,0,0,0
"I2eq_d05_@1,6",5,1,0,0,1,0,1,0,0,0
"I2eq_d05_@1,6",6,1,0,0,1,0,1,0,0,0
"I2eq_d05_@1,6",7,1,0,0,1,0,1,0,0,0
"I2eq_d05_@1,6",8,1,0,0,1,0,1,0,0,0
"I2eq_d05_@1,6",9,1,0,0,1,0,1,0,0,0
"I2eq_d05_@1,6",10,1,0,1,0,0,1,0,0,0
"I2eq_d05_@1,6",11,1,0,0,1,0,1,0,0,0
"I2eq_d05_@1,6",12,1,0,0,1,0,1,0,0,0
"I2eq_d05_@1,6",13,1,0,0,1,0,1,0,0,0
"I2eq_d05_@1,6",14,1,0,0,1,0,1,0,0,0
"I2eq_d05_@1,6",15,1,0,0,1,0,1,0,0,0
"I2eq_d05_@1,6",16,1,0,0,1,0,1,0,0,0
"I2eq_d05_@1,6",17,1,0,0,1,0,1,0,0,0
"I2eq_d05_@1,6",18,1,0,0,1,0,1,0,0,0
"I2eq_d05_@1,6",19,1,0,0,1,0,1,0,0,0
"I2eq_d05_@1,6",20,1,0,0,1,0,1,0,0,0
"I2eq_d05_@1,6",21,1,0,1,0,0,1,0,0,0
"I2eq_d05_@1,6",22,1,0,0,1,0,1,0,0,0
"I2eq_d05_@1,6",23,1,0,0,1,0,1,0,0,0
"I2eq_d05_@1,6",24,1,0,0,1,0,1,0,0,0
"I2eq_d05_@1,6",25,1,0,0,1,0,1,0,0,0
"I2eq_d05_@1,6",26,1,0,0,1,0,1,0,0,0
"I2eq_d05_@1,6",27,1,0,0,1,0,1,0,0,0
"I2eq_d05_@1,6",28,1,0,0,1,0,1,0,0,0
"I2eq_d05_@1,6",29,1,0,0,1,0,1,0,0,0
"I2eq_d05_@1,6",30,1,0,0,1,0,1,0,0,0
"I2eq_d05_@1,6",31,1,0,0,1,0,1,0,0,0
"I2eq_d05_@1,6",32,1,0,1,0,0,1,0,0,0
"I2eq_d05_@1,6",33,1,0,0,1,0,1,0,0,0
"I2eq_d05_@1,6",34,1,0,0,1,0,1,0,0,0
"I2eq_d05_@1,6",35,1,0,0,1,0,1,0,0,0
"I2eq_d05_@1,6",36,1,0,0,1,0,1,0,0,0
"I2eq_d05_@1,6",37,1,0,0,1,0,1,0,0,0
"I2eq_d05_@1,6",38,1,0,0,1,0,1,0,0,0
"I2eq_d05_@1,6",39,1,0,0,1,0,1,0,0,0
"I2eq_d05_@1,6",40,1,0,0,1,0,1,0,0,0
"I2eq_d05_@1,6",41,1,0,0,1,0,1,0,0,0
"I2eq_d05_@1,6",42,1,0,0,1,0,1,0,0,0
"I2eq_d05_@1,6",43,1,0,1,0,0,1,0,0,0
"I2eq_d05_@1,6",44,1,0,0,1,0,1,0,0,0
"I2eq_d05_@1,6",45,1,0,0,1,0,1,0,0,0
"I2eq_d05_@1,6",46,1,0,0,1,0,1,0,0,0
"I2eq_d05_@1,6",47,1,0,0,1,0,1,0,0,0
"I2eq_d05_@1,6",48,1,0,0,1,0,1,0,0,0
"I2eq_d05_@1,6",49,1,0,0,1,0,1,0,0,0
"I2eq_d05_@1,6",50,1,0,0,1,0,1,0,0,0
"I2eq_d05_@1,6",51,1,0,0,1,0,1,0,0,0
"I2eq_d05_@1,6",52,1,0,0,1,0,1,0,0,0
"I2eq_d05_@1,6",53,1,0,0,1,0,1,0,0,0
"I2eq_d05_@1,6",54,1,0,1,0,0,1,0,0,0
"I2eq_d05_@1,6",55,1,0,0,1,0,1,0,0,0
"I2eq_d05_@1,6",56,1,0,0,1,0,1,0,0,0
"I2eq_d05_@1,6",57,1,0,0,1,0,1,0,0,0
"I2eq_d05_@1,6",58,1,0,0,1,0,1,0,0,0
"I2eq_d05_@1,6",59,1,0,0,1,0,1,0,0,0
"I2eq_d05_@1,6",60,1,0,0,1,0,1,0,0,0
"I2eq_d05_@1,6",61,1,0,0,1,0,1,0,0,0
"I2eq_d05_@1,6",62,1,0,0,1,0,1,0,0,0
"I2eq_d05_@1,6",63,1,0,0,1,0,1,0,0,0
"I2eq_d05_@1,6",64,1,0,0,1,0,1,0,0,0
"I2eq_d05_@1,6",65,1,0,1,0,0,1,0,0,0
"I2eq_d05_@1,6",66,1,0,0,1,0,1,0,0,0
"I2eq_d05_@1,6",67,1,0,0,1,0,1,0,0,0
"I2eq_d05_@1,6",68,1,0,0,1,0,1,0,0,0
"I2eq_d05_@1,6",69,1,0,0,1,0,1,0,0,0
"I2eq_d05_@1,6",70,1,0,0,1,0,1,0,0,0
"I2eq_d05_@1,6",71,1,0,0,1,0,1,0,0,0
"I2eq_d05_@1,6",72,1,0,0,1,0,1,0,0,0
"I2eq_d05_@1,6",73,1,0,0,1,0,1,0,0,0
"I2eq_d05_@1,6",74,1,0,0,1,0,1,0,0,0
"I2eq_d05_@1,6",75,1,0,0,1,0,1,0,0,0
"I2eq_d05_@1,6",76,1,0,1,0,0,1,0,0,0
"I2eq_d05_@1,6",77,1,0,0,1,0,1,0,0,0
"I2eq_d05_@1,6",78,1,0,0,1,0,1,0,0,0
"I2eq_d05_@1,6",79,1,0,0,1,0,1,0,0,0
"I2eq_d05_@1,6",80,1,0,0,1,0,1,0,0,0
"I2eq_d05_@1,6",81,1,0,0,1,0,1,0,0,0
"I2eq_d05_@1,6",82,1,0,0,1,0,1,0,0,0
"I2eq_d05_@1,6",83,1,0,0,1,0,1,0,0,0
"I2eq_d05_@1,6",84,1,0,0,1,0,1,0,0,0
"I2eq_d05_@1,6",85,1,0,0,1,0,1,0,0,0
"I2eq_d05_@1,6",86,1,0,0,1,0,1,0,0,0
"I2eq_d05_@1,6",87,1,0,1,0,0,1,0,0,0
"I2eq_d05_@1,6",88,1,0,0,1,0,1,0,0,0
"I2eq_d05_@1,6",89,1,0,0,1,0,1,0,0,0
"I2eq_d05_@1,6",90,1,0,0,1,0,1,0,0,0
"I2eq_d05_@1,6",91,1,0,0,1,0,1,0,0,0
"I2eq_d05_@1,6",92,1,0,0,1,0,1,0,0,0
"I2eq_d05_@1,6",93,1,0,0,1,0,1,0,0,0
"I2eq_d05_@1,6",94,1,0,0,1,0,1,0,0,0
"I2eq_d05_@1,6",95,1,0,0,1,0,1,0,0,0
"I2eq_d05_@1,6",96,1,0,0,1,0,1,0,0,0
"I2eq_d05_@1,6",97,1,0,0,1,0,1,0,0,0
"I2eq_d05_@1,6",98,1,0,1,0,0,1,0,0,0
"I2eq_d05_@1,6",99,1,0,0,1,0,1,0,0,0
"I2eq_d05_@1,6",100,1,0,0,1,0,1,0,0,0
"I2eq_d05_@1,6",101,1,0,0,1,0,1,0,0,0
"I2eq_d05_@1,6",102,1,0,0,1,0,1,0,0,0
"I2eq_d05_@1,6",103,1,0,0,1,0,1,0,0,0
"I2eq_d05_@1,6",104,1,0,0,1,0,1,0,0,0
"I2eq_d05_@1,6",105,1,0,0,1,0,1,0,0,0
"I2eq_d05_@1,6",106,1,0,0,1,0,1,0,0,0
"I2eq_d05_@1,6",107,1,0,0,1,0,1,0,0,0
"I2eq_d05_@1,6",108,1,0,0,1,0,1,0,0,0
"I2eq_d05_@1,6",109,1,0,1,0,0,1,0,0,0
"I2eq_d05_@1,6",110,1,0,0,1,0,1,0,0,0
"I2eq_d05_@1,6",111,1,0,0,1,0,1,0,0,0
"I2eq_d05_@1,6",112,1,0,0,1,0,1,0,0,0
"I2eq_d05_@1,6",113,1,0,0,1,0,1,0,0,0
"I2eq_d05_@1,6",114,1,0,0,1,0,1,1,1,1
"I2eq_d05_@1,6",115,1,0,0,1,0,1,1,1,1
"I2eq_d05_@1,6",116,1,0,0,1,0,1,1,1,1
"I2eq_d05_@1,6",117,1,0,0,1,0,1,1,1,1
"I2eq_d05_@1,6",118,1,0,0,1,0,1,1,1,1
"I2eq_d05_@1,6",119,1,0,0,1,0,0,1,0,0
"I2eq_d05_@1,6",120,1,0,1,0,1,1,0,0,0
"I2eq_d06_@1,7",0,1,0,0,1,0,1,0,0,0
"I2eq_d06_@1,7",1,1,0,0,1,0,1,0,0,0
"I2eq_d06_@1,7",2,1,0,0,1,0,1,0,0,0
"I2eq_d06_@1,7",3,1,0,0,1,0,1,0,0,0
"I2eq_d06_@1,7",4,1,0,0,1,0,1,0,0,0
"I2eq_d06_@1,7",5,1,0,0,1,0,1,0,0,0
"I2eq_d06_@1,7",6,1,0,0,1,0,1,0,0,0
"I2eq_d06_@1,7",7,1,0,0,1,0,1,0,0,0
"I2eq_d06_@1,7",8,1,0,0,1,0,1,0,0,0
"I2eq_d06_@1,7",9,1,0,0,1,0,1,0,0,0
"I2eq_d06_@1,7",10,1,0,1,0,0,1,0,0,0
"I2eq_d06_@1,7",11,1,0,0,1,0,1,0,0,0
"I2eq_d06_@1,7",12,1,0,0,1,0,1,0,0,0
"I2eq_d06_@1,7",13,1,0,0,1,0,1,0,0,0
"I2eq_d06_@1,7",14,1,0,0,1,0,1,0,0,0
"I2eq_d06_@1,7",15,1,0,0,1,0,1,0,0,0
"I2eq_d06_@1,7",16,1,0,0,1,0,1,0,0,0
"I2eq_d06_@1,7",17,1,0,0,1,0,1,0,0,0
"I2eq_d06_@1,7",18,1,0,0,1,0,1,0,0,0
"I2eq_d06_@1,7",19,1,0,0,1,0,1,0,0,0
"I2eq_d06_@1,7",20,1,0,0,1,0,1,0,0,0
"I2eq_d06_@1,7",21,1,0,1,0,0,1,0,0,0
"I2eq_d06_@1,7",22,1,0,0,1,0,1,0,0,0
"I2eq_d06_@1,7",23,1,0,0,1,0,1,0,0,0
"I2eq_d06_@1,7",24,1,0,0,1,0,1,0,0,0
"I2eq_d06_@1,7",25,1,0,0,1,0,1,0,0,0
"I2eq_d06_@1,7",26,1,0,0,1,0,1,0,0,0
"I2eq_d06_@1,7",27,1,0,0,1,0,1,0,0,0
"I2eq_d06_@1,7",28,1,0,0,1,0,1,0,0,0
"I2eq_d06_@1,7",29,1,0,0,1,0,1,0,0,0
"I2eq_d06_@1,7",30,1,0,0,1,0,1,0,0,0
"I2eq_d06_@1,7",31,1,0,0,1,0,1,0,0,0
"I2eq_d06_@1,7",32,1,0,1,0,0,1,0,0,0
"I2eq_d06_@1,7",33,1,0,0,1,0,1,0,0,0
"I2eq_d06_@1,7",34,1,0,0,1,0,1,0,0,0
"I2eq_d06_@1,7",35,1,0,0,1,0,1,0,0,0
"I2eq_d06_@1,7",36,1,0,0,1,0,1,0,0,0
"I2eq_d06_@1,7",37,1,0,0,1,0,1,0,0,0
"I2eq_d06_@1,7",38,1,0,0,1,0,1,0,0,0
"I2eq_d06_@1,7",39,1,0,0,1,0,1,0,0,0
"I2eq_d06_@1,7",40,1,0,0,1,0,1,0,0,0
"I2eq_d06_@1,7",41,1,0,0,1,0,1,0,0,0
"I2eq_d06_@1,7",42,1,0,0,1,0,1,0,0,0
"I2eq_d06_@1,7",43,1,0,1,0,0,1,0,0,0
"I2eq_d06_@1,7",44,1,0,0,1,0,1,0,0,0
"I2eq_d06_@1,7",45,1,0,0,1,0,1,0,0,0
"I2eq_d06_@1,7",46,1,0,0,1,0,1,0,0,0
"I2eq_d06_@1,7",47,1,0,0,1,0,1,0,0,0
"I2eq_d06_@1,7",48,1,0,0,1,0,1,0,0,0
"I2eq_d06_@1,7",49,1,0,0,1,0,1,0,0,0
"I2eq_d06_@1,7",50,1,0,0,1,0,1,0,0,0
"I2eq_d06_@1,7",51,1,0,0,1,0,1,0,0,0
"I2eq_d06_@1,7",52,1,0,0,1,0,1,0,0,0
"I2eq_d06_@1,7",53,1,0,0,1,0,1,0,0,0
"I2eq_d06_@1,7",54,1,0,1,0,0,1,0,0,0
"I2eq_d06_@1,7",55,1,0,0,1,0,1,0,0,0
"I2eq_d06_@1,7",56,1,0,0,1,0,1,0,0,0
"I2eq_d06_@1,7",57,1,0,0,1,0,1,0,0,0
"I2eq_d06_@1,7",58,1,0,0,1,0,1,0,0,0
"I2eq_d06_@1,7",59,1,0,0,1,0,1,0,0,0
"I2eq_d06_@1,7",60,1,0,0,1,0,1,0,0,0
"I2eq_d06_@1,7",61,1,0,0,1,0,1,0,0,0
"I2eq_d06_@1,7",62,1,0,0,1,0,1,0,0,0
"I2eq_d06_@1,7",63,1,0,0,1,0,1,0,0,0
"I2eq_d06_@1,7",64,1,0,0,1,0,1,0,0,0
"I2eq_d06_@1,7",65,1,0,1,0,0,1,0,0,0
"I2eq_d06_@1,7",66,1,0,0,1,0,1,0,0,0
"I2eq_d06_@1,7",67,1,0,0,1,0,1,0,0,0
"I2eq_d06_@1,7",68,1,0,0,1,0,1,0,0,0
"I2eq_d06_@1,7",69,1,0,0,1,0,1,0,0,0
"I2eq_d06_@1,7",70,1,0,0,1,0,1,0,0,0
"I2eq_d06_@1,7",71,1,0,0,1,0,1,0,0,0
"I2eq_d06_@1,7",72,1,0,0,1,0,1,0,0,0
"I2eq_d06_@1,7",73,1,0,0,1,0,1,0,0,0
"I2eq_d06_@1,7",74,1,0,0,1,0,1,0,0,0
"I2eq_d06_@1,7",75,1,0,0,1,0,1,0,0,0
"I2eq_d06_@1,7",76,1,0,1,0,0,1,0,0,0
"I2eq_d06_@1,7",77,1,0,0,1,0,1,0,0,0
"I2eq_d06_@1,7",78,1,0,0,1,0,1,0,0,0
"I2eq_d06_@1,7",79,1,0,0,1,0,1,0,0,0
"I2eq_d06_@1,7",80,1,0,0,1,0,1,0,0,0
"I2eq_d06_@1,7",81,1,0,0,1,0,1,0,0,0
"I2eq_d06_@1,7",82,1,0,0,1,0,1,0,0,0
"I2eq_d06_@1,7",83,1,0,0,1,0,1,0,0,0
"I2eq_d06_@1,7",84,1,0,0,1,0,1,0,0,0
"I2eq_d06_@1,7",85,1,0,0,1,0,1,0,0,0
"I2eq_d06_@1,7",86,1,0,0,1,0,1,0,0,0
"I2eq_d06_@1,7",87,1,0,1,0,0,1,0,0,0
"I2eq_d06_@1,7",88,1,0,0,1,0,1,0,0,0
"I2eq_d06_@1,7",89,1,0,0,1,0,1,0,0,0
"I2eq_d06_@1,7",90,1,0,0,1,0,1,0,0,0
"I2eq_d06_@1,7",91,1,0,0,1,0,1,0,0,0
"I2eq_d06_@1,7",92,1,0,0,1,0,1,0,0,0
"I2eq_d06_@1,7",93,1,0,0,1,0,1,0,0,0
"I2eq_d06_@1,7",94,1,0,0,1,0,1,0,0,0
"I2eq_d06_@1,7",95,1,0,0,1,0,1,0,0,0
"I2eq_d06_@1,7",96,1,0,0,1,0,1,0,0,0
"I2eq_d06_@1,7",97,1,0,0,1,0,1,0,0,0
"I2eq_d06_@1,7",98,1,0,1,0,0,1,0,0,0
"I2eq_d06_@1,7",99,1,0,0,1,0,1,0,0,0
"I2eq_d06_@1,7",100,1,0,0,1,0,1,0,0,0
"I2eq_d06_@1,7",101,1,0,0,1,0,1,0,0,0
"I2eq_d06_@1,7",102,1,0,0,1,0,1,0,0,0
"I2eq_d06_@1,7",103,1,0,0,1,0,1,0,0,0
"I2eq_d06_@1,7",104,1,0,0,1,0,1,0,0,0
"I2eq_d06_@1,7",105,1,0,0,1,0,1,0,0,0
"I2eq_d06_@1,7",106,1,0,0,1,0,1,0,0,0
"I2eq_d06_@1,7",107,1,0,0,1,0,1,0,0,0
"I2eq_d06_@1,7",108,1,0,0,1,0,1,0,0,0
"I2eq_d06_@1,7",109,1,0,1,0,0,1,0,0,0
"I2eq_d06_@1,7",110,1,0,0,1,0,1,0,0,0
"I2eq_d06_@1,7",111,1,0,0,1,0,1,0,0,0
"I2eq_d06_@1,7",112,1,0,0,1,0,1,0,0,0
"I2eq_d06_@1,7",113,1,0,0,1,0,1,1,1,1
"I2eq_d06_@1,7",114,1,0,0,1,0,1,1,1,1
"I2eq_d06_@1,7",115,1,0,0,1,0,1,1,1,1
"I2eq_d06_@1,7",116,1,0,0,1,0,1,1,1,1
"I2eq_d06_@1,7",117,1,0,0,1,0,1,1,1,1
"I2eq_d06_@1,7",118,1,0,0,1,0,1,1,1,1
"I2eq_d06_@1,7",119,1,0,0,1,0,0,1,0,0
"I2eq_d06_@1,7",120,1,0,1,0,1,1,0,0,0
"I2eq_d07_@1,8",0,1,0,0,1,0,1,0,0,0
"I2eq_d07_@1,8",1,1,0,0,1,0,1,0,0,0
"I2eq_d07_@1,8",2,1,0,0,1,0,1,0,0,0
"I2eq_d07_@1,8",3,1,0,0,1,0,1,0,0,0
"I2eq_d07_@1,8",4,1,0,0,1,0,1,0,0,0
"I2eq_d07_@1,8",5,1,0,0,1,0,1,0,0,0
"I2eq_d07_@1,8",6,1,0,0,1,0,1,0,0,0
"I2eq_d07_@1,8",7,1,0,0,1,0,1,0,0,0
"I2eq_d07_@1,8",8,1,0,0,1,0,1,0,0,0
"I2eq_d07_@1,8",9,1,0,0,1,0,1,0,0,0
"I2eq_d07_@1,8",10,1,0,1,0,0,1,0,0,0
"I2eq_d07_@1,8",11,1,0,0,1,0,1,0,0,0
"I2eq_d07_@1,8",12,1,0,0,1,0,1,0,0,0
"I2eq_d07_@1,8",13,1,0,0,1,0,1,0,0,0
"I2eq_d07_@1,8",14,1,0,0,1,0,1,0,0,0
"I2eq_d07_@1,8",15,1,0,0,1,0,1,0,0,0
"I2eq_d07_@1,8",16,1,0,0,1,0,1,0,0,0
"I2eq_d07_@1,8",17,1,0,0,1,0,1,0,0,0
"I2eq_d07_@1,8",18,1,0,0,1,0,1,0,0,0
"I2eq_d07_@1,8",19,1,0,0,1,0,1,0,0,0
"I2eq_d07_@1,8",20,1,0,0,1,0,1,0,0,0
"I2eq_d07_@1,8",21,1,0,1,0,0,1,0,0,0
"I2eq_d07_@1,8",22,1,0,0,1,0,1,0,0,0
"I2eq_d07_@1,8",23,1,0,0,1,0,1,0,0,0
"I2eq_d07_@1,8",24,1,0,0,1,0,1,0,0,0
"I2eq_d07_@1,8",25,1,0,0,1,0,1,0,0,0
"I2eq_d07_@1,8",26,1,0,0,1,0,1,0,0,0
"I2eq_d07_@1,8",27,1,0,0,1,0,1,0,0,0
"I2eq_d07_@1,8",28,1,0,0,1,0,1,0,0,0
"I2eq_d07_@1,8",29,1,0,0,1,0,1,0,0,0
"I2eq_d07_@1,8",30,1,0,0,1,0,1,0,0,0
"I2eq_d07_@1,8",31,1,0,0,1,0,1,0,0,0
"I2eq_d07_@1,8",32,1,0,1,0,0,1,0,0,0
"I2eq_d07_@1,8",33,1,0,0,1,0,1,0,0,0
"I2eq_d07_@1,8",34,1,0,0,1,0,1,0,0,0
"I2eq_d07_@1,8",35,1,0,0,1,0,1,0,0,0
"I2eq_d07_@1,8",36,1,0,0,1,0,1,0,0,0
"I2eq_d07_@1,8",37,1,0,0,1,0,1,0,0,0
"I2eq_d07_@1,8",38,1,0,0,1,0,1,0,0,0
"I2eq_d07_@1,8",39,1,0,0,1,0,1,0,0,0
"I2eq_d07_@1,8",40,1,0,0,1,0,1,0,0,0
"I2eq_d07_@1,8",41,1,0,0,1,0,1,0,0,0
"I2eq_d07_@1,8",42,1,0,0,1,0,1,0,0,0
"I2eq_d07_@1,8",43,1,0,1,0,0,1,0,0,0
"I2eq_d07_@1,8",44,1,0,0,1,0,1,0,0,0
"I2eq_d07_@1,8",45,1,0,0,1,0,1,0,0,0
"I2eq_d07_@1,8",46,1,0,0,1,0,1,0,0,0
"I2eq_d07_@1,8",47,1,0,0,1,0,1,0,0,0
"I2eq_d07_@1,8",48,1,0,0,1,0,1,0,0,0
"I2eq_d07_@1,8",49,1,0,0,1,0,1,0,0,0
"I2eq_d07_@1,8",50,1,0,0,1,0,1,0,0,0
"I2eq_d07_@1,8",51,1,0,0,1,0,1,0,0,0
"I2eq_d07_@1,8",52,1,0,0,1,0,1,0,0,0
"I2eq_d07_@1,8",53,1,0,0,1,0,1,0,0,0
"I2eq_d07_@1,8",54,1,0,1,0,0,1,0,0,0
"I2eq_d07_@1,8",55,1,0,0,1,0,1,0,0,0
"I2eq_d07_@1,8",56,1,0,0,1,0,1,0,0,0
"I2eq_d07_@1,8",57,1,0,0,1,0,1,0,0,0
"I2eq_d07_@1,8",58,1,0,0,1,0,1,0,0,0
"I2eq_d07_@1,8",59,1,0,0,1,0,1,0,0,0
"I2eq_d07_@1,8",60,1,0,0,1,0,1,0,0,0
"I2eq_d07_@1,8",61,1,0,0,1,0,1,0,0,0
"I2eq_d07_@1,8",62,1,0,0,1,0,1,0,0,0
"I2eq_d07_@1,8",63,1,0,0,1,0,1,0,0,0
"I2eq_d07_@1,8",64,1,0,0,1,0,1,0,0,0
"I2eq_d07_@1,8",65,1,0,1,0,0,1,0,0,0
"I2eq_d07_@1,8",66,1,0,0,1,0,1,0,0,0
"I2eq_d07_@1,8",67,1,0,0,1,0,1,0,0,0
"I2eq_d07_@1,8",68,1,0,0,1,0,1,0,0,0
"I2eq_d07_@1,8",69,1,0,0,1,0,1,0,0,0
"I2eq_d07_@1,8",70,1,0,0,1,0,1,0,0,0
"I2eq_d07_@1,8",71,1,0,0,1,0,1,0,0,0
"I2eq_d07_@1,8",72,1,0,0,1,0,1,0,0,0
"I2eq_d07_@1,8",73,1,0,0,1,0,1,0,0,0
"I2eq_d07_@1,8",74,1,0,0,1,0,1,0,0,0
"I2eq_d07_@1,8",75,1,0,0,1,0,1,0,0,0
"I2eq_d07_@1,8",76,1,0,1,0,0,1,0,0,0
"I2eq_d07_@1,8",77,1,0,0,1,0,1,0,0,0
"I2eq_d07_@1,8",78,1,0,0,1,0,1,0,0,0
"I2eq_d07_@1,8",79,1,0,0,1,0,1,0,0,0
"I2eq_d07_@1,8",80,1,0,0,1,0,1,0,0,0
"I2eq_d07_@1,8",81,1,0,0,1,0,1,0,0,0
"I2eq_d07_@1,8",82,1,0,0,1,0,1,0,0,0
"I2eq_d07_@1,8",83,1,0,0,1,0,1,0,0,0
"I2eq_d07_@1,8",84,1,0,0,1,0,1,0,0,0
"I2eq_d07_@1,8",85,1,0,0,1,0,1,0,0,0
"I2eq_d07_@1,8",86,1,0,0,1,0,1,0,0,0
"I2eq_d07_@1,8",87,1,0,1,0,0,1,0,0,0
"I2eq_d07_@1,8",88,1,0,0,1,0,1,0,0,0
"I2eq_d07_@1,8",89,1,0,0,1,0,1,0,0,0
"I2eq_d07_@1,8",90,1,0,0,1,0,1,0,0,0
"I2eq_d07_@1,8",91,1,0,0,1,0,1,0,0,0
"I2eq_d07_@1,8",92,1,0,0,1,0,1,0,0,0
"I2eq_d07_@1,8",93,1,0,0,1,0,1,0,0,0
"I2eq_d07_@1,8",94,1,0,0,1,0,1,0,0,0
"I2eq_d07_@1,8",95,1,0,0,1,0,1,0,0,0
"I2eq_d07_@1,8",96,1,0,0,1,0,1,0,0,0
"I2eq_d07_@1,8",97,1,0,0,1,0,1,0,0,0
"I2eq_d07_@1,8",98,1,0,1,0,0,1,0,0,0
"I2eq_d07_@1,8",99,1,0,0,1,0,1,0,0,0
"I2eq_d07_@1,8",100,1,0,0,1,0,1,0,0,0
"I2eq_d07_@1,8",101,1,0,0,1,0,1,0,0,0
"I2eq_d07_@1,8",102,1,0,0,1,0,1,0,0,0
"I2eq_d07_@1,8",103,1,0,0,1,0,1,0,0,0
"I2eq_d07_@1,8",104,1,0,0,1,0,1,0,0,0
"I2eq_d07_@1,8",105,1,0,0,1,0,1,0,0,0
"I2eq_d07_@1,8",106,1,0,0,1,0,1,0,0,0
"I2eq_d07_@1,8",107,1,0,0,1,0,1,0,0,0
"I2eq_d07_@1,8",108,1,0,0,1,0,1,0,0,0
"I2eq_d07_@1,8",109,1,0,1,0,0,1,0,0,0
"I2eq_d07_@1,8",110,1,0,0,1,0,1,0,0,0
"I2eq_d07_@1,8",111,1,0,0,1,0,1,0,0,0
"I2eq_d07_@1,8",112,1,0,0,1,0,1,1,1,1
"I2eq_d07_@1,8",113,1,0,0,1,0,1,1,1,1
"I2eq_d07_@1,8",114,1,0,0,1,0,1,1,1,1
"I2eq_d07_@1,8",115,1,0,0,1,0,1,1,1,1
"I2eq_d07_@1,8",116,1,0,0,1,0,1,1,1,1
"I2eq_d07_@1,8",117,1,0,0,1,0,1,1,1,1
"I2eq_d07_@1,8",118,1,0,0,1,0,1,1,1,1
"I2eq_d07_@1,8",119,1,0,0,1,0,0,1,0,0
"I2eq_d07_@1,8",120,1,0,1,0,1,1,0,0,0
"I2eq_d08_@1,9",0,1,0,0,1,0,1,0,0,0
"I2eq_d08_@1,9",1,1,0,0,1,0,1,0,0,0
"I2eq_d08_@1,9",2,1,0,0,1,0,1,0,0,0
"I2eq_d08_@1,9",3,1,0,0,1,0,1,0,0,0
"I2eq_d08_@1,9",4,1,0,0,1,0,1,0,0,0
"I2eq_d08_@1,9",5,1,0,0,1,0,1,0,0,0
"I2eq_d08_@1,9",6,1,0,0,1,0,1,0,0,0
"I2eq_d08_@1,9",7,1,0,0,1,0,1,0,0,0
"I2eq_d08_@1,9",8,1,0,0,1,0,1,0,0,0
"I2eq_d08_@1,9",9,1,0,0,1,0,1,0,0,0
"I2eq_d08_@1,9",10,1,0,1,0,0,1,0,0,0
"I2eq_d08_@1,9",11,1,0,0,1,0,1,0,0,0
"I2eq_d08_@1,9",12,1,0,0,1,0,1,0,0,0
"I2eq_d08_@1,9",13,1,0,0,1,0,1,0,0,0
"I2eq_d08_@1,9",14,1,0,0,1,0,1,0,0,0
"I2eq_d08_@1,9",15,1,0,0,1,0,1,0,0,0
"I2eq_d08_@1,9",16,1,0,0,1,0,1,0,0,0
"I2eq_d08_@1,9",17,1,0,0,1,0,1,0,0,0
"I2eq_d08_@1,9",18,1,0,0,1,0,1,0,0,0
"I2eq_d08_@1,9",19,1,0,0,1,0,1,0,0,0
"I2eq_d08_@1,9",20,1,0,0,1,0,1,0,0,0
"I2eq_d08_@1,9",21,1,0,1,0,0,1,0,0,0
"I2eq_d08_@1,9",22,1,0,0,1,0,1,0,0,0
"I2eq_d08_@1,9",23,1,0,0,1,0,1,0,0,0
"I2eq_d08_@1,9",24,1,0,0,1,0,1,0,0,0
"I2eq_d08_@1,9",25,1,0,0,1,0,1,0,0,0
"I2eq_d08_@1,9",26,1,0,0,1,0,1,0,0,0
"I2eq_d08_@1,9",27,1,0,0,1,0,1,0,0,0
"I2eq_d08_@1,9",28,1,0,0,1,0,1,0,0,0
"I2eq_d08_@1,9",29,1,0,0,1,0,1,0,0,0
"I2eq_d08_@1,9",30,1,0,0,1,0,1,0,0,0
"I2eq_d08_@1,9",31,1,0,0,1,0,1,0,0,0
"I2eq_d08_@1,9",32,1,0,1,0,0,1,0,0,0
"I2eq_d08_@1,9",33,1,0,0,1,0,1,0,0,0
"I2eq_d08_@1,9",34,1,0,0,1,0,1,0,0,0
"I2eq_d08_@1,9",35,1,0,0,1,0,1,0,0,0
"I2eq_d08_@1,9",36,1,0,0,1,0,1,0,0,0
"I2eq_d08_@1,9",37,1,0,0,1,0,1,0,0,0
"I2eq_d08_@1,9",38,1,0,0,1,0,1,0,0,0
"I2eq_d08_@1,9",39,1,0,0,1,0,1,0,0,0
"I2eq_d08_@1,9",40,1,0,0,1,0,1,0,0,0
"I2eq_d08_@1,9",41,1,0,0,1,0,1,0,0,0
"I2eq_d08_@1,9",42,1,0,0,1,0,1,0,0,0
"I2eq_d08_@1,9",43,1,0,1,0,0,1,0,0,0
"I2eq_d08_@1,9",44,1,0,0,1,0,1,0,0,0
"I2eq_d08_@1,9",45,1,0,0,1,0,1,0,0,0
"I2eq_d08_@1,9",46,1,0,0,1,0,1,0,0,0
"I2eq_d08_@1,9",47,1,0,0,1,0,1,0,0,0
"I2eq_d08_@1,9",48,1,0,0,1,0,1,0,0,0
"I2eq_d08_@1,9",49,1,0,0,1,0,1,0,0,0
"I2eq_d08_@1,9",50,1,0,0,1,0,1,0,0,0
"I2eq_d08_@1,9",51,1,0,0,1,0,1,0,0,0
"I2eq_d08_@1,9",52,1,0,0,1,0,1,0,0,0
"I2eq_d08_@1,9",53,1,0,0,1,0,1,0,0,0
"I2eq_d08_@1,9",54,1,0,1,0,0,1,0,0,0
"I2eq_d08_@1,9",55,1,0,0,1,0,1,0,0,0
"I2eq_d08_@1,9",56,1,0,0,1,0,1,0,0,0
"I2eq_d08_@1,9",57,1,0,0,1,0,1,0,0,0
"I2eq_d08_@1,9",58,1,0,0,1,0,1,0,0,0
"I2eq_d08_@1,9",59,1,0,0,1,0,1,0,0,0
"I2eq_d08_@1,9",60,1,0,0,1,0,1,0,0,0
"I2eq_d08_@1,9",61,1,0,0,1,0,1,0,0,0
"I2eq_d08_@1,9",62,1,0,0,1,0,1,0,0,0
"I2eq_d08_@1,9",63,1,0,0,1,0,1,0,0,0
"I2eq_d08_@1,9",64,1,0,0,1,0,1,0,0,0
"I2eq_d08_@1,9",65,1,0,1,0,0,1,0,0,0
"I2eq_d08_@1,9",66,1,0,0,1,0,1,0,0,0
"I2eq_d08_@1,9",67,1,0,0,1,0,1,0,0,0
"I2eq_d08_@1,9",68,1,0,0,1,0,1,0,0,0
"I2eq_d08_@1,9",69,1,0,0,1,0,1,0,0,0
"I2eq_d08_@1,9",70,1,0,0,1,0,1,0,0,0
"I2eq_d08_@1,9",71,1,0,0,1,0,1,0,0,0
"I2eq_d08_@1,9",72,1,0,0,1,0,1,0,0,0
"I2eq_d08_@1,9",73,1,0,0,1,0,1,0,0,0
"I2eq_d08_@1,9",74,1,0,0,1,0,1,0,0,0
"I2eq_d08_@1,9",75,1,0,0,1,0,1,0,0,0
"I2eq_d08_@1,9",76,1,0,1,0,0,1,0,0,0
"I2eq_d08_@1,9",77,1,0,0,1,0,1,0,0,0
"I2eq_d08_@1,9",78,1,0,0,1,0,1,0,0,0
"I2eq_d08_@1,9",79,1,0,0,1,0,1,0,0,0
"I2eq_d08_@1,9",80,1,0,0,1,0,1,0,0,0
"I2eq_d08_@1,9",81,1,0,0,1,0,1,0,0,0
"I2eq_d08_@1,9",82,1,0,0,1,0,1,0,0,0
"I2eq_d08_@1,9",83,1,0,0,1,0,1,0,0,0
"I2eq_d08_@1,9",84,1,0,0,1,0,1,0,0,0
"I2eq_d08_@1,9",85,1,0,0,1,0,1,0,0,0
"I2eq_d08_@1,9",86,1,0,0,1,0,1,0,0,0
"I2eq_d08_@1,9",87,1,0,1,0,0,1,0,0,0
"I2eq_d08_@1,9",88,1,0,0,1,0,1,0,0,0
"I2eq_d08_@1,9",89,1,0,0,1,0,1,0,0,0
"I2eq_d08_@1,9",90,1,0,0,1,0,1,0,0,0
"I2eq_d08_@1,9",91,1,0,0,1,0,1,0,0,0
"I2eq_d08_@1,9",92,1,0,0,1,0,1,0,0,0
"I2eq_d08_@1,9",93,1,0,0,1,0,1,0,0,0
"I2eq_d08_@1,9",94,1,0,0,1,0,1,0,0,0
"I2eq_d08_@1,9",95,1,0,0,1,0,1,0,0,0
"I2eq_d08_@1,9",96,1,0,0,1,0,1,0,0,0
"I2eq_d08_@1,9",97,1,0,0,1,0,1,0,0,0
"I2eq_d08_@1,9",98,1,0,1,0,0,1,0,0,0
"I2eq_d08_@1,9",99,1,0,0,1,0,1,0,0,0
"I2eq_d08_@1,9",100,1,0,0,1,0,1,0,0,0
"I2eq_d08_@1,9",101,1,0,0,1,0,1,0,0,0
"I2eq_d08_@1,9",102,1,0,0,1,0,1,0,0,0
"I2eq_d08_@1,9",103,1,0,0,1,0,1,0,0,0
"I2eq_d08_@1,9",104,1,0,0,1,0,1,0,0,0
"I2eq_d08_@1,9",105,1,0,0,1,0,1,0,0,0
"I2eq_d08_@1,9",106,1,0,0,1,0,1,0,0,0
"I2eq_d08_@1,9",107,1,0,0,1,0,1,0,0,0
"I2eq_d08_@1,9",108,1,0,0,1,0,1,0,0,0
"I2eq_d08_@1,9",109,1,0,1,0,0,1,0,0,0
"I2eq_d08_@1,9",110,1,0,0,1,0,1,0,0,0
"I2eq_d08_@1,9",111,1,0,0,1,0,1,1,1,1
"I2eq_d08_@1,9",112,1,0,0,1,0,1,1,1,1
"I2eq_d08_@1,9",113,1,0,0,1,0,1,1,1,1
"I2eq_d08_@1,9",114,1,0,0,1,0,1,1,1,1
"I2eq_d08_@1,9",115,1,0,0,1,0,1,1,1,1
"I2eq_d08_@1,9",116,1,0,0,1,0,1,1,1,1
"I2eq_d08_@1,9",117,1,0,0,1,0,1,1,1,1
"I2eq_d08_@1,9",118,1,0,0,1,0,1,1,1,1
"I2eq_d08_@1,9",119,1,0,0,1,0,0,1,0,0
"I2eq_d08_@1,9",120,1,0,1,0,1,1,0,0,0
"I2eq_d09_@1,10",0,1,0,0,1,0,1,0,0,0
"I2eq_d09_@1,10",1,1,0,0,1,0,1,0,0,0
"I2eq_d09_@1,10",2,1,0,0,1,0,1,0,0,0
"I2eq_d09_@1,10",3,1,0,0,1,0,1,0,0,0
"I2eq_d09_@1,10",4,1,0,0,1,0,1,0,0,0
"I2eq_d09_@1,10",5,1,0,0,1,0,1,0,0,0
"I2eq_d09_@1,10",6,1,0,0,1,0,1,0,0,0
"I2eq_d09_@1,10",7,1,0,0,1,0,1,0,0,0
"I2eq_d09_@1,10",8,1,0,0,1,0,1,0,0,0
"I2eq_d09_@1,10",9,1,0,0,1,0,1,0,0,0
"I2eq_d09_@1,10",10,1,0,1,0,0,1,0,0,0
"I2eq_d09_@1,10",11,1,0,0,1,0,1,0,0,0
"I2eq_d09_@1,10",12,1,0,0,1,0,1,0,0,0
"I2eq_d09_@1,10",13,1,0,0,1,0,1,0,0,0
"I2eq_d09_@1,10",14,1,0,0,1,0,1,0,0,0
"I2eq_d09_@1,10",15,1,0,0,1,0,1,0,0,0
"I2eq_d09_@1,10",16,1,0,0,1,0,1,0,0,0
"I2eq_d09_@1,10",17,1,0,0,1,0,1,0,0,0
"I2eq_d09_@1,10",18,1,0,0,1,0,1,0,0,0
"I2eq_d09_@1,10",19,1,0,0,1,0,1,0,0,0
"I2eq_d09_@1,10",20,1,0,0,1,0,1,0,0,0
"I2eq_d09_@1,10",21,1,0,1,0,0,1,0,0,0
"I2eq_d09_@1,10",22,1,0,0,1,0,1,0,0,0
"I2eq_d09_@1,10",23,1,0,0,1,0,1,0,0,0
"I2eq_d09_@1,10",24,1,0,0,1,0,1,0,0,0
"I2eq_d09_@1,10",25,1,0,0,1,0,1,0,0,0
"I2eq_d09_@1,10",26,1,0,0,1,0,1,0,0,0
"I2eq_d09_@1,10",27,1,0,0,1,0,1,0,0,0
"I2eq_d09_@1,10",28,1,0,0,1,0,1,0,0,0
"I2eq_d09_@1,10",29,1,0,0,1,0,1,0,0,0
"I2eq_d09_@1,10",30,1,0,0,1,0,1,0,0,0
"I2eq_d09_@1,10",31,1,0,0,1,0,1,0,0,0
"I2eq_d09_@1,10",32,1,0,1,0,0,1,0,0,0
"I2eq_d09_@1,10",33,1,0,0,1,0,1,0,0,0
"I2eq_d09_@1,10",34,1,0,0,1,0,1,0,0,0
"I2eq_d09_@1,10",35,1,0,0,1,0,1,0,0,0
"I2eq_d09_@1,10",36,1,0,0,1,0,1,0,0,0
"I2eq_d09_@1,10",37,1,0,0,1,0,1,0,0,0
"I2eq_d09_@1,10",38,1,0,0,1,0,1,0,0,0
"I2eq_d09_@1,10",39,1,0,0,1,0,1,0,0,0
"I2eq_d09_@1,10",40,1,0,0,1,0,1,0,0,0
"I2eq_d09_@1,10",41,1,0,0,1,0,1,0,0,0
"I2eq_d09_@1,10",42,1,0,0,1,0,1,0,0,0
"I2eq_d09_@1,10",43,1,0,1,0,0,1,0,0,0
"I2eq_d09_@1,10",44,1,0,0,1,0,1,0,0,0
"I2eq_d09_@1,10",45,1,0,0,1,0,1,0,0,0
"I2eq_d09_@1,10",46,1,0,0,1,0,1,0,0,0
"I2eq_d09_@1,10",47,1,0,0,1,0,1,0,0,0
"I2eq_d09_@1,10",48,1,0,0,1,0,1,0,0,0
"I2eq_d09_@1,10",49,1,0,0,1,0,1,0,0,0
"I2eq_d09_@1,10",50,1,0,0,1,0,1,0,0,0
"I2eq_d09_@1,10",51,1,0,0,1,0,1,0,0,0
"I2eq_d09_@1,10",52,1,0,0,1,0,1,0,0,0
"I2eq_d09_@1,10",53,1,0,0,1,0,1,0,0,0
"I2eq_d09_@1,10",54,1,0,1,0,0,1,0,0,0
"I2eq_d09_@1,10",55,1,0,0,1,0,1,0,0,0
"I2eq_d09_@1,10",56,1,0,0,1,0,1,0,0,0
"I2eq_d09_@1,10",57,1,0,0,1,0,1,0,0,0
"I2eq_d09_@1,10",58,1,0,0,1,0,1,0,0,0
"I2eq_d09_@1,10",59,1,0,0,1,0,1,0,0,0
"I2eq_d09_@1,10",60,1,0,0,1,0,1,0,0,0
"I2eq_d09_@1,10",61,1,0,0,1,0,1,0,0,0
"I2eq_d09_@1,10",62,1,0,0,1,0,1,0,0,0
"I2eq_d09_@1,10",63,1,0,0,1,0,1,0,0,0
"I2eq_d09_@1,10",64,1,0,0,1,0,1,0,0,0
"I2eq_d09_@1,10",65,1,0,1,0,0,1,0,0,0
"I2eq_d09_@1,10",66,1,0,0,1,0,1,0,0,0
"I2eq_d09_@1,10",67,1,0,0,1,0,1,0,0,0
"I2eq_d09_@1,10",68,1,0,0,1,0,1,0,0,0
"I2eq_d09_@1,10",69,1,0,0,1,0,1,0,0,0
"I2eq_d09_@1,10",70,1,0,0,1,0,1,0,0,0
"I2eq_d09_@1,10",71,1,0,0,1,0,1,0,0,0
"I2eq_d09_@1,10",72,1,0,0,1,0,1,0,0,0
"I2eq_d09_@1,10",73,1,0,0,1,0,1,0,0,0
"I2eq_d09_@1,10",74,1,0,0,1,0,1,0,0,0
"I2eq_d09_@1,10",75,1,0,0,1,0,1,0,0,0
"I2eq_d09_@1,10",76,1,0,1,0,0,1,0,0,0
"I2eq_d09_@1,10",77,1,0,0,1,0,1,0,0,0
"I2eq_d09_@1,10",78,1,0,0,1,0,1,0,0,0
"I2eq_d09_@1,10",79,1,0,0,1,0,1,0,0,0
"I2eq_d09_@1,10",80,1,0,0,1,0,1,0,0,0
"I2eq_d09_@1,10",81,1,0,0,1,0,1,0,0,0
"I2eq_d09_@1,10",82,1,0,0,1,0,1,0,0,0
"I2eq_d09_@1,10",83,1,0,0,1,0,1,0,0,0
"I2eq_d09_@1,10",84,1,0,0,1,0,1,0,0,0
"I2eq_d09_@1,10",85,1,0,0,1,0,1,0,0,0
"I2eq_d09_@1,10",86,1,0,0,1,0,1,0,0,0
"I2eq_d09_@1,10",87,1,0,1,0,0,1,0,0,0
"I2eq_d09_@1,10",88,1,0,0,1,0,1,0,0,0
"I2eq_d09_@1,10",89,1,0,0,1,0,1,0,0,0
"I2eq_d09_@1,10",90,1,0,0,1,0,1,0,0,0
"I2eq_d09_@1,10",91,1,0,0,1,0,1,0,0,0
"I2eq_d09_@1,10",92,1,0,0,1,0,1,0,0,0
"I2eq_d09_@1,10",93,1,0,0,1,0,1,0,0,0
"I2eq_d09_@1,10",94,1,0,0,1,0,1,0,0,0
"I2eq_d09_@1,10",95,1,0,0,1,0,1,0,0,0
"I2eq_d09_@1,10",96,1,0,0,1,0,1,0,0,0
"I2eq_d09_@1,10",97,1,0,0,1,0,1,0,0,0
"I2eq_d09_@1,10",98,1,0,1,0,0,1,0,0,0
"I2eq_d09_@1,10",99,1,0,0,1,0,1,0,0,0
"I2eq_d09_@1,10",100,1,0,0,1,0,1,0,0,0
"I2eq_d09_@1,10",101,1,0,0,1,0,1,0,0,0
"I2eq_d09_@1,10",102,1,0,0,1,0,1,0,0,0
"I2eq_d09_@1,10",103,1,0,0,1,0,1,0,0,0
"I2eq_d09_@1,10",104,1,0,0,1,0,1,0,0,0
"I2eq_d09_@1,10",105,1,0,0,1,0,1,0,0,0
"I2eq_d09_@1,10",106,1,0,0,1,0,1,0,0,0
"I2eq_d09_@1,10",107,1,0,0,1,0,1,0,0,0
"I2eq_d09_@1,10",108,1,0,0,1,0,1,0,0,0
"I2eq_d09_@1,10",109,1,0,1,0,0,1,0,0,0
"I2eq_d09_@1,10",110,1,0,0,1,0,1,1,1,1
"I2eq_d09_@1,10",111,1,0,0,1,0,1,1,1,1
"I2eq_d09_@1,10",112,1,0,0,1,0,1,1,1,1
"I2eq_d09_@1,10",113,1,0,0,1,0,1,1,1,1
"I2eq_d09_@1,10",114,1,0,0,1,0,1,1,1,1
"I2eq_d09_@1,10",115,1,0,0,1,0,1,1,1,1
"I2eq_d09_@1,10",116,1,0,0,1,0,1,1,1,1
"I2eq_d09_@1,10",117,1,0,0,1,0,1,1,1,1
"I2eq_d09_@1,10",118,1,0,0,1,0,1,1,1,1
"I2eq_d09_@1,10",119,1,0,0,1,0,0,1,0,0
"I2eq_d09_@1,10",120,1,0,1,0,1,1,0,0,0
"I3eq_d01_@1,2,3",0,1,0,0,1,0,1,0,0,0
"I3eq_d01_@1,2,3",1,1,0,0,1,0,1,0,0,0
"I3eq_d01_@1,2,3",2,1,0,0,1,0,1,0,0,0
"I3eq_d01_@1,2,3",3,1,0,0,1,0,1,0,0,0
"I3eq_d01_@1,2,3",4,1,0,0,1,0,1,0,0,0
"I3eq_d01_@1,2,3",5,1,0,0,1,0,1,0,0,0
"I3eq_d01_@1,2,3",6,1,0,0,1,0,1,0,0,0
"I3eq_d01_@1,2,3",7,1,0,0,1,0,1,0,0,0
"I3eq_d01_@1,2,3",8,1,0,0,1,0,1,0,0,0
"I3eq_d01_@1,2,3",9,1,0,0,1,0,1,0,0,0
"I3eq_d01_@1,2,3",10,1,0,1,0,0,1,0,0,0
"I3eq_d01_@1,2,3",11,1,0,0,1,0,1,0,0,0
"I3eq_d01_@1,2,3",12,1,0,0,1,0,1,0,0,0
"I3eq_d01_@1,2,3",13,1,0,0,1,0,1,0,0,0
"I3eq_d01_@1,2,3",14,1,0,0,1,0,1,0,0,0
"I3eq_d01_@1,2,3",15,1,0,0,1,0,1,0,0,0
"I3eq_d01_@1,2,3",16,1,0,0,1,0,1,0,0,0
"I3eq_d01_@1,2,3",17,1,0,0,1,0,1,0,0,0
"I3eq_d01_@1,2,3",18,1,0,0,1,0,1,0,0,0
"I3eq_d01_@1,2,3",19,1,0,0,1,0,1,0,0,0
"I3eq_d01_@1,2,3",20,1,0,0,1,0,1,0,0,0
"I3eq_d01_@1,2,3",21,1,0,1,0,0,1,0,0,0
"I3eq_d01_@1,2,3",22,1,0,0,1,0,1,0,0,0
"I3eq_d01_@1,2,3",23,1,0,0,1,0,1,0,0,0
"I3eq_d01_@1,2,3",24,1,0,0,1,0,1,0,0,0
"I3eq_d01_@1,2,3",25,1,0,0,1,0,1,0,0,0
"I3eq_d01_@1,2,3",26,1,0,0,1,0,1,0,0,0
"I3eq_d01_@1,2,3",27,1,0,0,1,0,1,0,0,0
"I3eq_d01_@1,2,3",28,1,0,0,1,0,1,0,0,0
"I3eq_d01_@1,2,3",29,1,0,0,1,0,1,0,0,0
"I3eq_d01_@1,2,3",30,1,0,0,1,0,1,0,0,0
"I3eq_d01_@1,2,3",31,1,0,0,1,0,1,0,0,0
"I3eq_d01_@1,2,3",32,1,0,1,0,0,1,0,0,0
"I3eq_d01_@1,2,3",33,1,0,0,1,0,1,0,0,0
"I3eq_d01_@1,2,3",34,1,0,0,1,0,1,0,0,0
"I3eq_d01_@1,2,3",35,1,0,0,1,0,1,0,0,0
"I3eq_d01_@1,2,3",36,1,0,0,1,0,1,0,0,0
"I3eq_d01_@1,2,3",37,1,0,0,1,0,1,0,0,0
"I3eq_d01_@1,2,3",38,1,0,0,1,0,1,0,0,0
"I3eq_d01_@1,2,3",39,1,0,0,1,0,1,0,0,0
"I3eq_d01_@1,2,3",40,1,0,0,1,0,1,0,0,0
"I3eq_d01_@1,2,3",41,1,0,0,1,0,1,0,0,0
"I3eq_d01_@1,2,3",42,1,0,0,1,0,1,0,0,0
"I3eq_d01_@1,2,3",43,1,0,1,0,0,1,0,0,0
"I3eq_d01_@1,2,3",44,1,0,0,1,0,1,0,0,0
"I3eq_d01_@1,2,3",45,1,0,0,1,0,1,0,0,0
"I3eq_d01_@1,2,3",46,1,0,0,1,0,1,0,0,0
"I3eq_d01_@1,2,3",47,1,0,0,1,0,1,0,0,0
"I3eq_d01_@1,2,3",48,1,0,0,1,0,1,0,0,0
"I3eq_d01_@1,2,3",49,1,0,0,1,0,1,0,0,0
"I3eq_d01_@1,2,3",50,1,0,0,1,0,1,0,0,0
"I3eq_d01_@1,2,3",51,1,0,0,1,0,1,0,0,0
"I3eq_d01_@1,2,3",52,1,0,0,1,0,1,0,0,0
"I3eq_d01_@1,2,3",53,1,0,0,1,0,1,0,0,0
"I3eq_d01_@1,2,3",54,1,0,1,0,0,1,0,0,0
"I3eq_d01_@1,2,3",55,1,0,0,1,0,1,0,0,0
"I3eq_d01_@1,2,3",56,1,0,0,1,0,1,0,0,0
"I3eq_d01_@1,2,3",57,1,0,0,1,0,1,0,0,0
"I3eq_d01_@1,2,3",58,1,0,0,1,0,1,0,0,0
"I3eq_d01_@1,2,3",59,1,0,0,1,0,1,0,0,0
"I3eq_d01_@1,2,3",60,1,0,0,1,0,1,0,0,0
"I3eq_d01_@1,2,3",61,1,0,0,1,0,1,0,0,0
"I3eq_d01_@1,2,3",62,1,0,0,1,0,1,0,0,0
"I3eq_d01_@1,2,3",63,1,0,0,1,0,1,0,0,0
"I3eq_d01_@1,2,3",64,1,0,0,1,0,1,0,0,0
"I3eq_d01_@1,2,3",65,1,0,1,0,0,1,0,0,0
"I3eq_d01_@1,2,3",66,1,0,0,1,0,1,0,0,0
"I3eq_d01_@1,2,3",67,1,0,0,1,0,1,0,0,0
"I3eq_d01_@1,2,3",68,1,0,0,1,0,1,0,0,0
"I3eq_d01_@1,2,3",69,1,0,0,1,0,1,0,0,0
"I3eq_d01_@1,2,3",70,1,0,0,1,0,1,0,0,0
"I3eq_d01_@1,2,3",71,1,0,0,1,0,1,0,0,0
"I3eq_d01_@1,2,3",72,1,0,0,1,0,1,0,0,0
"I3eq_d01_@1,2,3",73,1,0,0,1,0,1,0,0,0
"I3eq_d01_@1,2,3",74,1,0,0,1,0,1,0,0,0
"I3eq_d01_@1,2,3",75,1,0,0,1,0,1,0,0,0
"I3eq_d01_@1,2,3",76,1,0,1,0,0,1,0,0,0
"I3eq_d01_@1,2,3",77,1,0,0,1,0,1,0,0,0
"I3eq_d01_@1,2,3",78,1,0,0,1,0,1,0,0,0
"I3eq_d01_@1,2,3",79,1,0,0,1,0,1,0,0,0
"I3eq_d01_@1,2,3",80,1,0,0,1,0,1,0,0,0
"I3eq_d01_@1,2,3",81,1,0,0,1,0,1,0,0,0
"I3eq_d01_@1,2,3",82,1,0,0,1,0,1,0,0,0
"I3eq_d01_@1,2,3",83,1,0,0,1,0,1,0,0,0
"I3eq_d01_@1,2,3",84,1,0,0,1,0,1,0,0,0
"I3eq_d01_@1,2,3",85,1,0,0,1,0,1,0,0,0
"I3eq_d01_@1,2,3",86,1,0,0,1,0,1,0,0,0
"I3eq_d01_@1,2,3",87,1,0,1,0,0,1,0,0,0
"I3eq_d01_@1,2,3",88,1,0,0,1,0,1,0,0,0
"I3eq_d01_@1,2,3",89,1,0,0,1,0,1,0,0,0
"I3eq_d01_@1,2,3",90,1,0,0,1,0,1,0,0,0
"I3eq_d01_@1,2,3",91,1,0,0,1,0,1,0,0,0
"I3eq_d01_@1,2,3",92,1,0,0,1,0,1,0,0,0
"I3eq_d01_@1,2,3",93,1,0,0,1,0,1,0,0,0
"I3eq_d01_@1,2,3",94,1,0,0,1,0,1,0,0,0
"I3eq_d01_@1,2,3",95,1,0,0,1,0,1,0,0,0
"I3eq_d01_@1,2,3",96,1,0,0,1,0,1,0,0,0
"I3eq_d01_@1,2,3",97,1,0,0,1,0,1,0,0,0
"I3eq_d01_@1,2,3",98,1,0,1,0,0,1,0,0,0
"I3eq_d01_@1,2,3",99,1,0,0,1,0,1,0,0,0
"I3eq_d01_@1,2,3",100,1,0,0,1,0,1,0,0,0
"I3eq_d01_@1,2,3",101,1,0,0,1,0,1,0,0,0
"I3eq_d01_@1,2,3",102,1,0,0,1,0,1,0,0,0
"I3eq_d01_@1,2,3",103,1,0,0,1,0,1,0,0,0
"I3eq_d01_@1,2,3",104,1,0,0,1,0,1,0,0,0
"I3eq_d01_@1,2,3",105,1,0,0,1,0,1,0,0,0
"I3eq_d01_@1,2,3",106,1,0,0,1,0,1,0,0,0
"I3eq_d01_@1,2,3",107,1,0,0,1,0,1,0,0,0
"I3eq_d01_@1,2,3",108,1,0,0,1,0,1,0,0,0
"I3eq_d01_@1,2,3",109,1,0,1,0,0,1,0,0,0
"I3eq_d01_@1,2,3",110,1,0,0,1,0,1,0,0,0
"I3eq_d01_@1,2,3",111,1,0,0,1,0,1,0,0,0
"I3eq_d01_@1,2,3",112,1,0,0,1,0,1,0,0,0
"I3eq_d01_@1,2,3",113,1,0,0,1,0,1,0,0,0
"I3eq_d01_@1,2,3",114,1,0,0,1,0,1,0,0,0
"I3eq_d01_@1,2,3",115,1,0,0,1,0,1,0,0,0
"I3eq_d01_@1,2,3",116,1,0,0,1,0,1,0,0,0
"I3eq_d01_@1,2,3",117,1,0,0,1,0,1,1,1,1
"I3eq_d01_@1,2,3",118,1,0,0,1,0,0,1,0,0
"I3eq_d01_@1,2,3",119,1,0,0,1,1,1,1,1,1
"I3eq_d01_@1,2,3",120,1,0,1,0,1,1,1,1,0
"I3eq_d02_@1,3,5",0,1,0,0,1,0,1,0,0,0
"I3eq_d02_@1,3,5",1,1,0,0,1,0,1,0,0,0
"I3eq_d02_@1,3,5",2,1,0,0,1,0,1,0,0,0
"I3eq_d02_@1,3,5",3,1,0,0,1,0,1,0,0,0
"I3eq_d02_@1,3,5",4,1,0,0,1,0,1,0,0,0
"I3eq_d02_@1,3,5",5,1,0,0,1,0,1,0,0,0
"I3eq_d02_@1,3,5",6,1,0,0,1,0,1,0,0,0
"I3eq_d02_@1,3,5",7,1,0,0,1,0,1,0,0,0
"I3eq_d02_@1,3,5",8,1,0,0,1,0,1,0,0,0
"I3eq_d02_@1,3,5",9,1,0,0,1,0,1,0,0,0
"I3eq_d02_@1,3,5",10,1,0,1,0,0,1,0,0,0
"I3eq_d02_@1,3,5",11,1,0,0,1,0,1,0,0,0
"I3eq_d02_@1,3,5",12,1,0,0,1,0,1,0,0,0
"I3eq_d02_@1,3,5",13,1,0,0,1,0,1,0,0,0
"I3eq_d02_@1,3,5",14,1,0,0,1,0,1,0,0,0
"I3eq_d02_@1,3,5",15,1,0,0,1,0,1,0,0,0
"I3eq_d02_@1,3,5",16,1,0,0,1,0,1,0,0,0
"I3eq_d02_@1,3,5",17,1,0,0,1,0,1,0,0,0
"I3eq_d02_@1,3,5",18,1,0,0,1,0,1,0,0,0
"I3eq_d02_@1,3,5",19,1,0,0,1,0,1,0,0,0
"I3eq_d02_@1,3,5",20,1,0,0,1,0,1,0,0,0
"I3eq_d02_@1,3,5",21,1,0,1,0,0,1,0,0,0
"I3eq_d02_@1,3,5",22,1,0,0,1,0,1,0,0,0
"I3eq_d02_@1,3,5",23,1,0,0,1,0,1,0,0,0
"I3eq_d02_@1,3,5",24,1,0,0,1,0,1,0,0,0
"I3eq_d02_@1,3,5",25,1,0,0,1,0,1,0,0,0
"I3eq_d02_@1,3,5",26,1,0,0,1,0,1,0,0,0
"I3eq_d02_@1,3,5",27,1,0,0,1,0,1,0,0,0
"I3eq_d02_@1,3,5",28,1,0,0,1,0,1,0,0,0
"I3eq_d02_@1,3,5",29,1,0,0,1,0,1,0,0,0
"I3eq_d02_@1,3,5",30,1,0,0,1,0,1,0,0,0
"I3eq_d02_@1,3,5",31,1,0,0,1,0,1,0,0,0
"I3eq_d02_@1,3,5",32,1,0,1,0,0,1,0,0,0
"I3eq_d02_@1,3,5",33,1,0,0,1,0,1,0,0,0
"I3eq_d02_@1,3,5",34,1,0,0,1,0,1,0,0,0
"I3eq_d02_@1,3,5",35,1,0,0,1,0,1,0,0,0
"I3eq_d02_@1,3,5",36,1,0,0,1,0,1,0,0,0
"I3eq_d02_@1,3,5",37,1,0,0,1,0,1,0,0,0
"I3eq_d02_@1,3,5",38,1,0,0,1,0,1,0,0,0
"I3eq_d02_@1,3,5",39,1,0,0,1,0,1,0,0,0
"I3eq_d02_@1,3,5",40,1,0,0,1,0,1,0,0,0
"I3eq_d02_@1,3,5",41,1,0,0,1,0,1,0,0,0
"I3eq_d02_@1,3,5",42,1,0,0,1,0,1,0,0,0
"I3eq_d02_@1,3,5",43,1,0,1,0,0,1,0,0,0
"I3eq_d02_@1,3,5",44,1,0,0,1,0,1,0,0,0
"I3eq_d02_@1,3,5",45,1,0,0,1,0,1,0,0,0
"I3eq_d02_@1,3,5",46,1,0,0,1,0,1,0,0,0
"I3eq_d02_@1,3,5",47,1,0,0,1,0,1,0,0,0
"I3eq_d02_@1,3,5",48,1,0,0,1,0,1,0,0,0
"I3eq_d02_@1,3,5",49,1,0,0,1,0,1,0,0,0
"I3eq_d02_@1,3,5",50,1,0,0,1,0,1,0,0,0
"I3eq_d02_@1,3,5",51,1,0,0,1,0,1,0,0,0
"I3eq_d02_@1,3,5",52,1,0,0,1,0,1,0,0,0
"I3eq_d02_@1,3,5",53,1,0,0,1,0,1,0,0,0
"I3eq_d02_@1,3,5",54,1,0,1,0,0,1,0,0,0
"I3eq_d02_@1,3,5",55,1,0,0,1,0,1,0,0,0
"I3eq_d02_@1,3,5",56,1,0,0,1,0,1,0,0,0
"I3eq_d02_@1,3,5",57,1,0,0,1,0,1,0,0,0
"I3eq_d02_@1,3,5",58,1,0,0,1,0,1,0,0,0
"I3eq_d02_@1,3,5",59,1,0,0,1,0,1,0,0,0
"I3eq_d02_@1,3,5",60,1,0,0,1,0,1,0,0,0
"I3eq_d02_@1,3,5",61,1,0,0,1,0,1,0,0,0
"I3eq_d02_@1,3,5",62,1,0,0,1,0,1,0,0,0
"I3eq_d02_@1,3,5",63,1,0,0,1,0,1,0,0,0
"I3eq_d02_@1,3,5",64,1,0,0,1,0,1,0,0,0
"I3eq_d02_@1,3,5",65,1,0,1,0,0,1,0,0,0
"I3eq_d02_@1,3,5",66,1,0,0,1,0,1,0,0,0
"I3eq_d02_@1,3,5",67,1,0,0,1,0,1,0,0,0
"I3eq_d02_@1,3,5",68,1,0,0,1,0,1,0,0,0
"I3eq_d02_@1,3,5",69,1,0,0,1,0,1,0,0,0
"I3eq_d02_@1,3,5",70,1,0,0,1,0,1,0,0,0
"I3eq_d02_@1,3,5",71,1,0,0,1,0,1,0,0,0
"I3eq_d02_@1,3,5",72,1,0,0,1,0,1,0,0,0
"I3eq_d02_@1,3,5",73,1,0,0,1,0,1,0,0,0
"I3eq_d02_@1,3,5",74,1,0,0,1,0,1,0,0,0
"I3eq_d02_@1,3,5",75,1,0,0,1,0,1,0,0,0
"I3eq_d02_@1,3,5",76,1,0,1,0,0,1,0,0,0
"I3eq_d02_@1,3,5",77,1,0,0,1,0,1,0,0,0
"I3eq_d02_@1,3,5",78,1,0,0,1,0,1,0,0,0
"I3eq_d02_@1,3,5",79,1,0,0,1,0,1,0,0,0
"I3eq_d02_@1,3,5",80,1,0,0,1,0,1,0,0,0
"I3eq_d02_@1,3,5",81,1,0,0,1,0,1,0,0,0
"I3eq_d02_@1,3,5",82,1,0,0,1,0,1,0,0,0
"I3eq_d02_@1,3,5",83,1,0,0,1,0,1,0,0,0
"I3eq_d02_@1,3,5",84,1,0,0,1,0,1,0,0,0
"I3eq_d02_@1,3,5",85,1,0,0,1,0,1,0,0,0
"I3eq_d02_@1,3,5",86,1,0,0,1,0,1,0,0,0
"I3eq_d02_@1,3,5",87,1,0,1,0,0,1,0,0,0
"I3eq_d02_@1,3,5",88,1,0,0,1,0,1,0,0,0
"I3eq_d02_@1,3,5",89,1,0,0,1,0,1,0,0,0
"I3eq_d02_@1,3,5",90,1,0,0,1,0,1,0,0,0
"I3eq_d02_@1,3,5",91,1,0,0,1,0,1,0,0,0
"I3eq_d02_@1,3,5",92,1,0,0,1,0,1,0,0,0
"I3eq_d02_@1,3,5",93,1,0,0,1,0,1,0,0,0
"I3eq_d02_@1,3,5",94,1,0,0,1,0,1,0,0,0
"I3eq_d02_@1,3,5",95,1,0,0,1,0,1,0,0,0
"I3eq_d02_@1,3,5",96,1,0,0,1,0,1,0,0,0
"I3eq_d02_@1,3,5",97,1,0,0,1,0,1,0,0,0
"I3eq_d02_@1,3,5",98,1,0,1,0,0,1,0,0,0
"I3eq_d02_@1,3,5",99,1,0,0,1,0,1,0,0,0
"I3eq_d02_@1,3,5",100,1,0,0,1,0,1,0,0,0
"I3eq_d02_@1,3,5",101,1,0,0,1,0,1,0,0,0
"I3eq_d02_@1,3,5",102,1,0,0,1,0,1,0,0,0
"I3eq_d02_@1,3,5",103,1,0,0,1,0,1,0,0,0
"I3eq_d02_@1,3,5",104,1,0,0,1,0,1,0,0,0
"I3eq_d02_@1,3,5",105,1,0,0,1,0,1,0,0,0
"I3eq_d02_@1,3,5",106,1,0,0,1,0,1,0,0,0
"I3eq_d02_@1,3,5",107,1,0,0,1,0,1,0,0,0
"I3eq_d02_@1,3,5",108,1,0,0,1,0,1,0,0,0
"I3eq_d02_@1,3,5",109,1,0,1,0,0,1,0,0,0
"I3eq_d02_@1,3,5",110,1,0,0,1,0,1,0,0,0
"I3eq_d02_@1,3,5",111,1,0,0,1,0,1,0,0,0
"I3eq_d02_@1,3,5",112,1,0,0,1,0,1,0,0,0
"I3eq_d02_@1,3,5",113,1,0,0,1,0,1,0,0,0
"I3eq_d02_@1,3,5",114,1,0,0,1,0,1,0,0,0
"I3eq_d02_@1,3,5",115,1,0,0,1,0,1,1,1,1
"I3eq_d02_@1,3,5",116,1,0,0,1,0,1,1,1,1
"I3eq_d02_@1,3,5",117,1,0,0,1,0,0,1,0,0
"I3eq_d02_@1,3,5",118,1,0,0,1,1,1,0,0,0
"I3eq_d02_@1,3,5",119,1,0,0,1,1,1,1,1,1
"I3eq_d02_@1,3,5",120,1,0,1,0,1,1,1,1,0
"I3eq_d03_@1,4,7",0,1,0,0,1,0,1,0,0,0
"I3eq_d03_@1,4,7",1,1,0,0,1,0,1,0,0,0
"I3eq_d03_@1,4,7",2,1,0,0,1,0,1,0,0,0
"I3eq_d03_@1,4,7",3,1,0,0,1,0,1,0,0,0
"I3eq_d03_@1,4,7",4,1,0,0,1,0,1,0,0,0
"I3eq_d03_@1,4,7",5,1,0,0,1,0,1,0,0,0
"I3eq_d03_@1,4,7",6,1,0,0,1,0,1,0,0,0
"I3eq_d03_@1,4,7",7,1,0,0,1,0,1,0,0,0
"I3eq_d03_@1,4,7",8,1,0,0,1,0,1,0,0,0
"I3eq_d03_@1,4,7",9,1,0,0,1,0,1,0,0,0
"I3eq_d03_@1,4,7",10,1,0,1,0,0,1,0,0,0
"I3eq_d03_@1,4,7",11,1,0,0,1,0,1,0,0,0
"I3eq_d03_@1,4,7",12,1,0,0,1,0,1,0,0,0
"I3eq_d03_@1,4,7",13,1,0,0,1,0,1,0,0,0
"I3eq_d03_@1,4,7",14,1,0,0,1,0,1,0,0,0
"I3eq_d03_@1,4,7",15,1,0,0,1,0,1,0,0,0
"I3eq_d03_@1,4,7",16,1,0,0,1,0,1,0,0,0
"I3eq_d03_@1,4,7",17,1,0,0,1,0,1,0,0,0
"I3eq_d03_@1,4,7",18,1,0,0,1,0,1,0,0,0
"I3eq_d03_@1,4,7",19,1,0,0,1,0,1,0,0,0
"I3eq_d03_@1,4,7",20,1,0,0,1,0,1,0,0,0
"I3eq_d03_@1,4,7",21,1,0,1,0,0,1,0,0,0
"I3eq_d03_@1,4,7",22,1,0,0,1,0,1,0,0,0
"I3eq_d03_@1,4,7",23,1,0,0,1,0,1,0,0,0
"I3eq_d03_@1,4,7",24,1,0,0,1,0,1,0,0,0
"I3eq_d03_@1,4,7",25,1,0,0,1,0,1,0,0,0
"I3eq_d03_@1,4,7",26,1,0,0,1,0,1,0,0,0
"I3eq_d03_@1,4,7",27,1,0,0,1,0,1,0,0,0
"I3eq_d03_@1,4,7",28,1,0,0,1,0,1,0,0,0
"I3eq_d03_@1,4,7",29,1,0,0,1,0,1,0,0,0
"I3eq_d03_@1,4,7",30,1,0,0,1,0,1,0,0,0
"I3eq_d03_@1,4,7",31,1,0,0,1,0,1,0,0,0
"I3eq_d03_@1,4,7",32,1,0,1,0,0,1,0,0,0
"I3eq_d03_@1,4,7",33,1,0,0,1,0,1,0,0,0
"I3eq_d03_@1,4,7",34,1,0,0,1,0,1,0,0,0
"I3eq_d03_@1,4,7",35,1,0,0,1,0,1,0,0,0
"I3eq_d03_@1,4,7",36,1,0,0,1,0,1,0,0,0
"I3eq_d03_@1,4,7",37,1,0,0,1,0,1,0,0,0
"I3eq_d03_@1,4,7",38,1,0,0,1,0,1,0,0,0
"I3eq_d03_@1,4,7",39,1,0,0,1,0,1,0,0,0
"I3eq_d03_@1,4,7",40,1,0,0,1,0,1,0,0,0
"I3eq_d03_@1,4,7",41,1,0,0,1,0,1,0,0,0
"I3eq_d03_@1,4,7",42,1,0,0,1,0,1,0,0,0
"I3eq_d03_@1,4,7",43,1,0,1,0,0,1,0,0,0
"I3eq_d03_@1,4,7",44,1,0,0,1,0,1,0,0,0
"I3eq_d03_@1,4,7",45,1,0,0,1,0,1,0,0,0
"I3eq_d03_@1,4,7",46,1,0,0,1,0,1,0,0,0
"I3eq_d03_@1,4,7",47,1,0,0,1,0,1,0,0,0
"I3eq_d03_@1,4,7",48,1,0,0,1,0,1,0,0,0
"I3eq_d03_@1,4,7",49,1,0,0,1,0,1,0,0,0
"I3eq_d03_@1,4,7",50,1,0,0,1,0,1,0,0,0
"I3eq_d03_@1,4,7",51,1,0,0,1,0,1,0,0,0
"I3eq_d03_@1,4,7",52,1,0,0,1,0,1,0,0,0
"I3eq_d03_@1,4,7",53,1,0,0,1,0,1,0,0,0
"I3eq_d03_@1,4,7",54,1,0,1,0,0,1,0,0,0
"I3eq_d03_@1,4,7",55,1,0,0,1,0,1,0,0,0
"I3eq_d03_@1,4,7",56,1,0,0,1,0,1,0,0,0
"I3eq_d03_@1,4,7",57,1,0,0,1,0,1,0,0,0
"I3eq_d03_@1,4,7",58,1,0,0,1,0,1,0,0,0
"I3eq_d03_@1,4,7",59,1,0,0,1,0,1,0,0,0
"I3eq_d03_@1,4,7",60,1,0,0,1,0,1,0,0,0
"I3eq_d03_@1,4,7",61,1,0,0,1,0,1,0,0,0
"I3eq_d03_@1,4,7",62,1,0,0,1,0,1,0,0,0
"I3eq_d03_@1,4,7",63,1,0,0,1,0,1,0,0,0
"I3eq_d03_@1,4,7",64,1,0,0,1,0,1,0,0,0
"I3eq_d03_@1,4,7",65,1,0,1,0,0,1,0,0,0
"I3eq_d03_@1,4,7",66,1,0,0,1,0,1,0,0,0
"I3eq_d03_@1,4,7",67,1,0,0,1,0,1,0,0,0
"I3eq_d03_@1,4,7",68,1,0,0,1,0,1,0,0,0
"I3eq_d03_@1,4,7",69,1,0,0,1,0,1,0,0,0
"I3eq_d03_@1,4,7",70,1,0,0,1,0,1,0,0,0
"I3eq_d03_@1,4,7",71,1,0,0,1,0,1,0,0,0
"I3eq_d03_@1,4,7",72,1,0,0,1,0,1,0,0,0
"I3eq_d03_@1,4,7",73,1,0,0,1,0,1,0,0,0
"I3eq_d03_@1,4,7",74,1,0,0,1,0,1,0,0,0
"I3eq_d03_@1,4,7",75,1,0,0,1,0,1,0,0,0
"I3eq_d03_@1,4,7",76,1,0,1,0,0,1,0,0,0
"I3eq_d03_@1,4,7",77,1,0,0,1,0,1,0,0,0
"I3eq_d03_@1,4,7",78,1,0,0,1,0,1,0,0,0
"I3eq_d03_@1,4,7",79,1,0,0,1,0,1,0,0,0
"I3eq_d03_@1,4,7",80,1,0,0,1,0,1,0,0,0
"I3eq_d03_@1,4,7",81,1,0,0,1,0,1,0,0,0
"I3eq_d03_@1,4,7",82,1,0,0,1,0,1,0,0,0
"I3eq_d03_@1,4,7",83,1,0,0,1,0,1,0,0,0
"I3eq_d03_@1,4,7",84,1,0,0,1,0,1,0,0,0
"I3eq_d03_@1,4,7",85,1,0,0,1,0,1,0,0,0
"I3eq_d03_@1,4,7",86,1,0,0,1,0,1,0,0,0
"I3eq_d03_@1,4,7",87,1,0,1,0,0,1,0,0,0
"I3eq_d03_@1,4,7",88,1,0,0,1,0,1,0,0,0
"I3eq_d03_@1,4,7",89,1,0,0,1,0,1,0,0,0
"I3eq_d03_@1,4,7",90,1,0,0,1,0,1,0,0,0
"I3eq_d03_@1,4,7",91,1,0,0,1,0,1,0,0,0
"I3eq_d03_@1,4,7",92,1,0,0,1,0,1,0,0,0
"I3eq_d03_@1,4,7",93,1,0,0,1,0,1,0,0,0
"I3eq_d03_@1,4,7",94,1,0,0,1,0,1,0,0,0
"I3eq_d03_@1,4,7",95,1,0,0,1,0,1,0,0,0
"I3eq_d03_@1,4,7",96,1,0,0,1,0,1,0,0,0
"I3eq_d03_@1,4,7",97,1,0,0,1,0,1,0,0,0
"I3eq_d03_@1,4,7",98,1,0,1,0,0,1,0,0,0
"I3eq_d03_@1,4,7",99,1,0,0,1,0,1,0,0,0
"I3eq_d03_@1,4,7",100,1,0,0,1,0,1,0,0,0
"I3eq_d03_@1,4,7",101,1,0,0,1,0,1,0,0,0
"I3eq_d03_@1,4,7",102,1,0,0,1,0,1,0,0,0
"I3eq_d03_@1,4,7",103,1,0,0,1,0,1,0,0,0
"I3eq_d03_@1,4,7",104,1,0,0,1,0,1,0,0,0
"I3eq_d03_@1,4,7",105,1,0,0,1,0,1,0,0,0
"I3eq_d03_@1,4,7",106,1,0,0,1,0,1,0,0,0
"I3eq_d03_@1,4,7",107,1,0,0,1,0,1,0,0,0
"I3eq_d03_@1,4,7",108,1,0,0,1,0,1,0,0,0
"I3eq_d03_@1,4,7",109,1,0,1,0,0,1,0,0,0
"I3eq_d03_@1,4,7",110,1,0,0,1,0,1,0,0,0
"I3eq_d03_@1,4,7",111,1,0,0,1,0,1,0,0,0
"I3eq_d03_@1,4,7",112,1,0,0,1,0,1,0,0,0
"I3eq_d03_@1,4,7",113,1,0,0,1,0,1,1,1,1
"I3eq_d03_@1,4,7",114,1,0,0,1,0,1,1,1,1
"I3eq_d03_@1,4,7",115,1,0,0,1,0,1,1,1,1
"I3eq_d03_@1,4,7",116,1,0,0,1,0,0,1,0,0
"I3eq_d03_@1,4,7",117,1,0,0,1,1,1,0,0,0
"I3eq_d03_@1,4,7",118,1,0,0,1,1,1,0,0,0
"I3eq_d03_@1,4,7",119,1,0,0,1,1,1,1,1,1
"I3eq_d03_@1,4,7",120,1,0,1,0,1,1,1,1,0
"I3eq_d04_@1,5,9",0,1,0,0,1,0,1,0,0,0
"I3eq_d04_@1,5,9",1,1,0,0,1,0,1,0,0,0
"I3eq_d04_@1,5,9",2,1,0,0,1,0,1,0,0,0
"I3eq_d04_@1,5,9",3,1,0,0,1,0,1,0,0,0
"I3eq_d04_@1,5,9",4,1,0,0,1,0,1,0,0,0
"I3eq_d04_@1,5,9",5,1,0,0,1,0,1,0,0,0
"I3eq_d04_@1,5,9",6,1,0,0,1,0,1,0,0,0
"I3eq_d04_@1,5,9",7,1,0,0,1,0,1,0,0,0
"I3eq_d04_@1,5,9",8,1,0,0,1,0,1,0,0,0
"I3eq_d04_@1,5,9",9,1,0,0,1,0,1,0,0,0
"I3eq_d04_@1,5,9",10,1,0,1,0,0,1,0,0,0
"I3eq_d04_@1,5,9",11,1,0,0,1,0,1,0,0,0
"I3eq_d04_@1,5,9",12,1,0,0,1,0,1,0,0,0
"I3eq_d04_@1,5,9",13,1,0,0,1,0,1,0,0,0
"I3eq_d04_@1,5,9",14,1,0,0,1,0,1,0,0,0
"I3eq_d04_@1,5,9",15,1,0,0,1,0,1,0,0,0
"I3eq_d04_@1,5,9",16,1,0,0,1,0,1,0,0,0
"I3eq_d04_@1,5,9",17,1,0,0,1,0,1,0,0,0
"I3eq_d04_@1,5,9",18,1,0,0,1,0,1,0,0,0
"I3eq_d04_@1,5,9",19,1,0,0,1,0,1,0,0,0
"I3eq_d04_@1,5,9",20,1,0,0,1,0,1,0,0,0
"I3eq_d04_@1,5,9",21,1,0,1,0,0,1,0,0,0
"I3eq_d04_@1,5,9",22,1,0,0,1,0,1,0,0,0
"I3eq_d04_@1,5,9",23,1,0,0,1,0,1,0,0,0
"I3eq_d04_@1,5,9",24,1,0,0,1,0,1,0,0,0
"I3eq_d04_@1,5,9",25,1,0,0,1,0,1,0,0,0
"I3eq_d04_@1,5,9",26,1,0,0,1,0,1,0,0,0
"I3eq_d04_@1,5,9",27,1,0,0,1,0,1,0,0,0
"I3eq_d04_@1,5,9",28,1,0,0,1,0,1,0,0,0
"I3eq_d04_@1,5,9",29,1,0,0,1,0,1,0,0,0
"I3eq_d04_@1,5,9",30,1,0,0,1,0,1,0,0,0
"I3eq_d04_@1,5,9",31,1,0,0,1,0,1,0,0,0
"I3eq_d04_@1,5,9",32,1,0,1,0,0,1,0,0,0
"I3eq_d04_@1,5,9",33,1,0,0,1,0,1,0,0,0
"I3eq_d04_@1,5,9",34,1,0,0,1,0,1,0,0,0
"I3eq_d04_@1,5,9",35,1,0,0,1,0,1,0,0,0
"I3eq_d04_@1,5,9",36,1,0,0,1,0,1,0,0,0
"I3eq_d04_@1,5,9",37,1,0,0,1,0,1,0,0,0
"I3eq_d04_@1,5,9",38,1,0,0,1,0,1,0,0,0
"I3eq_d04_@1,5,9",39,1,0,0,1,0,1,0,0,0
"I3eq_d04_@1,5,9",40,1,0,0,1,0,1,0,0,0
"I3eq_d04_@1,5,9",41,1,0,0,1,0,1,0,0,0
"I3eq_d04_@1,5,9",42,1,0,0,1,0,1,0,0,0
"I3eq_d04_@1,5,9",43,1,0,1,0,0,1,0,0,0
"I3eq_d04_@1,5,9",44,1,0,0,1,0,1,0,0,0
"I3eq_d04_@1,5,9",45,1,0,0,1,0,1,0,0,0
"I3eq_d04_@1,5,9",46,1,0,0,1,0,1,0,0,0
"I3eq_d04_@1,5,9",47,1,0,0,1,0,1,0,0,0
"I3eq_d04_@1,5,9",48,1,0,0,1,0,1,0,0,0
"I3eq_d04_@1,5,9",49,1,0,0,1,0,1,0,0,0
"I3eq_d04_@1,5,9",50,1,0,0,1,0,1,0,0,0
"I3eq_d04_@1,5,9",51,1,0,0,1,0,1,0,0,0
"I3eq_d04_@1,5,9",52,1,0,0,1,0,1,0,0,0
"I3eq_d04_@1,5,9",53,1,0,0,1,0,1,0,0,0
"I3eq_d04_@1,5,9",54,1,0,1,0,0,1,0,0,0
"I3eq_d04_@1,5,9",55,1,0,0,1,0,1,0,0,0
"I3eq_d04_@1,5,9",56,1,0,0,1,0,1,0,0,0
"I3eq_d04_@1,5,9",57,1,0,0,1,0,1,0,0,0
"I3eq_d04_@1,5,9",58,1,0,0,1,0,1,0,0,0
"I3eq_d04_@1,5,9",59,1,0,0,1,0,1,0,0,0
"I3eq_d04_@1,5,9",60,1,0,0,1,0,1,0,0,0
"I3eq_d04_@1,5,9",61,1,0,0,1,0,1,0,0,0
"I3eq_d04_@1,5,9",62,1,0,0,1,0,1,0,0,0
"I3eq_d04_@1,5,9",63,1,0,0,1,0,1,0,0,0
"I3eq_d04_@1,5,9",64,1,0,0,1,0,1,0,0,0
"I3eq_d04_@1,5,9",65,1,0,1,0,0,1,0,0,0
"I3eq_d04_@1,5,9",66,1,0,0,1,0,1,0,0,0
"I3eq_d04_@1,5,9",67,1,0,0,1,0,1,0,0,0
"I3eq_d04_@1,5,9",68,1,0,0,1,0,1,0,0,0
"I3eq_d04_@1,5,9",69,1,0,0,1,0,1,0,0,0
"I3eq_d04_@1,5,9",70,1,0,0,1,0,1,0,0,0
"I3eq_d04_@1,5,9",71,1,0,0,1,0,1,0,0,0
"I3eq_d04_@1,5,9",72,1,0,0,1,0,1,0,0,0
"I3eq_d04_@1,5,9",73,1,0,0,1,0,1,0,0,0
"I3eq_d04_@1,5,9",74,1,0,0,1,0,1,0,0,0
"I3eq_d04_@1,5,9",75,1,0,0,1,0,1,0,0,0
"I3eq_d04_@1,5,9",76,1,0,1,0,0,1,0,0,0
"I3eq_d04_@1,5,9",77,1,0,0,1,0,1,0,0,0
"I3eq_d04_@1,5,9",78,1,0,0,1,0,1,0,0,0
"I3eq_d04_@1,5,9",79,1,0,0,1,0,1,0,0,0
"I3eq_d04_@1,5,9",80,1,0,0,1,0,1,0,0,0
"I3eq_d04_@1,5,9",81,1,0,0,1,0,1,0,0,0
"I3eq_d04_@1,5,9",82,1,0,0,1,0,1,0,0,0
"I3eq_d04_@1,5,9",83,1,0,0,1,0,1,0,0,0
"I3eq_d04_@1,5,9",84,1,0,0,1,0,1,0,0,0
"I3eq_d04_@1,5,9",85,1,0,0,1,0,1,0,0,0
"I3eq_d04_@1,5,9",86,1,0,0,1,0,1,0,0,0
"I3eq_d04_@1,5,9",87,1,0,1,0,0,1,0,0,0
"I3eq_d04_@1,5,9",88,1,0,0,1,0,1,0,0,0
"I3eq_d04_@1,5,9",89,1,0,0,1,0,1,0,0,0
"I3eq_d04_@1,5,9",90,1,0,0,1,0,1,0,0,0
"I3eq_d04_@1,5,9",91,1,0,0,1,0,1,0,0,0
"I3eq_d04_@1,5,9",92,1,0,0,1,0,1,0,0,0
"I3eq_d04_@1,5,9",93,1,0,0,1,0,1,0,0,0
"I3eq_d04_@1,5,9",94,1,0,0,1,0,1,0,0,0
"I3eq_d04_@1,5,9",95,1,0,0,1,0,1,0,0,0
"I3eq_d04_@1,5,9",96,1,0,0,1,0,1,0,0,0
"I3eq_d04_@1,5,9",97,1,0,0,1,0,1,0,0,0
"I3eq_d04_@1,5,9",98,1,0,1,0,0,1,0,0,0
"I3eq_d04_@1,5,9",99,1,0,0,1,0,1,0,0,0
"I3eq_d04_@1,5,9",100,1,0,0,1,0,1,0,0,0
"I3eq_d04_@1,5,9",101,1,0,0,1,0,1,0,0,0
"I3eq_d04_@1,5,9",102,1,0,0,1,0,1,0,0,0
"I3eq_d04_@1,5,9",103,1,0,0,1,0,1,0,0,0
"I3eq_d04_@1,5,9",104,1,0,0,1,0,1,0,0,0
"I3eq_d04_@1,5,9",105,1,0,0,1,0,1,0,0,0
"I3eq_d04_@1,5,9",106,1,0,0,1,0,1,0,0,0
"I3eq_d04_@1,5,9",107,1,0,0,1,0,1,0,0,0
"I3eq_d04_@1,5,9",108,1,0,0,1,0,1,0,0,0
"I3eq_d04_@1,5,9",109,1,0,1,0,0,1,0,0,0
"I3eq_d04_@1,5,9",110,1,0,0,1,0,1,0,0,0
"I3eq_d04_@1,5,9",111,1,0,0,1,0,1,1,1,1
"I3eq_d04_@1,5,9",112,1,0,0,1,0,1,1,1,1
"I3eq_d04_@1,5,9",113,1,0,0,1,0,1,1,1,1
"I3eq_d04_@1,5,9",114,1,0,0,1,0,1,1,1,1
"I3eq_d04_@1,5,9",115,1,0,0,1,0,0,1,0,0
"I3eq_d04_@1,5,9",116,1,0,0,1,1,1,0,0,0
"I3eq_d04_@1,5,9",117,1,0,0,1,1,1,0,0,0
"I3eq_d04_@1,5,9",118,1,0,0,1,1,1,0,0,0
"I3eq_d04_@1,5,9",119,1,0,0,1,1,1,1,1,1
"I3eq_d04_@1,5,9",120,1,0,1,0,1,1,1,1,0
"I4eq_d01_@1,2,3,4",0,1,0,0,1,0,1,0,0,0
"I4eq_d01_@1,2,3,4",1,1,0,0,1,0,1,0,0,0
"I4eq_d01_@1,2,3,4",2,1,0,0,1,0,1,0,0,0
"I4eq_d01_@1,2,3,4",3,1,0,0,1,0,1,0,0,0
"I4eq_d01_@1,2,3,4",4,1,0,0,1,0,1,0,0,0
"I4eq_d01_@1,2,3,4",5,1,0,0,1,0,1,0,0,0
"I4eq_d01_@1,2,3,4",6,1,0,0,1,0,1,0,0,0
"I4eq_d01_@1,2,3,4",7,1,0,0,1,0,1,0,0,0
"I4eq_d01_@1,2,3,4",8,1,0,0,1,0,1,0,0,0
"I4eq_d01_@1,2,3,4",9,1,0,0,1,0,1,0,0,0
"I4eq_d01_@1,2,3,4",10,1,0,1,0,0,1,0,0,0
"I4eq_d01_@1,2,3,4",11,1,0,0,1,0,1,0,0,0
"I4eq_d01_@1,2,3,4",12,1,0,0,1,0,1,0,0,0
"I4eq_d01_@1,2,3,4",13,1,0,0,1,0,1,0,0,0
"I4eq_d01_@1,2,3,4",14,1,0,0,1,0,1,0,0,0
"I4eq_d01_@1,2,3,4",15,1,0,0,1,0,1,0,0,0
"I4eq_d01_@1,2,3,4",16,1,0,0,1,0,1,0,0,0
"I4eq_d01_@1,2,3,4",17,1,0,0,1,0,1,0,0,0
"I4eq_d01_@1,2,3,4",18,1,0,0,1,0,1,0,0,0
"I4eq_d01_@1,2,3,4",19,1,0,0,1,0,1,0,0,0
"I4eq_d01_@1,2,3,4",20,1,0,0,1,0,1,0,0,0
"I4eq_d01_@1,2,3,4",21,1,0,1,0,0,1,0,0,0
"I4eq_d01_@1,2,3,4",22,1,0,0,1,0,1,0,0,0
"I4eq_d01_@1,2,3,4",23,1,0,0,1,0,1,0,0,0
"I4eq_d01_@1,2,3,4",24,1,0,0,1,0,1,0,0,0
"I4eq_d01_@1,2,3,4",25,1,0,0,1,0,1,0,0,0
"I4eq_d01_@1,2,3,4",26,1,0,0,1,0,1,0,0,0
"I4eq_d01_@1,2,3,4",27,1,0,0,1,0,1,0,0,0
"I4eq_d01_@1,2,3,4",28,1,0,0,1,0,1,0,0,0
"I4eq_d01_@1,2,3,4",29,1,0,0,1,0,1,0,0,0
"I4eq_d01_@1,2,3,4",30,1,0,0,1,0,1,0,0,0
"I4eq_d01_@1,2,3,4",31,1,0,0,1,0,1,0,0,0
"I4eq_d01_@1,2,3,4",32,1,0,1,0,0,1,0,0,0
"I4eq_d01_@1,2,3,4",33,1,0,0,1,0,1,0,0,0
"I4eq_d01_@1,2,3,4",34,1,0,0,1,0,1,0,0,0
"I4eq_d01_@1,2,3,4",35,1,0,0,1,0,1,0,0,0
"I4eq_d01_@1,2,3,4",36,1,0,0,1,0,1,0,0,0
"I4eq_d01_@1,2,3,4",37,1,0,0,1,0,1,0,0,0
"I4eq_d01_@1,2,3,4",38,1,0,0,1,0,1,0,0,0
"I4eq_d01_@1,2,3,4",39,1,0,0,1,0,1,0,0,0
"I4eq_d01_@1,2,3,4",40,1,0,0,1,0,1,0,0,0
"I4eq_d01_@1,2,3,4",41,1,0,0,1,0,1,0,0,0
"I4eq_d01_@1,2,3,4",42,1,0,0,1,0,1,0,0,0
"I4eq_d01_@1,2,3,4",43,1,0,1,0,0,1,0,0,0
"I4eq_d01_@1,2,3,4",44,1,0,0,1,0,1,0,0,0
"I4eq_d01_@1,2,3,4",45,1,0,0,1,0,1,0,0,0
"I4eq_d01_@1,2,3,4",46,1,0,0,1,0,1,0,0,0
"I4eq_d01_@1,2,3,4",47,1,0,0,1,0,1,0,0,0
"I4eq_d01_@1,2,3,4",48,1,0,0,1,0,1,0,0,0
"I4eq_d01_@1,2,3,4",49,1,0,0,1,0,1,0,0,0
"I4eq_d01_@1,2,3,4",50,1,0,0,1,0,1,0,0,0
"I4eq_d01_@1,2,3,4",51,1,0,0,1,0,1,0,0,0
"I4eq_d01_@1,2,3,4",52,1,0,0,1,0,1,0,0,0
"I4eq_d01_@1,2,3,4",53,1,0,0,1,0,1,0,0,0
"I4eq_d01_@1,2,3,4",54,1,0,1,0,0,1,0,0,0
"I4eq_d01_@1,2,3,4",55,1,0,0,1,0,1,0,0,0
"I4eq_d01_@1,2,3,4",56,1,0,0,1,0,1,0,0,0
"I4eq_d01_@1,2,3,4",57,1,0,0,1,0,1,0,0,0
"I4eq_d01_@1,2,3,4",58,1,0,0,1,0,1,0,0,0
"I4eq_d01_@1,2,3,4",59,1,0,0,1,0,1,0,0,0
"I4eq_d01_@1,2,3,4",60,1,0,0,1,0,1,0,0,0
"I4eq_d01_@1,2,3,4",61,1,0,0,1,0,1,0,0,0
"I4eq_d01_@1,2,3,4",62,1,0,0,1,0,1,0,0,0
"I4eq_d01_@1,2,3,4",63,1,0,0,1,0,1,0,0,0
"I4eq_d01_@1,2,3,4",64,1,0,0,1,0,1,0,0,0
"I4eq_d01_@1,2,3,4",65,1,0,1,0,0,1,0,0,0
"I4eq_d01_@1,2,3,4",66,1,0,0,1,0,1,0,0,0
"I4eq_d01_@1,2,3,4",67,1,0,0,1,0,1,0,0,0
"I4eq_d01_@1,2,3,4",68,1,0,0,1,0,1,0,0,0
"I4eq_d01_@1,2,3,4",69,1,0,0,1,0,1,0,0,0
"I4eq_d01_@1,2,3,4",70,1,0,0,1,0,1,0,0,0
"I4eq_d01_@1,2,3,4",71,1,0,0,1,0,1,0,0,0
"I4eq_d01_@1,2,3,4",72,1,0,0,1,0,1,0,0,0
"I4eq_d01_@1,2,3,4",73,1,0,0,1,0,1,0,0,0
"I4eq_d01_@1,2,3,4",74,1,0,0,1,0,1,0,0,0
"I4eq_d01_@1,2,3,4",75,1,0,0,1,0,1,0,0,0
"I4eq_d01_@1,2,3,4",76,1,0,1,0,0,1,0,0,0
"I4eq_d01_@1,2,3,4",77,1,0,0,1,0,1,0,0,0
"I4eq_d01_@1,2,3,4",78,1,0,0,1,0,1,0,0,0
"I4eq_d01_@1,2,3,4",79,1,0,0,1,0,1,0,0,0
"I4eq_d01_@1,2,3,4",80,1,0,0,1,0,1,0,0,0
"I4eq_d01_@1,2,3,4",81,1,0,0,1,0,1,0,0,0
"I4eq_d01_@1,2,3,4",82,1,0,0,1,0,1,0,0,0
"I4eq_d01_@1,2,3,4",83,1,0,0,1,0,1,0,0,0
"I4eq_d01_@1,2,3,4",84,1,0,0,1,0,1,0,0,0
"I4eq_d01_@1,2,3,4",85,1,0,0,1,0,1,0,0,0
"I4eq_d01_@1,2,3,4",86,1,0,0,1,0,1,0,0,0
"I4eq_d01_@1,2,3,4",87,1,0,1,0,0,1,0,0,0
"I4eq_d01_@1,2,3,4",88,1,0,0,1,0,1,0,0,0
"I4eq_d01_@1,2,3,4",89,1,0,0,1,0,1,0,0,0
"I4eq_d01_@1,2,3,4",90,1,0,0,1,0,1,0,0,0
"I4eq_d01_@1,2,3,4",91,1,0,0,1,0,1,0,0,0
"I4eq_d01_@1,2,3,4",92,1,0,0,1,0,1,0,0,0
"I4eq_d01_@1,2,3,4",93,1,0,0,1,0,1,0,0,0
"I4eq_d01_@1,2,3,4",94,1,0,0,1,0,1,0,0,0
"I4eq_d01_@1,2,3,4",95,1,0,0,1,0,1,0,0,0
"I4eq_d01_@1,2,3,4",96,1,0,0,1,0,1,0,0,0
"I4eq_d01_@1,2,3,4",97,1,0,0,1,0,1,0,0,0
"I4eq_d01_@1,2,3,4",98,1,0,1,0,0,1,0,0,0
"I4eq_d01_@1,2,3,4",99,1,0,0,1,0,1,0,0,0
"I4eq_d01_@1,2,3,4",100,1,0,0,1,0,1,0,0,0
"I4eq_d01_@1,2,3,4",101,1,0,0,1,0,1,0,0,0
"I4eq_d01_@1,2,3,4",102,1,0,0,1,0,1,0,0,0
"I4eq_d01_@1,2,3,4",103,1,0,0,1,0,1,0,0,0
"I4eq_d01_@1,2,3,4",104,1,0,0,1,0,1,0,0,0
"I4eq_d01_@1,2,3,4",105,1,0,0,1,0,1,0,0,0
"I4eq_d01_@1,2,3,4",106,1,0,0,1,0,1,0,0,0
"I4eq_d01_@1,2,3,4",107,1,0,0,1,0,1,0,0,0
"I4eq_d01_@1,2,3,4",108,1,0,0,1,0,1,0,0,0
"I4eq_d01_@1,2,3,4",109,1,0,1,0,0,1,0,0,0
"I4eq_d01_@1,2,3,4",110,1,0,0,1,0,1,0,0,0
"I4eq_d01_@1,2,3,4",111,1,0,0,1,0,1,0,0,0
"I4eq_d01_@1,2,3,4",112,1,0,0,1,0,1,0,0,0
"I4eq_d01_@1,2,3,4",113,1,0,0,1,0,1,0,0,0
"I4eq_d01_@1,2,3,4",114,1,0,0,1,0,1,0,0,0
"I4eq_d01_@1,2,3,4",115,1,0,0,1,0,1,0,0,0
"I4eq_d01_@1,2,3,4",116,1,0,0,1,0,1,1,1,1
"I4eq_d01_@1,2,3,4",117,1,0,0,1,0,0,1,0,0
"I4eq_d01_@1,2,3,4",118,1,0,0,1,1,1,1,1,1
"I4eq_d01_@1,2,3,4",119,1,0,0,1,1,0,1,1,1
"I4eq_d01_@1,2,3,4",120,1,0,1,0,1,1,1,1,0
"I4eq_d02_@1,3,5,7",0,1,0,0,1,0,1,0,0,0
"I4eq_d02_@1,3,5,7",1,1,0,0,1,0,1,0,0,0
"I4eq_d02_@1,3,5,7",2,1,0,0,1,0,1,0,0,0
"I4eq_d02_@1,3,5,7",3,1,0,0,1,0,1,0,0,0
"I4eq_d02_@1,3,5,7",4,1,0,0,1,0,1,0,0,0
"I4eq_d02_@1,3,5,7",5,1,0,0,1,0,1,0,0,0
"I4eq_d02_@1,3,5,7",6,1,0,0,1,0,1,0,0,0
"I4eq_d02_@1,3,5,7",7,1,0,0,1,0,1,0,0,0
"I4eq_d02_@1,3,5,7",8,1,0,0,1,0,1,0,0,0
"I4eq_d02_@1,3,5,7",9,1,0,0,1,0,1,0,0,0
"I4eq_d02_@1,3,5,7",10,1,0,1,0,0,1,0,0,0
"I4eq_d02_@1,3,5,7",11,1,0,0,1,0,1,0,0,0
"I4eq_d02_@1,3,5,7",12,1,0,0,1,0,1,0,0,0
"I4eq_d02_@1,3,5,7",13,1,0,0,1,0,1,0,0,0
"I4eq_d02_@1,3,5,7",14,1,0,0,1,0,1,0,0,0
"I4eq_d02_@1,3,5,7",15,1,0,0,1,0,1,0,0,0
"I4eq_d02_@1,3,5,7",16,1,0,0,1,0,1,0,0,0
"I4eq_d02_@1,3,5,7",17,1,0,0,1,0,1,0,0,0
"I4eq_d02_@1,3,5,7",18,1,0,0,1,0,1,0,0,0
"I4eq_d02_@1,3,5,7",19,1,0,0,1,0,1,0,0,0
"I4eq_d02_@1,3,5,7",20,1,0,0,1,0,1,0,0,0
"I4eq_d02_@1,3,5,7",21,1,0,1,0,0,1,0,0,0
"I4eq_d02_@1,3,5,7",22,1,0,0,1,0,1,0,0,0
"I4eq_d02_@1,3,5,7",23,1,0,0,1,0,1,0,0,0
"I4eq_d02_@1,3,5,7",24,1,0,0,1,0,1,0,0,0
"I4eq_d02_@1,3,5,7",25,1,0,0,1,0,1,0,0,0
"I4eq_d02_@1,3,5,7",26,1,0,0,1,0,1,0,0,0
"I4eq_d02_@1,3,5,7",27,1,0,0,1,0,1,0,0,0
"I4eq_d02_@1,3,5,7",28,1,0,0,1,0,1,0,0,0
"I4eq_d02_@1,3,5,7",29,1,0,0,1,0,1,0,0,0
"I4eq_d02_@1,3,5,7",30,1,0,0,1,0,1,0,0,0
"I4eq_d02_@1,3,5,7",31,1,0,0,1,0,1,0,0,0
"I4eq_d02_@1,3,5,7",32,1,0,1,0,0,1,0,0,0
"I4eq_d02_@1,3,5,7",33,1,0,0,1,0,1,0,0,0
"I4eq_d02_@1,3,5,7",34,1,0,0,1,0,1,0,0,0
"I4eq_d02_@1,3,5,7",35,1,0,0,1,0,1,0,0,0
"I4eq_d02_@1,3,5,7",36,1,0,0,1,0,1,0,0,0
"I4eq_d02_@1,3,5,7",37,1,0,0,1,0,1,0,0,0
"I4eq_d02_@1,3,5,7",38,1,0,0,1,0,1,0,0,0
"I4eq_d02_@1,3,5,7",39,1,0,0,1,0,1,0,0,0
"I4eq_d02_@1,3,5,7",40,1,0,0,1,0,1,0,0,0
"I4eq_d02_@1,3,5,7",41,1,0,0,1,0,1,0,0,0
"I4eq_d02_@1,3,5,7",42,1,0,0,1,0,1,0,0,0
"I4eq_d02_@1,3,5,7",43,1,0,1,0,0,1,0,0,0
"I4eq_d02_@1,3,5,7",44,1,0,0,1,0,1,0,0,0
"I4eq_d02_@1,3,5,7",45,1,0,0,1,0,1,0,0,0
"I4eq_d02_@1,3,5,7",46,1,0,0,1,0,1,0,0,0
"I4eq_d02_@1,3,5,7",47,1,0,0,1,0,1,0,0,0
"I4eq_d02_@1,3,5,7",48,1,0,0,1,0,1,0,0,0
"I4eq_d02_@1,3,5,7",49,1,0,0,1,0,1,0,0,0
"I4eq_d02_@1,3,5,7",50,1,0,0,1,0,1,0,0,0
"I4eq_d02_@1,3,5,7",51,1,0,0,1,0,1,0,0,0
"I4eq_d02_@1,3,5,7",52,1,0,0,1,0,1,0,0,0
"I4eq_d02_@1,3,5,7",53,1,0,0,1,0,1,0,0,0
"I4eq_d02_@1,3,5,7",54,1,0,1,0,0,1,0,0,0
"I4eq_d02_@1,3,5,7",55,1,0,0,1,0,1,0,0,0
"I4eq_d02_@1,3,5,7",56,1,0,0,1,0,1,0,0,0
"I4eq_d02_@1,3,5,7",57,1,0,0,1,0,1,0,0,0
"I4eq_d02_@1,3,5,7",58,1,0,0,1,0,1,0,0,0
"I4eq_d02_@1,3,5,7",59,1,0,0,1,0,1,0,0,0
"I4eq_d02_@1,3,5,7",60,1,0,0,1,0,1,0,0,0
"I4eq_d02_@1,3,5,7",61,1,0,0,1,0,1,0,0,0
"I4eq_d02_@1,3,5,7",62,1,0,0,1,0,1,0,0,0
"I4eq_d02_@1,3,5,7",63,1,0,0,1,0,1,0,0,0
"I4eq_d02_@1,3,5,7",64,1,0,0,1,0,1,0,0,0
"I4eq_d02_@1,3,5,7",65,1,0,1,0,0,1,0,0,0
"I4eq_d02_@1,3,5,7",66,1,0,0,1,0,1,0,0,0
"I4eq_d02_@1,3,5,7",67,1,0,0,1,0,1,0,0,0
"I4eq_d02_@1,3,5,7",68,1,0,0,1,0,1,0,0,0
"I4eq_d02_@1,3,5,7",69,1,0,0,1,0,1,0,0,0
"I4eq_d02_@1,3,5,7",70,1,0,0,1,0,1,0,0,0
"I4eq_d02_@1,3,5,7",71,1,0,0,1,0,1,0,0,0
"I4eq_d02_@1,3,5,7",72,1,0,0,1,0,1,0,0,0
"I4eq_d02_@1,3,5,7",73,1,0,0,1,0,1,0,0,0
"I4eq_d02_@1,3,5,7",74,1,0,0,1,0,1,0,0,0
"I4eq_d02_@1,3,5,7",75,1,0,0,1,0,1,0,0,0
"I4eq_d02_@1,3,5,7",76,1,0,1,0,0,1,0,0,0
"I4eq_d02_@1,3,5,7",77,1,0,0,1,0,1,0,0,0
"I4eq_d02_@1,3,5,7",78,1,0,0,1,0,1,0,0,0
"I4eq_d02_@1,3,5,7",79,1,0,0,1,0,1,0,0,0
"I4eq_d02_@1,3,5,7",80,1,0,0,1,0,1,0,0,0
"I4eq_d02_@1,3,5,7",81,1,0,0,1,0,1,0,0,0
"I4eq_d02_@1,3,5,7",82,1,0,0,1,0,1,0,0,0
"I4eq_d02_@1,3,5,7",83,1,0,0,1,0,1,0,0,0
"I4eq_d02_@1,3,5,7",84,1,0,0,1,0,1,0,0,0
"I4eq_d02_@1,3,5,7",85,1,0,0,1,0,1,0,0,0
"I4eq_d02_@1,3,5,7",86,1,0,0,1,0,1,0,0,0
"I4eq_d02_@1,3,5,7",87,1,0,1,0,0,1,0,0,0
"I4eq_d02_@1,3,5,7",88,1,0,0,1,0,1,0,0,0
"I4eq_d02_@1,3,5,7",89,1,0,0,1,0,1,0,0,0
"I4eq_d02_@1,3,5,7",90,1,0,0,1,0,1,0,0,0
"I4eq_d02_@1,3,5,7",91,1,0,0,1,0,1,0,0,0
"I4eq_d02_@1,3,5,7",92,1,0,0,1,0,1,0,0,0
"I4eq_d02_@1,3,5,7",93,1,0,0,1,0,1,0,0,0
"I4eq_d02_@1,3,5,7",94,1,0,0,1,0,1,0,0,0
"I4eq_d02_@1,3,5,7",95,1,0,0,1,0,1,0,0,0
"I4eq_d02_@1,3,5,7",96,1,0,0,1,0,1,0,0,0
"I4eq_d02_@1,3,5,7",97,1,0,0,1,0,1,0,0,0
"I4eq_d02_@1,3,5,7",98,1,0,1,0,0,1,0,0,0
"I4eq_d02_@1,3,5,7",99,1,0,0,1,0,1,0,0,0
"I4eq_d02_@1,3,5,7",100,1,0,0,1,0,1,0,0,0
"I4eq_d02_@1,3,5,7",101,1,0,0,1,0,1,0,0,0
"I4eq_d02_@1,3,5,7",102,1,0,0,1,0,1,0,0,0
"I4eq_d02_@1,3,5,7",103,1,0,0,1,0,1,0,0,0
"I4eq_d02_@1,3,5,7",104,1,0,0,1,0,1,0,0,0
"I4eq_d02_@1,3,5,7",105,1,0,0,1,0,1,0,0,0
"I4eq_d02_@1,3,5,7",106,1,0,0,1,0,1,0,0,0
"I4eq_d02_@1,3,5,7",107,1,0,0,1,0,1,0,0,0
"I4eq_d02_@1,3,5,7",108,1,0,0,1,0,1,0,0,0
"I4eq_d02_@1,3,5,7",109,1,0,1,0,0,1,0,0,0
"I4eq_d02_@1,3,5,7",110,1,0,0,1,0,1,0,0,0
"I4eq_d02_@1,3,5,7",111,1,0,0,1,0,1,0,0,0
"I4eq_d02_@1,3,5,7",112,1,0,0,1,0,1,0,0,0
"I4eq_d02_@1,3,5,7",113,1,0,0,1,0,1,1,1,1
"I4eq_d02_@1,3,5,7",114,1,0,0,1,0,1,1,1,1
"I4eq_d02_@1,3,5,7",115,1,0,0,1,0,0,1,0,0
"I4eq_d02_@1,3,5,7",116,1,0,0,1,1,1,0,0,0
"I4eq_d02_@1,3,5,7",117,1,0,0,1,1,1,1,1,1
"I4eq_d02_@1,3,5,7",118,1,0,0,1,1,1,1,1,1
"I4eq_d02_@1,3,5,7",119,1,0,0,1,1,0,1,1,1
"I4eq_d02_@1,3,5,7",120,1,0,1,0,1,1,1,1,0
"I4eq_d03_@1,4,7,10",0,1,0,0,1,0,1,0,0,0
"I4eq_d03_@1,4,7,10",1,1,0,0,1,0,1,0,0,0
"I4eq_d03_@1,4,7,10",2,1,0,0,1,0,1,0,0,0
"I4eq_d03_@1,4,7,10",3,1,0,0,1,0,1,0,0,0
"I4eq_d03_@1,4,7,10",4,1,0,0,1,0,1,0,0,0
"I4eq_d03_@1,4,7,10",5,1,0,0,1,0,1,0,0,0
"I4eq_d03_@1,4,7,10",6,1,0,0,1,0,1,0,0,0
"I4eq_d03_@1,4,7,10",7,1,0,0,1,0,1,0,0,0
"I4eq_d03_@1,4,7,10",8,1,0,0,1,0,1,0,0,0
"I4eq_d03_@1,4,7,10",9,1,0,0,1,0,1,0,0,0
"I4eq_d03_@1,4,7,10",10,1,0,1,0,0,1,0,0,0
"I4eq_d03_@1,4,7,10",11,1,0,0,1,0,1,0,0,0
"I4eq_d03_@1,4,7,10",12,1,0,0,1,0,1,0,0,0
"I4eq_d03_@1,4,7,10",13,1,0,0,1,0,1,0,0,0
"I4eq_d03_@1,4,7,10",14,1,0,0,1,0,1,0,0,0
"I4eq_d03_@1,4,7,10",15,1,0,0,1,0,1,0,0,0
"I4eq_d03_@1,4,7,10",16,1,0,0,1,0,1,0,0,0
"I4eq_d03_@1,4,7,10",17,1,0,0,1,0,1,0,0,0
"I4eq_d03_@1,4,7,10",18,1,0,0,1,0,1,0,0,0
"I4eq_d03_@1,4,7,10",19,1,0,0,1,0,1,0,0,0
"I4eq_d03_@1,4,7,10",20,1,0,0,1,0,1,0,0,0
"I4eq_d03_@1,4,7,10",21,1,0,1,0,0,1,0,0,0
"I4eq_d03_@1,4,7,10",22,1,0,0,1,0,1,0,0,0
"I4eq_d03_@1,4,7,10",23,1,0,0,1,0,1,0,0,0
"I4eq_d03_@1,4,7,10",24,1,0,0,1,0,1,0,0,0
"I4eq_d03_@1,4,7,10",25,1,0,0,1,0,1,0,0,0
"I4eq_d03_@1,4,7,10",26,1,0,0,1,0,1,0,0,0
"I4eq_d03_@1,4,7,10",27,1,0,0,1,0,1,0,0,0
"I4eq_d03_@1,4,7,10",28,1,0,0,1,0,1,0,0,0
"I4eq_d03_@1,4,7,10",29,1,0,0,1,0,1,0,0,0
"I4eq_d03_@1,4,7,10",30,1,0,0,1,0,1,0,0,0
"I4eq_d03_@1,4,7,10",31,1,0,0,1,0,1,0,0,0
"I4eq_d03_@1,4,7,10",32,1,0,1,0,0,1,0,0,0
"I4eq_d03_@1,4,7,10",33,1,0,0,1,0,1,0,0,0
"I4eq_d03_@1,4,7,10",34,1,0,0,1,0,1,0,0,0
"I4eq_d03_@1,4,7,10",35,1,0,0,1,0,1,0,0,0
"I4eq_d03_@1,4,7,10",36,1,0,0,1,0,1,0,0,0
"I4eq_d03_@1,4,7,10",37,1,0,0,1,0,1,0,0,0
"I4eq_d03_@1,4,7,10",38,1,0,0,1,0,1,0,0,0
"I4eq_d03_@1,4,7,10",39,1,0,0,1,0,1,0,0,0
"I4eq_d03_@1,4,7,10",40,1,0,0,1,0,1,0,0,0
"I4eq_d03_@1,4,7,10",41,1,0,0,1,0,1,0,0,0
"I4eq_d03_@1,4,7,10",42,1,0,0,1,0,1,0,0,0
"I4eq_d03_@1,4,7,10",43,1,0,1,0,0,1,0,0,0
"I4eq_d03_@1,4,7,10",44,1,0,0,1,0,1,0,0,0
"I4eq_d03_@1,4,7,10",45,1,0,0,1,0,1,0,0,0
"I4eq_d03_@1,4,7,10",46,1,0,0,1,0,1,0,0,0
"I4eq_d03_@1,4,7,10",47,1,0,0,1,0,1,0,0,0
"I4eq_d03_@1,4,7,10",48,1,0,0,1,0,1,0,0,0
"I4eq_d03_@1,4,7,10",49,1,0,0,1,0,1,0,0,0
"I4eq_d03_@1,4,7,10",50,1,0,0,1,0,1,0,0,0
"I4eq_d03_@1,4,7,10",51,1,0,0,1,0,1,0,0,0
"I4eq_d03_@1,4,7,10",52,1,0,0,1,0,1,0,0,0
"I4eq_d03_@1,4,7,10",53,1,0,0,1,0,1,0,0,0
"I4eq_d03_@1,4,7,10",54,1,0,1,0,0,1,0,0,0
"I4eq_d03_@1,4,7,10",55,1,0,0,1,0,1,0,0,0
"I4eq_d03_@1,4,7,10",56,1,0,0,1,0,1,0,0,0
"I4eq_d03_@1,4,7,10",57,1,0,0,1,0,1,0,0,0
"I4eq_d03_@1,4,7,10",58,1,0,0,1,0,1,0,0,0
"I4eq_d03_@1,4,7,10",59,1,0,0,1,0,1,0,0,0
"I4eq_d03_@1,4,7,10",60,1,0,0,1,0,1,0,0,0
"I4eq_d03_@1,4,7,10",61,1,0,0,1,0,1,0,0,0
"I4eq_d03_@1,4,7,10",62,1,0,0,1,0,1,0,0,0
"I4eq_d03_@1,4,7,10",63,1,0,0,1,0,1,0,0,0
"I4eq_d03_@1,4,7,10",64,1,0,0,1,0,1,0,0,0
"I4eq_d03_@1,4,7,10",65,1,0,1,0,0,1,0,0,0
"I4eq_d03_@1,4,7,10",66,1,0,0,1,0,1,0,0,0
"I4eq_d03_@1,4,7,10",67,1,0,0,1,0,1,0,0,0
"I4eq_d03_@1,4,7,10",68,1,0,0,1,0,1,0,0,0
"I4eq_d03_@1,4,7,10",69,1,0,0,1,0,1,0,0,0
"I4eq_d03_@1,4,7,10",70,1,0,0,1,0,1,0,0,0
"I4eq_d03_@1,4,7,10",71,1,0,0,1,0,1,0,0,0
"I4eq_d03_@1,4,7,10",72,1,0,0,1,0,1,0,0,0
"I4eq_d03_@1,4,7,10",73,1,0,0,1,0,1,0,0,0
"I4eq_d03_@1,4,7,10",74,1,0,0,1,0,1,0,0,0
"I4eq_d03_@1,4,7,10",75,1,0,0,1,0,1,0,0,0
"I4eq_d03_@1,4,7,10",76,1,0,1,0,0,1,0,0,0
"I4eq_d03_@1,4,7,10",77,1,0,0,1,0,1,0,0,0
"I4eq_d03_@1,4,7,10",78,1,0,0,1,0,1,0,0,0
"I4eq_d03_@1,4,7,10",79,1,0,0,1,0,1,0,0,0
"I4eq_d03_@1,4,7,10",80,1,0,0,1,0,1,0,0,0
"I4eq_d03_@1,4,7,10",81,1,0,0,1,0,1,0,0,0
"I4eq_d03_@1,4,7,10",82,1,0,0,1,0,1,0,0,0
"I4eq_d03_@1,4,7,10",83,1,0,0,1,0,1,0,0,0
"I4eq_d03_@1,4,7,10",84,1,0,0,1,0,1,0,0,0
"I4eq_d03_@1,4,7,10",85,1,0,0,1,0,1,0,0,0
"I4eq_d03_@1,4,7,10",86,1,0,0,1,0,1,0,0,0
"I4eq_d03_@1,4,7,10",87,1,0,1,0,0,1,0,0,0
"I4eq_d03_@1,4,7,10",88,1,0,0,1,0,1,0,0,0
"I4eq_d03_@1,4,7,10",89,1,0,0,1,0,1,0,0,0
"I4eq_d03_@1,4,7,10",90,1,0,0,1,0,1,0,0,0
"I4eq_d03_@1,4,7,10",91,1,0,0,1,0,1,0,0,0
"I4eq_d03_@1,4,7,10",92,1,0,0,1,0,1,0,0,0
"I4eq_d03_@1,4,7,10",93,1,0,0,1,0,1,0,0,0
"I4eq_d03_@1,4,7,10",94,1,0,0,1,0,1,0,0,0
"I4eq_d03_@1,4,7,10",95,1,0,0,1,0,1,0,0,0
"I4eq_d03_@1,4,7,10",96,1,0,0,1,0,1,0,0,0
"I4eq_d03_@1,4,7,10",97,1,0,0,1,0,1,0,0,0
"I4eq_d03_@1,4,7,10",98,1,0,1,0,0,1,0,0,0
"I4eq_d03_@1,4,7,10",99,1,0,0,1,0,1,0,0,0
"I4eq_d03_@1,4,7,10",100,1,0,0,1,0,1,0,0,0
"I4eq_d03_@1,4,7,10",101,1,0,0,1,0,1,0,0,0
"I4eq_d03_@1,4,7,10",102,1,0,0,1,0,1,0,0,0
"I4eq_d03_@1,4,7,10",103,1,0,0,1,0,1,0,0,0
"I4eq_d03_@1,4,7,10",104,1,0,0,1,0,1,0,0,0
"I4eq_d03_@1,4,7,10",105,1,0,0,1,0,1,0,0,0
"I4eq_d03_@1,4,7,10",106,1,0,0,1,0,1,0,0,0
"I4eq_d03_@1,4,7,10",107,1,0,0,1,0,1,0,0,0
"I4eq_d03_@1,4,7,10",108,1,0,0,1,0,1,0,0,0
"I4eq_d03_@1,4,7,10",109,1,0,1,0,0,1,0,0,0
"I4eq_d03_@1,4,7,10",110,1,0,0,1,0,1,1,1,1
"I4eq_d03_@1,4,7,10",111,1,0,0,1,0,1,1,1,1
"I4eq_d03_@1,4,7,10",112,1,0,0,1,0,1,1,1,1
"I4eq_d03_@1,4,7,10",113,1,0,0,1,0,0,1,0,0
"I4eq_d03_@1,4,7,10",114,1,0,0,1,1,1,0,0,0
"I4eq_d03_@1,4,7,10",115,1,0,0,1,1,1,0,0,0
"I4eq_d03_@1,4,7,10",116,1,0,0,1,1,1,1,1,1
"I4eq_d03_@1,4,7,10",117,1,0,0,1,1,1,1,1,1
"I4eq_d03_@1,4,7,10",118,1,0,0,1,1,1,1,1,1
"I4eq_d03_@1,4,7,10",119,1,0,0,1,1,0,1,1,1
"I4eq_d03_@1,4,7,10",120,1,0,1,0,1,1,1,1,0
"I5eq_d01_@1,2,3,4,5",0,1,0,0,1,0,1,0,0,0
"I5eq_d01_@1,2,3,4,5",1,1,0,0,1,0,1,0,0,0
"I5eq_d01_@1,2,3,4,5",2,1,0,0,1,0,1,0,0,0
"I5eq_d01_@1,2,3,4,5",3,1,0,0,1,0,1,0,0,0
"I5eq_d01_@1,2,3,4,5",4,1,0,0,1,0,1,0,0,0
"I5eq_d01_@1,2,3,4,5",5,1,0,0,1,0,1,0,0,0
"I5eq_d01_@1,2,3,4,5",6,1,0,0,1,0,1,0,0,0
"I5eq_d01_@1,2,3,4,5",7,1,0,0,1,0,1,0,0,0
"I5eq_d01_@1,2,3,4,5",8,1,0,0,1,0,1,0,0,0
"I5eq_d01_@1,2,3,4,5",9,1,0,0,1,0,1,0,0,0
"I5eq_d01_@1,2,3,4,5",10,1,0,1,0,0,1,0,0,0
"I5eq_d01_@1,2,3,4,5",11,1,0,0,1,0,1,0,0,0
"I5eq_d01_@1,2,3,4,5",12,1,0,0,1,0,1,0,0,0
"I5eq_d01_@1,2,3,4,5",13,1,0,0,1,0,1,0,0,0
"I5eq_d01_@1,2,3,4,5",14,1,0,0,1,0,1,0,0,0
"I5eq_d01_@1,2,3,4,5",15,1,0,0,1,0,1,0,0,0
"I5eq_d01_@1,2,3,4,5",16,1,0,0,1,0,1,0,0,0
"I5eq_d01_@1,2,3,4,5",17,1,0,0,1,0,1,0,0,0
"I5eq_d01_@1,2,3,4,5",18,1,0,0,1,0,1,0,0,0
"I5eq_d01_@1,2,3,4,5",19,1,0,0,1,0,1,0,0,0
"I5eq_d01_@1,2,3,4,5",20,1,0,0,1,0,1,0,0,0
"I5eq_d01_@1,2,3,4,5",21,1,0,1,0,0,1,0,0,0
"I5eq_d01_@1,2,3,4,5",22,1,0,0,1,0,1,0,0,0
"I5eq_d01_@1,2,3,4,5",23,1,0,0,1,0,1,0,0,0
"I5eq_d01_@1,2,3,4,5",24,1,0,0,1,0,1,0,0,0
"I5eq_d01_@1,2,3,4,5",25,1,0,0,1,0,1,0,0,0
"I5eq_d01_@1,2,3,4,5",26,1,0,0,1,0,1,0,0,0
"I5eq_d01_@1,2,3,4,5",27,1,0,0,1,0,1,0,0,0
"I5eq_d01_@1,2,3,4,5",28,1,0,0,1,0,1,0,0,0
"I5eq_d01_@1,2,3,4,5",29,1,0,0,1,0,1,0,0,0
"I5eq_d01_@1,2,3,4,5",30,1,0,0,1,0,1,0,0,0
"I5eq_d01_@1,2,3,4,5",31,1,0,0,1,0,1,0,0,0
"I5eq_d01_@1,2,3,4,5",32,1,0,1,0,0,1,0,0,0
"I5eq_d01_@1,2,3,4,5",33,1,0,0,1,0,1,0,0,0
"I5eq_d01_@1,2,3,4,5",34,1,0,0,1,0,1,0,0,0
"I5eq_d01_@1,2,3,4,5",35,1,0,0,1,0,1,0,0,0
"I5eq_d01_@1,2,3,4,5",36,1,0,0,1,0,1,0,0,0
"I5eq_d01_@1,2,3,4,5",37,1,0,0,1,0,1,0,0,0
"I5eq_d01_@1,2,3,4,5",38,1,0,0,1,0,1,0,0,0
"I5eq_d01_@1,2,3,4,5",39,1,0,0,1,0,1,0,0,0
"I5eq_d01_@1,2,3,4,5",40,1,0,0,1,0,1,0,0,0
"I5eq_d01_@1,2,3,4,5",41,1,0,0,1,0,1,0,0,0
"I5eq_d01_@1,2,3,4,5",42,1,0,0,1,0,1,0,0,0
"I5eq_d01_@1,2,3,4,5",43,1,0,1,0,0,1,0,0,0
"I5eq_d01_@1,2,3,4,5",44,1,0,0,1,0,1,0,0,0
"I5eq_d01_@1,2,3,4,5",45,1,0,0,1,0,1,0,0,0
"I5eq_d01_@1,2,3,4,5",46,1,0,0,1,0,1,0,0,0
"I5eq_d01_@1,2,3,4,5",47,1,0,0,1,0,1,0,0,0
"I5eq_d01_@1,2,3,4,5",48,1,0,0,1,0,1,0,0,0
"I5eq_d01_@1,2,3,4,5",49,1,0,0,1,0,1,0,0,0
"I5eq_d01_@1,2,3,4,5",50,1,0,0,1,0,1,0,0,0
"I5eq_d01_@1,2,3,4,5",51,1,0,0,1,0,1,0,0,0
"I5eq_d01_@1,2,3,4,5",52,1,0,0,1,0,1,0,0,0
"I5eq_d01_@1,2,3,4,5",53,1,0,0,1,0,1,0,0,0
"I5eq_d01_@1,2,3,4,5",54,1,0,1,0,0,1,0,0,0
"I5eq_d01_@1,2,3,4,5",55,1,0,0,1,0,1,0,0,0
"I5eq_d01_@1,2,3,4,5",56,1,0,0,1,0,1,0,0,0
"I5eq_d01_@1,2,3,4,5",57,1,0,0,1,0,1,0,0,0
"I5eq_d01_@1,2,3,4,5",58,1,0,0,1,0,1,0,0,0
"I5eq_d01_@1,2,3,4,5",59,1,0,0,1,0,1,0,0,0
"I5eq_d01_@1,2,3,4,5",60,1,0,0,1,0,1,0,0,0
"I5eq_d01_@1,2,3,4,5",61,1,0,0,1,0,1,0,0,0
"I5eq_d01_@1,2,3,4,5",62,1,0,0,1,0,1,0,0,0
"I5eq_d01_@1,2,3,4,5",63,1,0,0,1,0,1,0,0,0
"I5eq_d01_@1,2,3,4,5",64,1,0,0,1,0,1,0,0,0
"I5eq_d01_@1,2,3,4,5",65,1,0,1,0,0,1,0,0,0
"I5eq_d01_@1,2,3,4,5",66,1,0,0,1,0,1,0,0,0
"I5eq_d01_@1,2,3,4,5",67,1,0,0,1,0,1,0,0,0
"I5eq_d01_@1,2,3,4,5",68,1,0,0,1,0,1,0,0,0
"I5eq_d01_@1,2,3,4,5",69,1,0,0,1,0,1,0,0,0
"I5eq_d01_@1,2,3,4,5",70,1,0,0,1,0,1,0,0,0
"I5eq_d01_@1,2,3,4,5",71,1,0,0,1,0,1,0,0,0
"I5eq_d01_@1,2,3,4,5",72,1,0,0,1,0,1,0,0,0
"I5eq_d01_@1,2,3,4,5",73,1,0,0,1,0,1,0,0,0
"I5eq_d01_@1,2,3,4,5",74,1,0,0,1,0,1,0,0,0
"I5eq_d01_@1,2,3,4,5",75,1,0,0,1,0,1,0,0,0
"I5eq_d01_@1,2,3,4,5",76,1,0,1,0,0,1,0,0,0
"I5eq_d01_@1,2,3,4,5",77,1,0,0,1,0,1,0,0,0
"I5eq_d01_@1,2,3,4,5",78,1,0,0,1,0,1,0,0,0
"I5eq_d01_@1,2,3,4,5",79,1,0,0,1,0,1,0,0,0
"I5eq_d01_@1,2,3,4,5",80,1,0,0,1,0,1,0,0,0
"I5eq_d01_@1,2,3,4,5",81,1,0,0,1,0,1,0,0,0
"I5eq_d01_@1,2,3,4,5",82,1,0,0,1,0,1,0,0,0
"I5eq_d01_@1,2,3,4,5",83,1,0,0,1,0,1,0,0,0
"I5eq_d01_@1,2,3,4,5",84,1,0,0,1,0,1,0,0,0
"I5eq_d01_@1,2,3,4,5",85,1,0,0,1,0,1,0,0,0
"I5eq_d01_@1,2,3,4,5",86,1,0,0,1,0,1,0,0,0
"I5eq_d01_@1,2,3,4,5",87,1,0,1,0,0,1,0,0,0
"I5eq_d01_@1,2,3,4,5",88,1,0,0,1,0,1,0,0,0
"I5eq_d01_@1,2,3,4,5",89,1,0,0,1,0,1,0,0,0
"I5eq_d01_@1,2,3,4,5",90,1,0,0,1,0,1,0,0,0
"I5eq_d01_@1,2,3,4,5",91,1,0,0,1,0,1,0,0,0
"I5eq_d01_@1,2,3,4,5",92,1,0,0,1,0,1,0,0,0
"I5eq_d01_@1,2,3,4,5",93,1,0,0,1,0,1,0,0,0
"I5eq_d01_@1,2,3,4,5",94,1,0,0,1,0,1,0,0,0
"I5eq_d01_@1,2,3,4,5",95,1,0,0,1,0,1,0,0,0
"I5eq_d01_@1,2,3,4,5",96,1,0,0,1,0,1,0,0,0
"I5eq_d01_@1,2,3,4,5",97,1,0,0,1,0,1,0,0,0
"I5eq_d01_@1,2,3,4,5",98,1,0,1,0,0,1,0,0,0
"I5eq_d01_@1,2,3,4,5",99,1,0,0,1,0,1,0,0,0
"I5eq_d01_@1,2,3,4,5",100,1,0,0,1,0,1,0,0,0
"I5eq_d01_@1,2,3,4,5",101,1,0,0,1,0,1,0,0,0
"I5eq_d01_@1,2,3,4,5",102,1,0,0,1,0,1,0,0,0
"I5eq_d01_@1,2,3,4,5",103,1,0,0,1,0,1,0,0,0
"I5eq_d01_@1,2,3,4,5",104,1,0,0,1,0,1,0,0,0
"I5eq_d01_@1,2,3,4,5",105,1,0,0,1,0,1,0,0,0
"I5eq_d01_@1,2,3,4,5",106,1,0,0,1,0,1,0,0,0
"I5eq_d01_@1,2,3,4,5",107,1,0,0,1,0,1,0,0,0
"I5eq_d01_@1,2,3,4,5",108,1,0,0,1,0,1,0,0,0
"I5eq_d01_@1,2,3,4,5",109,1,0,1,0,0,1,0,0,0
"I5eq_d01_@1,2,3,4,5",110,1,0,0,1,0,1,0,0,0
"I5eq_d01_@1,2,3,4,5",111,1,0,0,1,0,1,0,0,0
"I5eq_d01_@1,2,3,4,5",112,1,0,0,1,0,1,0,0,0
"I5eq_d01_@1,2,3,4,5",113,1,0,0,1,0,1,0,0,0
"I5eq_d01_@1,2,3,4,5",114,1,0,0,1,0,1,0,0,0
"I5eq_d01_@1,2,3,4,5",115,1,0,0,1,0,1,1,1,1
"I5eq_d01_@1,2,3,4,5",116,1,0,0,1,0,0,1,0,0
"I5eq_d01_@1,2,3,4,5",117,1,0,0,1,1,1,1,1,1
"I5eq_d01_@1,2,3,4,5",118,1,0,0,1,1,0,1,1,1
"I5eq_d01_@1,2,3,4,5",119,1,0,0,1,1,0,1,1,1
"I5eq_d01_@1,2,3,4,5",120,1,0,1,0,1,1,1,1,0
"I5eq_d02_@1,3,5,7,9",0,1,0,0,1,0,1,0,0,0
"I5eq_d02_@1,3,5,7,9",1,1,0,0,1,0,1,0,0,0
"I5eq_d02_@1,3,5,7,9",2,1,0,0,1,0,1,0,0,0
"I5eq_d02_@1,3,5,7,9",3,1,0,0,1,0,1,0,0,0
"I5eq_d02_@1,3,5,7,9",4,1,0,0,1,0,1,0,0,0
"I5eq_d02_@1,3,5,7,9",5,1,0,0,1,0,1,0,0,0
"I5eq_d02_@1,3,5,7,9",6,1,0,0,1,0,1,0,0,0
"I5eq_d02_@1,3,5,7,9",7,1,0,0,1,0,1,0,0,0
"I5eq_d02_@1,3,5,7,9",8,1,0,0,1,0,1,0,0,0
"I5eq_d02_@1,3,5,7,9",9,1,0,0,1,0,1,0,0,0
"I5eq_d02_@1,3,5,7,9",10,1,0,1,0,0,1,0,0,0
"I5eq_d02_@1,3,5,7,9",11,1,0,0,1,0,1,0,0,0
"I5eq_d02_@1,3,5,7,9",12,1,0,0,1,0,1,0,0,0
"I5eq_d02_@1,3,5,7,9",13,1,0,0,1,0,1,0,0,0
"I5eq_d02_@1,3,5,7,9",14,1,0,0,1,0,1,0,0,0
"I5eq_d02_@1,3,5,7,9",15,1,0,0,1,0,1,0,0,0
"I5eq_d02_@1,3,5,7,9",16,1,0,0,1,0,1,0,0,0
"I5eq_d02_@1,3,5,7,9",17,1,0,0,1,0,1,0,0,0
"I5eq_d02_@1,3,5,7,9",18,1,0,0,1,0,1,0,0,0
"I5eq_d02_@1,3,5,7,9",19,1,0,0,1,0,1,0,0,0
"I5eq_d02_@1,3,5,7,9",20,1,0,0,1,0,1,0,0,0
"I5eq_d02_@1,3,5,7,9",21,1,0,1,0,0,1,0,0,0
"I5eq_d02_@1,3,5,7,9",22,1,0,0,1,0,1,0,0,0
"I5eq_d02_@1,3,5,7,9",23,1,0,0,1,0,1,0,0,0
"I5eq_d02_@1,3,5,7,9",24,1,0,0,1,0,1,0,0,0
"I5eq_d02_@1,3,5,7,9",25,1,0,0,1,0,1,0,0,0
"I5eq_d02_@1,3,5,7,9",26,1,0,0,1,0,1,0,0,0
"I5eq_d02_@1,3,5,7,9",27,1,0,0,1,0,1,0,0,0
"I5eq_d02_@1,3,5,7,9",28,1,0,0,1,0,1,0,0,0
"I5eq_d02_@1,3,5,7,9",29,1,0,0,1,0,1,0,0,0
"I5eq_d02_@1,3,5,7,9",30,1,0,0,1,0,1,0,0,0
"I5eq_d02_@1,3,5,7,9",31,1,0,0,1,0,1,0,0,0
"I5eq_d02_@1,3,5,7,9",32,1,0,1,0,0,1,0,0,0
"I5eq_d02_@1,3,5,7,9",33,1,0,0,1,0,1,0,0,0
"I5eq_d02_@1,3,5,7,9",34,1,0,0,1,0,1,0,0,0
"I5eq_d02_@1,3,5,7,9",35,1,0,0,1,0,1,0,0,0
"I5eq_d02_@1,3,5,7,9",36,1,0,0,1,0,1,0,0,0
"I5eq_d02_@1,3,5,7,9",37,1,0,0,1,0,1,0,0,0
"I5eq_d02_@1,3,5,7,9",38,1,0,0,1,0,1,0,0,0
"I5eq_d02_@1,3,5,7,9",39,1,0,0,1,0,1,0,0,0
"I5eq_d02_@1,3,5,7,9",40,1,0,0,1,0,1,0,0,0
"I5eq_d02_@1,3,5,7,9",41,1,0,0,1,0,1,0,0,0
"I5eq_d02_@1,3,5,7,9",42,1,0,0,1,0,1,0,0,0
"I5eq_d02_@1,3,5,7,9",43,1,0,1,0,0,1,0,0,0
"I5eq_d02_@1,3,5,7,9",44,1,0,0,1,0,1,0,0,0
"I5eq_d02_@1,3,5,7,9",45,1,0,0,1,0,1,0,0,0
"I5eq_d02_@1,3,5,7,9",46,1,0,0,1,0,1,0,0,0
"I5eq_d02_@1,3,5,7,9",47,1,0,0,1,0,1,0,0,0
"I5eq_d02_@1,3,5,7,9",48,1,0,0,1,0,1,0,0,0
"I5eq_d02_@1,3,5,7,9",49,1,0,0,1,0,1,0,0,0
"I5eq_d02_@1,3,5,7,9",50,1,0,0,1,0,1,0,0,0
"I5eq_d02_@1,3,5,7,9",51,1,0,0,1,0,1,0,0,0
"I5eq_d02_@1,3,5,7,9",52,1,0,0,1,0,1,0,0,0
"I5eq_d02_@1,3,5,7,9",53,1,0,0,1,0,1,0,0,0
"I5eq_d02_@1,3,5,7,9",54,1,0,1,0,0,1,0,0,0
"I5eq_d02_@1,3,5,7,9",55,1,0,0,1,0,1,0,0,0
"I5eq_d02_@1,3,5,7,9",56,1,0,0,1,0,1,0,0,0
"I5eq_d02_@1,3,5,7,9",57,1,0,0,1,0,1,0,0,0
"I5eq_d02_@1,3,5,7,9",58,1,0,0,1,0,1,0,0,0
"I5eq_d02_@1,3,5,7,9",59,1,0,0,1,0,1,0,0,0
"I5eq_d02_@1,3,5,7,9",60,1,0,0,1,0,1,0,0,0
"I5eq_d02_@1,3,5,7,9",61,1,0,0,1,0,1,0,0,0
"I5eq_d02_@1,3,5,7,9",62,1,0,0,1,0,1,0,0,0
"I5eq_d02_@1,3,5,7,9",63,1,0,0,1,0,1,0,0,0
"I5eq_d02_@1,3,5,7,9",64,1,0,0,1,0,1,0,0,0
"I5eq_d02_@1,3,5,7,9",65,1,0,1,0,0,1,0,0,0
"I5eq_d02_@1,3,5,7,9",66,1,0,0,1,0,1,0,0,0
"I5eq_d02_@1,3,5,7,9",67,1,0,0,1,0,1,0,0,0
"I5eq_d02_@1,3,5,7,9",68,1,0,0,1,0,1,0,0,0
"I5eq_d02_@1,3,5,7,9",69,1,0,0,1,0,1,0,0,0
"I5eq_d02_@1,3,5,7,9",70,1,0,0,1,0,1,0,0,0
"I5eq_d02_@1,3,5,7,9",71,1,0,0,1,0,1,0,0,0
"I5eq_d02_@1,3,5,7,9",72,1,0,0,1,0,1,0,0,0
"I5eq_d02_@1,3,5,7,9",73,1,0,0,1,0,1,0,0,0
"I5eq_d02_@1,3,5,7,9",74,1,0,0,1,0,1,0,0,0
"I5eq_d02_@1,3,5,7,9",75,1,0,0,1,0,1,0,0,0
"I5eq_d02_@1,3,5,7,9",76,1,0,1,0,0,1,0,0,0
"I5eq_d02_@1,3,5,7,9",77,1,0,0,1,0,1,0,0,0
"I5eq_d02_@1,3,5,7,9",78,1,0,0,1,0,1,0,0,0
"I5eq_d02_@1,3,5,7,9",79,1,0,0,1,0,1,0,0,0
"I5eq_d02_@1,3,5,7,9",80,1,0,0,1,0,1,0,0,0
"I5eq_d02_@1,3,5,7,9",81,1,0,0,1,0,1,0,0,0
"I5eq_d02_@1,3,5,7,9",82,1,0,0,1,0,1,0,0,0
"I5eq_d02_@1,3,5,7,9",83,1,0,0,1,0,1,0,0,0
"I5eq_d02_@1,3,5,7,9",84,1,0,0,1,0,1,0,0,0
"I5eq_d02_@1,3,5,7,9",85,1,0,0,1,0,1,0,0,0
"I5eq_d02_@1,3,5,7,9",86,1,0,0,1,0,1,0,0,0
"I5eq_d02_@1,3,5,7,9",87,1,0,1,0,0,1,0,0,0
"I5eq_d02_@1,3,5,7,9",88,1,0,0,1,0,1,0,0,0
"I5eq_d02_@1,3,5,7,9",89,1,0,0,1,0,1,0,0,0
"I5eq_d02_@1,3,5,7,9",90,1,0,0,1,0,1,0,0,0
"I5eq_d02_@1,3,5,7,9",91,1,0,0,1,0,1,0,0,0
"I5eq_d02_@1,3,5,7,9",92,1,0,0,1,0,1,0,0,0
"I5eq_d02_@1,3,5,7,9",93,1,0,0,1,0,1,0,0,0
"I5eq_d02_@1,3,5,7,9",94,1,0,0,1,0,1,0,0,0
"I5eq_d02_@1,3,5,7,9",95,1,0,0,1,0,1,0,0,0
"I5eq_d02_@1,3,5,7,9",96,1,0,0,1,0,1,0,0,0
"I5eq_d02_@1,3,5,7,9",97,1,0,0,1,0,1,0,0,0
"I5eq_d02_@1,3,5,7,9",98,1,0,1,0,0,1,0,0,0
"I5eq_d02_@1,3,5,7,9",99,1,0,0,1,0,1,0,0,0
"I5eq_d02_@1,3,5,7,9",100,1,0,0,1,0,1,0,0,0
"I5eq_d02_@1,3,5,7,9",101,1,0,0,1,0,1,0,0,0
"I5eq_d02_@1,3,5,7,9",102,1,0,0,1,0,1,0,0,0
"I5eq_d02_@1,3,5,7,9",103,1,0,0,1,0,1,0,0,0
"I5eq_d02_@1,3,5,7,9",104,1,0,0,1,0,1,0,0,0
"I5eq_d02_@1,3,5,7,9",105,1,0,0,1,0,1,0,0,0
"I5eq_d02_@1,3,5,7,9",106,1,0,0,1,0,1,0,0,0
"I5eq_d02_@1,3,5,7,9",107,1,0,0,1,0,1,0,0,0
"I5eq_d02_@1,3,5,7,9",108,1,0,0,1,0,1,0,0,0
"I5eq_d02_@1,3,5,7,9",109,1,0,1,0,0,1,0,0,0
"I5eq_d02_@1,3,5,7,9",110,1,0,0,1,0,1,0,0,0
"I5eq_d02_@1,3,5,7,9",111,1,0,0,1,0,1,1,1,1
"I5eq_d02_@1,3,5,7,9",112,1,0,0,1,0,1,1,1,1
"I5eq_d02_@1,3,5,7,9",113,1,0,0,1,0,0,1,0,0
"I5eq_d02_@1,3,5,7,9",114,1,0,0,1,1,1,0,0,0
"I5eq_d02_@1,3,5,7,9",115,1,0,0,1,1,1,1,1,1
"I5eq_d02_@1,3,5,7,9",116,1,0,0,1,1,1,1,1,1
"I5eq_d02_@1,3,5,7,9",117,1,0,0,1,1,0,1,1,1
"I5eq_d02_@1,3,5,7,9",118,1,0,0,1,1,1,1,1,1
"I5eq_d02_@1,3,5,7,9",119,1,0,0,1,1,0,1,1,1
"I5eq_d02_@1,3,5,7,9",120,1,0,1,0,1,1,1,1,0
all11_@0..10,0,1,0,0,1,0,1,0,0,0
all11_@0..10,1,1,0,0,1,0,1,0,0,0
all11_@0..10,2,1,0,0,1,0,1,0,0,0
all11_@0..10,3,1,0,0,1,0,1,0,0,0
all11_@0..10,4,1,0,0,1,0,1,0,0,0
all11_@0..10,5,1,0,0,1,0,1,0,0,0
all11_@0..10,6,1,0,0,1,0,1,0,0,0
all11_@0..10,7,1,0,0,1,0,1,0,0,0
all11_@0..10,8,1,0,0,1,0,1,0,0,0
all11_@0..10,9,1,0,0,1,0,1,0,0,0
all11_@0..10,10,1,0,1,0,0,1,0,0,0
all11_@0..10,11,1,0,0,1,0,1,0,0,0
all11_@0..10,12,1,0,0,1,0,1,0,0,0
all11_@0..10,13,1,0,0,1,0,1,0,0,0
all11_@0..10,14,1,0,0,1,0,1,0,0,0
all11_@0..10,15,1,0,0,1,0,1,0,0,0
all11_@0..10,16,1,0,0,1,0,1,0,0,0
all11_@0..10,17,1,0,0,1,0,1,0,0,0
all11_@0..10,18,1,0,0,1,0,1,0,0,0
all11_@0..10,19,1,0,0,1,0,1,0,0,0
all11_@0..10,20,1,0,0,1,0,1,0,0,0
all11_@0..10,21,1,0,1,0,0,1,0,0,0
all11_@0..10,22,1,0,0,1,0,1,0,0,0
all11_@0..10,23,1,0,0,1,0,1,0,0,0
all11_@0..10,24,1,0,0,1,0,1,0,0,0
all11_@0..10,25,1,0,0,1,0,1,0,0,0
all11_@0..10,26,1,0,0,1,0,1,0,0,0
all11_@0..10,27,1,0,0,1,0,1,0,0,0
all11_@0..10,28,1,0,0,1,0,1,0,0,0
all11_@0..10,29,1,0,0,1,0,1,0,0,0
all11_@0..10,30,1,0,0,1,0,1,0,0,0
all11_@0..10,31,1,0,0,1,0,1,0,0,0
all11_@0..10,32,1,0,1,0,0,1,0,0,0
all11_@0..10,33,1,0,0,1,0,1,0,0,0
all11_@0..10,34,1,0,0,1,0,1,0,0,0
all11_@0..10,35,1,0,0,1,0,1,0,0,0
all11_@0..10,36,1,0,0,1,0,1,0,0,0
all11_@0..10,37,1,0,0,1,0,1,0,0,0
all11_@0..10,38,1,0,0,1,0,1,0,0,0
all11_@0..10,39,1,0,0,1,0,1,0,0,0
all11_@0..10,40,1,0,0,1,0,1,0,0,0
all11_@0..10,41,1,0,0,1,0,1,0,0,0
all11_@0..10,42,1,0,0,1,0,1,0,0,0
all11_@0..10,43,1,0,1,0,0,1,0,0,0
all11_@0..10,44,1,0,0,1,0,1,0,0,0
all11_@0..10,45,1,0,0,1,0,1,0,0,0
all11_@0..10,46,1,0,0,1,0,1,0,0,0
all11_@0..10,47,1,0,0,1,0,1,0,0,0
all11_@0..10,48,1,0,0,1,0,1,0,0,0
all11_@0..10,49,1,0,0,1,0,1,0,0,0
all11_@0..10,50,1,0,0,1,0,1,0,0,0
all11_@0..10,51,1,0,0,1,0,1,0,0,0
all11_@0..10,52,1,0,0,1,0,1,0,0,0
all11_@0..10,53,1,0,0,1,0,1,0,0,0
all11_@0..10,54,1,0,1,0,0,1,0,0,0
all11_@0..10,55,1,0,0,1,0,1,0,0,0
all11_@0..10,56,1,0,0,1,0,1,0,0,0
all11_@0..10,57,1,0,0,1,0,1,0,0,0
all11_@0..10,58,1,0,0,1,0,1,0,0,0
all11_@0..10,59,1,0,0,1,0,1,0,0,0
all11_@0..10,60,1,0,0,1,0,1,0,0,0
all11_@0..10,61,1,0,0,1,0,1,0,0,0
all11_@0..10,62,1,0,0,1,0,1,0,0,0
all11_@0..10,63,1,0,0,1,0,1,0,0,0
all11_@0..10,64,1,0,0,1,0,1,0,0,0
all11_@0..10,65,1,0,1,0,0,1,0,0,0
all11_@0..10,66,1,0,0,1,0,1,0,0,0
all11_@0..10,67,1,0,0,1,0,1,0,0,0
all11_@0..10,68,1,0,0,1,0,1,0,0,0
all11_@0..10,69,1,0,0,1,0,1,0,0,0
all11_@0..10,70,1,0,0,1,0,1,0,0,0
all11_@0..10,71,1,0,0,1,0,1,0,0,0
all11_@0..10,72,1,0,0,1,0,1,0,0,0
all11_@0..10,73,1,0,0,1,0,1,0,0,0
all11_@0..10,74,1,0,0,1,0,1,0,0,0
all11_@0..10,75,1,0,0,1,0,1,0,0,0
all11_@0..10,76,1,0,1,0,0,1,0,0,0
all11_@0..10,77,1,0,0,1,0,1,0,0,0
all11_@0..10,78,1,0,0,1,0,1,0,0,0
all11_@0..10,79,1,0,0,1,0,1,0,0,0
all11_@0..10,80,1,0,0,1,0,1,0,0,0
all11_@0..10,81,1,0,0,1,0,1,0,0,0
all11_@0..10,82,1,0,0,1,0,1,0,0,0
all11_@0..10,83,1,0,0,1,0,1,0,0,0
all11_@0..10,84,1,0,0,1,0,1,0,0,0
all11_@0..10,85,1,0,0,1,0,1,0,0,0
all11_@0..10,86,1,0,0,1,0,1,0,0,0
all11_@0..10,87,1,0,1,0,0,1,0,0,0
all11_@0..10,88,1,0,0,1,0,1,0,0,0
all11_@0..10,89,1,0,0,1,0,1,0,0,0
all11_@0..10,90,1,0,0,1,0,1,0,0,0
all11_@0..10,91,1,0,0,1,0,1,0,0,0
all11_@0..10,92,1,0,0,1,0,1,0,0,0
all11_@0..10,93,1,0,0,1,0,1,0,0,0
all11_@0..10,94,1,0,0,1,0,1,0,0,0
all11_@0..10,95,1,0,0,1,0,1,0,0,0
all11_@0..10,96,1,0,0,1,0,1,0,0,0
all11_@0..10,97,1,0,0,1,0,1,0,0,0
all11_@0..10,98,1,0,1,0,0,1,0,0,0
all11_@0..10,99,1,0,0,1,0,1,0,0,0
all11_@0..10,100,1,0,0,1,0,1,0,0,0
all11_@0..10,101,1,0,0,1,0,1,0,0,0
all11_@0..10,102,1,0,0,1,0,1,0,0,0
all11_@0..10,103,1,0,0,1,0,1,0,0,0
all11_@0..10,104,1,0,0,1,0,1,0,0,0
all11_@0..10,105,1,0,0,1,0,1,0,0,0
all11_@0..10,106,1,0,0,1,0,1,0,0,0
all11_@0..10,107,1,0,0,1,0,1,0,0,0
all11_@0..10,108,1,0,0,1,0,1,0,0,0
all11_@0..10,109,1,0,1,0,0,1,0,0,0
all11_@0..10,110,1,0,0,1,0,1,1,1,1
all11_@0..10,111,1,0,0,1,0,0,1,0,0
all11_@0..10,112,1,0,0,1,1,1,1,1,1
all11_@0..10,113,1,0,0,1,1,0,1,1,1
all11_@0..10,114,1,0,0,1,1,0,1,1,1
all11_@0..10,115,1,0,0,1,1,0,1,1,1
all11_@0..10,116,1,0,0,1,1,0,1,1,1
all11_@0..10,117,1,0,0,1,1,0,1,1,1
all11_@0..10,118,1,0,0,1,1,0,1,1,1
all11_@0..10,119,1,0,0,1,1,0,1,1,1
all11_@0..10,120,1,0,1,0,1,0,1,1,0
