label,mode,cyc,I,enable,nand2b_Y,nand2b_A_N,nand2b_B,a32o_X,success,or4A,or4B,or4C,or4D,inv7,xor7A
all0,0,0,0,1,1,0,0,0,0,0,0,0,0,1,0
all0,0,1,0,1,1,0,0,0,0,1,0,0,0,1,0
all0,0,2,0,1,1,0,0,0,0,0,1,0,0,1,0
all0,0,3,0,1,1,0,0,0,0,1,1,0,0,1,0
all0,0,4,0,1,1,0,0,0,0,0,0,1,0,1,0
all0,0,5,0,1,1,0,0,0,0,1,0,1,0,1,0
all0,0,6,0,1,1,0,0,0,0,0,1,1,0,1,0
all0,0,7,0,1,1,0,0,0,0,1,1,1,0,1,0
all0,0,8,0,1,1,0,0,0,0,0,0,0,1,1,0
all0,0,9,0,1,1,0,0,0,0,1,0,0,1,1,0
all0,0,10,0,1,1,0,0,0,0,0,1,0,1,1,0
all0,0,11,0,1,1,0,0,0,0,0,0,0,0,1,1
all0,0,12,0,1,1,0,0,0,0,1,0,0,0,1,1
all0,0,13,0,1,1,0,0,0,0,0,1,0,0,1,1
all0,0,14,0,1,1,0,0,0,0,1,1,0,0,1,1
all0,0,15,0,1,1,0,0,0,0,0,0,1,0,1,1
all0,0,16,0,1,1,0,0,0,0,1,0,1,0,1,1
all0,0,17,0,1,1,0,0,0,0,0,1,1,0,1,1
all0,0,18,0,1,1,0,0,0,0,1,1,1,0,1,1
all0,0,19,0,1,1,0,0,0,0,0,0,0,1,1,1
all0,0,20,0,1,1,0,0,0,0,1,0,0,1,1,1
all0,0,21,0,1,1,0,0,0,0,0,1,0,1,1,1
all0,0,22,0,1,1,0,0,0,0,0,0,0,0,1,0
all0,0,23,0,1,1,0,0,0,0,1,0,0,0,1,0
all0,0,24,0,1,1,0,0,0,0,0,1,0,0,1,0
all0,0,25,0,1,1,0,0,0,0,1,1,0,0,1,0
all0,0,26,0,1,1,0,0,0,0,0,0,1,0,1,0
all0,0,27,0,1,1,0,0,0,0,1,0,1,0,1,0
all0,0,28,0,1,1,0,0,0,0,0,1,1,0,1,0
all0,0,29,0,1,1,0,0,0,0,1,1,1,0,1,0
all0,0,30,0,1,1,0,0,0,0,0,0,0,1,1,0
all0,0,31,0,1,1,0,0,0,0,1,0,0,1,1,0
all0,0,32,0,1,1,0,0,0,0,0,1,0,1,1,0
all0,0,33,0,1,1,0,0,0,0,0,0,0,0,1,1
all0,0,34,0,1,1,0,0,0,0,1,0,0,0,1,1
all0,0,35,0,1,1,0,0,0,0,0,1,0,0,1,1
all0,0,36,0,1,1,0,0,0,0,1,1,0,0,1,1
all0,0,37,0,1,1,0,0,0,0,0,0,1,0,1,1
all0,0,38,0,1,1,0,0,0,0,1,0,1,0,1,1
all0,0,39,0,1,1,0,0,0,0,0,1,1,0,1,1
all0,0,40,0,1,1,0,0,0,0,1,1,1,0,1,1
all0,0,41,0,1,1,0,0,0,0,0,0,0,1,1,1
all0,0,42,0,1,1,0,0,0,0,1,0,0,1,1,1
all0,0,43,0,1,1,0,0,0,0,0,1,0,1,1,1
all0,0,44,0,1,1,0,0,0,0,0,0,0,0,1,0
all0,0,45,0,1,1,0,0,0,0,1,0,0,0,1,0
all0,0,46,0,1,1,0,0,0,0,0,1,0,0,1,0
all0,0,47,0,1,1,0,0,0,0,1,1,0,0,1,0
all0,0,48,0,1,1,0,0,0,0,0,0,1,0,1,0
all0,0,49,0,1,1,0,0,0,0,1,0,1,0,1,0
all0,0,50,0,1,1,0,0,0,0,0,1,1,0,1,0
all0,0,51,0,1,1,0,0,0,0,1,1,1,0,1,0
all0,0,52,0,1,1,0,0,0,0,0,0,0,1,1,0
all0,0,53,0,1,1,0,0,0,0,1,0,0,1,1,0
all0,0,54,0,1,1,0,0,0,0,0,1,0,1,1,0
all0,0,55,0,1,1,0,0,0,0,0,0,0,0,1,1
all0,0,56,0,1,1,0,0,0,0,1,0,0,0,1,1
all0,0,57,0,1,1,0,0,0,0,0,1,0,0,1,1
all0,0,58,0,1,1,0,0,0,0,1,1,0,0,1,1
all0,0,59,0,1,1,0,0,0,0,0,0,1,0,1,1
all0,0,60,0,1,1,0,0,0,0,1,0,1,0,1,1
all0,0,61,0,1,1,0,0,0,0,0,1,1,0,1,1
all0,0,62,0,1,1,0,0,0,0,1,1,1,0,1,1
all0,0,63,0,1,1,0,0,0,0,0,0,0,1,1,1
all0,0,64,0,1,1,0,0,0,0,1,0,0,1,1,1
all0,0,65,0,1,1,0,0,0,0,0,1,0,1,1,1
all0,0,66,0,1,1,0,0,0,0,0,0,0,0,1,0
all0,0,67,0,1,1,0,0,0,0,1,0,0,0,1,0
all0,0,68,0,1,1,0,0,0,0,0,1,0,0,1,0
all0,0,69,0,1,1,0,0,0,0,1,1,0,0,1,0
all0,0,70,0,1,1,0,0,0,0,0,0,1,0,1,0
all0,0,71,0,1,1,0,0,0,0,1,0,1,0,1,0
all0,0,72,0,1,1,0,0,0,0,0,1,1,0,1,0
all0,0,73,0,1,1,0,0,0,0,1,1,1,0,1,0
all0,0,74,0,1,1,0,0,0,0,0,0,0,1,1,0
all0,0,75,0,1,1,0,0,0,0,1,0,0,1,1,0
all0,0,76,0,1,1,0,0,0,0,0,1,0,1,1,0
all0,0,77,0,1,1,0,0,0,0,0,0,0,0,1,1
all0,0,78,0,1,1,0,0,0,0,1,0,0,0,1,1
all0,0,79,0,1,1,0,0,0,0,0,1,0,0,1,1
all0,0,80,0,1,1,0,0,0,0,1,1,0,0,1,1
all0,0,81,0,1,1,0,0,0,0,0,0,1,0,1,1
all0,0,82,0,1,1,0,0,0,0,1,0,1,0,1,1
all0,0,83,0,1,1,0,0,0,0,0,1,1,0,1,1
all0,0,84,0,1,1,0,0,0,0,1,1,1,0,1,1
all0,0,85,0,1,1,0,0,0,0,0,0,0,1,1,1
all0,0,86,0,1,1,0,0,0,0,1,0,0,1,1,1
all0,0,87,0,1,1,0,0,0,0,0,1,0,1,1,1
all0,0,88,0,1,1,0,0,0,0,0,0,0,0,1,0
all0,0,89,0,1,1,0,0,0,0,1,0,0,0,1,0
all0,0,90,0,1,1,0,0,0,0,0,1,0,0,1,0
all0,0,91,0,1,1,0,0,0,0,1,1,0,0,1,0
all0,0,92,0,1,1,0,0,0,0,0,0,1,0,1,0
all0,0,93,0,1,1,0,0,0,0,1,0,1,0,1,0
all0,0,94,0,1,1,0,0,0,0,0,1,1,0,1,0
all0,0,95,0,1,1,0,0,0,0,1,1,1,0,1,0
all0,0,96,0,1,1,0,0,0,0,0,0,0,1,1,0
all0,0,97,0,1,1,0,0,0,0,1,0,0,1,1,0
all0,0,98,0,1,1,0,0,0,0,0,1,0,1,1,0
all0,0,99,0,1,1,0,0,0,0,0,0,0,0,1,1
all0,0,100,0,1,1,0,0,0,0,1,0,0,0,1,1
all0,0,101,0,1,1,0,0,0,0,0,1,0,0,1,1
all0,0,102,0,1,1,0,0,0,0,1,1,0,0,1,1
all0,0,103,0,1,1,0,0,0,0,0,0,1,0,1,1
all0,0,104,0,1,1,0,0,0,0,1,0,1,0,1,1
all0,0,105,0,1,1,0,0,0,0,0,1,1,0,1,1
all0,0,106,0,1,1,0,0,0,0,1,1,1,0,1,1
all0,0,107,0,1,1,0,0,0,0,0,0,0,1,1,1
all0,0,108,0,1,1,0,0,0,0,1,0,0,1,1,1
all0,0,109,0,1,1,0,0,0,0,0,1,0,1,1,1
all0,0,110,0,1,1,0,0,0,0,0,0,0,0,1,0
all0,0,111,0,1,1,0,0,0,0,1,0,0,0,1,0
all0,0,112,0,1,1,0,0,0,0,0,1,0,0,1,0
all0,0,113,0,1,1,0,0,0,0,1,1,0,0,1,0
all0,0,114,0,1,1,0,0,0,0,0,0,1,0,1,0
all0,0,115,0,1,1,0,0,0,0,1,0,1,0,1,0
all0,0,116,0,1,1,0,0,0,0,0,1,1,0,1,0
all0,0,117,0,1,1,0,0,0,0,1,1,1,0,1,0
all0,0,118,0,1,1,0,0,0,0,0,0,0,1,1,0
all0,0,119,0,1,1,0,0,0,0,1,0,0,1,1,0
all0,0,120,0,1,1,0,0,0,0,0,1,0,1,1,0
all1,1,0,1,1,1,0,0,0,0,0,0,0,0,1,0
all1,1,1,1,1,1,0,0,0,0,1,0,0,0,1,0
all1,1,2,1,1,1,0,0,0,0,0,1,0,0,1,0
all1,1,3,1,1,1,0,0,0,0,1,1,0,0,1,0
all1,1,4,1,1,1,0,0,0,0,0,0,1,0,1,0
all1,1,5,1,1,1,0,0,0,0,1,0,1,0,1,0
all1,1,6,1,1,1,0,0,0,0,0,1,1,0,1,0
all1,1,7,1,1,1,0,0,0,0,1,1,1,0,1,0
all1,1,8,1,1,1,0,0,0,0,0,0,0,1,1,0
all1,1,9,1,1,1,0,0,0,0,1,0,0,1,1,0
all1,1,10,1,1,1,0,0,0,0,0,1,0,1,1,0
all1,1,11,1,1,1,0,0,0,0,0,0,0,0,1,1
all1,1,12,1,1,1,0,0,0,0,1,0,0,0,1,1
all1,1,13,1,1,1,0,0,0,0,0,1,0,0,1,1
all1,1,14,1,1,1,0,0,0,0,1,1,0,0,1,1
all1,1,15,1,1,1,0,0,0,0,0,0,1,0,1,1
all1,1,16,1,1,1,0,0,0,0,1,0,1,0,1,1
all1,1,17,1,1,1,0,0,0,0,0,1,1,0,1,1
all1,1,18,1,1,1,0,0,0,0,1,1,1,0,1,1
all1,1,19,1,1,1,0,0,0,0,0,0,0,1,1,1
all1,1,20,1,1,1,0,0,0,0,1,0,0,1,1,1
all1,1,21,1,1,1,0,0,0,0,0,1,0,1,1,1
all1,1,22,1,1,1,0,0,0,0,0,0,0,0,1,0
all1,1,23,1,1,1,0,0,0,0,1,0,0,0,1,0
all1,1,24,1,1,1,0,0,0,0,0,1,0,0,1,0
all1,1,25,1,1,1,0,0,0,0,1,1,0,0,1,0
all1,1,26,1,1,1,0,0,0,0,0,0,1,0,1,0
all1,1,27,1,1,1,0,0,0,0,1,0,1,0,1,0
all1,1,28,1,1,1,0,0,0,0,0,1,1,0,1,0
all1,1,29,1,1,1,0,0,0,0,1,1,1,0,1,0
all1,1,30,1,1,1,0,0,0,0,0,0,0,1,1,0
all1,1,31,1,1,1,0,0,0,0,1,0,0,1,1,0
all1,1,32,1,1,1,0,0,0,0,0,1,0,1,1,0
all1,1,33,1,1,1,0,0,0,0,0,0,0,0,1,1
all1,1,34,1,1,1,0,0,0,0,1,0,0,0,1,1
all1,1,35,1,1,1,0,0,0,0,0,1,0,0,1,1
all1,1,36,1,1,1,0,0,0,0,1,1,0,0,1,1
all1,1,37,1,1,1,0,0,0,0,0,0,1,0,1,1
all1,1,38,1,1,1,0,0,0,0,1,0,1,0,1,1
all1,1,39,1,1,1,0,0,0,0,0,1,1,0,1,1
all1,1,40,1,1,1,0,0,0,0,1,1,1,0,1,1
all1,1,41,1,1,1,0,0,0,0,0,0,0,1,1,1
all1,1,42,1,1,1,0,0,0,0,1,0,0,1,1,1
all1,1,43,1,1,1,0,0,0,0,0,1,0,1,1,1
all1,1,44,1,1,1,0,0,0,0,0,0,0,0,1,0
all1,1,45,1,1,1,0,0,0,0,1,0,0,0,1,0
all1,1,46,1,1,1,0,0,0,0,0,1,0,0,1,0
all1,1,47,1,1,1,0,0,0,0,1,1,0,0,1,0
all1,1,48,1,1,1,0,0,0,0,0,0,1,0,1,0
all1,1,49,1,1,1,0,0,0,0,1,0,1,0,1,0
all1,1,50,1,1,1,0,0,0,0,0,1,1,0,1,0
all1,1,51,1,1,1,0,0,0,0,1,1,1,0,1,0
all1,1,52,1,1,1,0,0,0,0,0,0,0,1,1,0
all1,1,53,1,1,1,0,0,0,0,1,0,0,1,1,0
all1,1,54,1,1,1,0,0,0,0,0,1,0,1,1,0
all1,1,55,1,1,1,0,0,0,0,0,0,0,0,1,1
all1,1,56,1,1,1,0,0,0,0,1,0,0,0,1,1
all1,1,57,1,1,1,0,0,0,0,0,1,0,0,1,1
all1,1,58,1,1,1,0,0,0,0,1,1,0,0,1,1
all1,1,59,1,1,1,0,0,0,0,0,0,1,0,1,1
all1,1,60,1,1,1,0,0,0,0,1,0,1,0,1,1
all1,1,61,1,1,1,0,0,0,0,0,1,1,0,1,1
all1,1,62,1,1,1,0,0,0,0,1,1,1,0,1,1
all1,1,63,1,1,1,0,0,0,0,0,0,0,1,1,1
all1,1,64,1,1,1,0,0,0,0,1,0,0,1,1,1
all1,1,65,1,1,1,0,0,0,0,0,1,0,1,1,1
all1,1,66,1,1,1,0,0,0,0,0,0,0,0,1,0
all1,1,67,1,1,1,0,0,0,0,1,0,0,0,1,0
all1,1,68,1,1,1,0,0,0,0,0,1,0,0,1,0
all1,1,69,1,1,1,0,0,0,0,1,1,0,0,1,0
all1,1,70,1,1,1,0,0,0,0,0,0,1,0,1,0
all1,1,71,1,1,1,0,0,0,0,1,0,1,0,1,0
all1,1,72,1,1,1,0,0,0,0,0,1,1,0,1,0
all1,1,73,1,1,1,0,0,0,0,1,1,1,0,1,0
all1,1,74,1,1,1,0,0,0,0,0,0,0,1,1,0
all1,1,75,1,1,1,0,0,0,0,1,0,0,1,1,0
all1,1,76,1,1,1,0,0,0,0,0,1,0,1,1,0
all1,1,77,1,1,1,0,0,0,0,0,0,0,0,1,1
all1,1,78,1,1,1,0,0,0,0,1,0,0,0,1,1
all1,1,79,1,1,1,0,0,0,0,0,1,0,0,1,1
all1,1,80,1,1,1,0,0,0,0,1,1,0,0,1,1
all1,1,81,1,1,1,0,0,0,0,0,0,1,0,1,1
all1,1,82,1,1,1,0,0,0,0,1,0,1,0,1,1
all1,1,83,1,1,1,0,0,0,0,0,1,1,0,1,1
all1,1,84,1,1,1,0,0,0,0,1,1,1,0,1,1
all1,1,85,1,1,1,0,0,0,0,0,0,0,1,1,1
all1,1,86,1,1,1,0,0,0,0,1,0,0,1,1,1
all1,1,87,1,1,1,0,0,0,0,0,1,0,1,1,1
all1,1,88,1,1,1,0,0,0,0,0,0,0,0,1,0
all1,1,89,1,1,1,0,0,0,0,1,0,0,0,1,0
all1,1,90,1,1,1,0,0,0,0,0,1,0,0,1,0
all1,1,91,1,1,1,0,0,0,0,1,1,0,0,1,0
all1,1,92,1,1,1,0,0,0,0,0,0,1,0,1,0
all1,1,93,1,1,1,0,0,0,0,1,0,1,0,1,0
all1,1,94,1,1,1,0,0,0,0,0,1,1,0,1,0
all1,1,95,1,1,1,0,0,0,0,1,1,1,0,1,0
all1,1,96,1,1,1,0,0,0,0,0,0,0,1,1,0
all1,1,97,1,1,1,0,0,0,0,1,0,0,1,1,0
all1,1,98,1,1,1,0,0,0,0,0,1,0,1,1,0
all1,1,99,1,1,1,0,0,0,0,0,0,0,0,1,1
all1,1,100,1,1,1,0,0,0,0,1,0,0,0,1,1
all1,1,101,1,1,1,0,0,0,0,0,1,0,0,1,1
all1,1,102,1,1,1,0,0,0,0,1,1,0,0,1,1
all1,1,103,1,1,1,0,0,0,0,0,0,1,0,1,1
all1,1,104,1,1,1,0,0,0,0,1,0,1,0,1,1
all1,1,105,1,1,1,0,0,0,0,0,1,1,0,1,1
all1,1,106,1,1,1,0,0,0,0,1,1,1,0,1,1
all1,1,107,1,1,1,0,0,0,0,0,0,0,1,1,1
all1,1,108,1,1,1,0,0,0,0,1,0,0,1,1,1
all1,1,109,1,1,1,0,0,0,0,0,1,0,1,1,1
all1,1,110,1,1,1,0,0,0,0,0,0,0,0,1,0
all1,1,111,1,1,1,0,0,0,0,1,0,0,0,1,0
all1,1,112,1,1,1,0,0,0,0,0,1,0,0,1,0
all1,1,113,1,1,1,0,0,0,0,1,1,0,0,1,0
all1,1,114,1,1,1,0,0,0,0,0,0,1,0,1,0
all1,1,115,1,1,1,0,0,0,0,1,0,1,0,1,0
all1,1,116,1,1,1,0,0,0,0,0,1,1,0,1,0
all1,1,117,1,1,1,0,0,0,0,1,1,1,0,1,0
all1,1,118,1,1,1,0,0,0,0,0,0,0,1,1,0
all1,1,119,1,1,1,0,0,0,0,1,0,0,1,1,0
all1,1,120,1,1,1,0,0,0,0,0,1,0,1,1,0
cpsat,2,0,0,1,1,0,0,0,0,0,0,0,0,1,0
cpsat,2,1,0,1,1,0,0,0,0,1,0,0,0,1,0
cpsat,2,2,0,1,1,0,0,0,0,0,1,0,0,1,0
cpsat,2,3,0,1,1,0,0,0,0,1,1,0,0,1,0
cpsat,2,4,0,1,1,0,0,0,0,0,0,1,0,1,0
cpsat,2,5,0,1,1,0,0,0,0,1,0,1,0,1,0
cpsat,2,6,0,1,1,0,0,0,0,0,1,1,0,1,0
cpsat,2,7,1,1,1,0,0,0,0,1,1,1,0,1,0
cpsat,2,8,0,1,1,0,0,0,0,0,0,0,1,1,0
cpsat,2,9,1,1,1,0,0,0,0,1,0,0,1,1,0
cpsat,2,10,0,1,1,0,0,0,0,0,1,0,1,1,0
cpsat,2,11,1,1,1,0,0,0,0,0,0,0,0,1,1
cpsat,2,12,0,1,1,0,0,0,0,1,0,0,0,1,1
cpsat,2,13,0,1,1,0,0,0,0,0,1,0,0,1,1
cpsat,2,14,0,1,1,0,0,0,0,1,1,0,0,1,1
cpsat,2,15,0,1,1,0,0,0,0,0,0,1,0,1,1
cpsat,2,16,1,1,1,0,0,0,0,1,0,1,0,1,1
cpsat,2,17,0,1,1,0,0,0,0,0,1,1,0,1,1
cpsat,2,18,0,1,1,0,0,0,0,1,1,1,0,1,1
cpsat,2,19,0,1,1,0,0,0,0,0,0,0,1,1,1
cpsat,2,20,0,1,1,0,0,0,0,1,0,0,1,1,1
cpsat,2,21,0,1,1,0,0,0,0,0,1,0,1,1,1
cpsat,2,22,0,1,1,0,0,0,0,0,0,0,0,1,0
cpsat,2,23,0,1,1,0,0,0,0,1,0,0,0,1,0
cpsat,2,24,0,1,1,0,0,0,0,0,1,0,0,1,0
cpsat,2,25,0,1,1,0,0,0,0,1,1,0,0,1,0
cpsat,2,26,0,1,1,0,0,0,0,0,0,1,0,1,0
cpsat,2,27,0,1,1,0,0,0,0,1,0,1,0,1,0
cpsat,2,28,0,1,1,0,0,0,0,0,1,1,0,1,0
cpsat,2,29,1,1,1,0,0,0,0,1,1,1,0,1,0
cpsat,2,30,0,1,1,0,0,0,0,0,0,0,1,1,0
cpsat,2,31,1,1,1,0,0,0,0,1,0,0,1,1,0
cpsat,2,32,0,1,1,0,0,0,0,0,1,0,1,1,0
cpsat,2,33,1,1,1,0,0,0,0,0,0,0,0,1,1
cpsat,2,34,0,1,1,0,0,0,0,1,0,0,0,1,1
cpsat,2,35,1,1,1,0,0,0,0,0,1,0,0,1,1
cpsat,2,36,0,1,1,0,0,0,0,1,1,0,0,1,1
cpsat,2,37,0,1,1,0,0,0,0,0,0,1,0,1,1
cpsat,2,38,0,1,1,0,0,0,0,1,0,1,0,1,1
cpsat,2,39,0,1,1,0,0,0,0,0,1,1,0,1,1
cpsat,2,40,0,1,1,0,0,0,0,1,1,1,0,1,1
cpsat,2,41,0,1,1,0,0,0,0,0,0,0,1,1,1
cpsat,2,42,0,1,1,0,0,0,0,1,0,0,1,1,1
cpsat,2,43,0,1,1,0,0,0,0,0,1,0,1,1,1
cpsat,2,44,0,1,1,0,0,0,0,0,0,0,0,1,0
cpsat,2,45,0,1,1,0,0,0,0,1,0,0,0,1,0
cpsat,2,46,0,1,1,0,0,0,0,0,1,0,0,1,0
cpsat,2,47,0,1,1,0,0,0,0,1,1,0,0,1,0
cpsat,2,48,1,1,1,0,0,0,0,0,0,1,0,1,0
cpsat,2,49,0,1,1,0,0,0,0,1,0,1,0,1,0
cpsat,2,50,1,1,1,0,0,0,0,0,1,1,0,1,0
cpsat,2,51,0,1,1,0,0,0,0,1,1,1,0,1,0
cpsat,2,52,0,1,1,0,0,0,0,0,0,0,1,1,0
cpsat,2,53,0,1,1,0,0,0,0,1,0,0,1,1,0
cpsat,2,54,0,1,1,0,0,0,0,0,1,0,1,1,0
cpsat,2,55,0,1,1,0,0,0,0,0,0,0,0,1,1
cpsat,2,56,0,1,1,0,0,0,0,1,0,0,0,1,1
cpsat,2,57,1,1,1,0,0,0,0,0,1,0,0,1,1
cpsat,2,58,0,1,1,0,0,0,0,1,1,0,0,1,1
cpsat,2,59,0,1,1,0,0,0,0,0,0,1,0,1,1
cpsat,2,60,0,1,1,0,0,0,0,1,0,1,0,1,1
cpsat,2,61,0,1,1,0,0,0,0,0,1,1,0,1,1
cpsat,2,62,0,1,1,0,0,0,0,1,1,1,0,1,1
cpsat,2,63,1,1,1,0,0,0,0,0,0,0,1,1,1
cpsat,2,64,0,1,1,0,0,0,0,1,0,0,1,1,1
cpsat,2,65,0,1,1,0,0,0,0,0,1,0,1,1,1
cpsat,2,66,0,1,1,0,0,0,0,0,0,0,0,1,0
cpsat,2,67,0,1,1,0,0,0,0,1,0,0,0,1,0
cpsat,2,68,0,1,1,0,0,0,0,0,1,0,0,1,0
cpsat,2,69,0,1,1,0,0,0,0,1,1,0,0,1,0
cpsat,2,70,1,1,1,0,0,0,0,0,0,1,0,1,0
cpsat,2,71,0,1,1,0,0,0,0,1,0,1,0,1,0
cpsat,2,72,0,1,1,0,0,0,0,0,1,1,0,1,0
cpsat,2,73,0,1,1,0,0,0,0,1,1,1,0,1,0
cpsat,2,74,0,1,1,0,0,0,0,0,0,0,1,1,0
cpsat,2,75,0,1,1,0,0,0,0,1,0,0,1,1,0
cpsat,2,76,1,1,1,0,0,0,0,0,1,0,1,1,0
cpsat,2,77,0,1,1,0,0,0,0,0,0,0,0,1,1
cpsat,2,78,1,1,1,0,0,0,0,1,0,0,0,1,1
cpsat,2,79,0,1,1,0,0,0,0,0,1,0,0,1,1
cpsat,2,80,0,1,1,0,0,0,0,1,1,0,0,1,1
cpsat,2,81,0,1,1,0,0,0,0,0,0,1,0,1,1
cpsat,2,82,0,1,1,0,0,0,0,1,0,1,0,1,1
cpsat,2,83,1,1,1,0,0,0,0,0,1,1,0,1,1
cpsat,2,84,0,1,1,0,0,0,0,1,1,1,0,1,1
cpsat,2,85,0,1,1,0,0,0,0,0,0,0,1,1,1
cpsat,2,86,0,1,1,0,0,0,0,1,0,0,1,1,1
cpsat,2,87,0,1,1,0,0,0,0,0,1,0,1,1,1
cpsat,2,88,0,1,1,0,0,0,0,0,0,0,0,1,0
cpsat,2,89,0,1,1,0,0,0,0,1,0,0,0,1,0
cpsat,2,90,0,1,1,0,0,0,0,0,1,0,0,1,0
cpsat,2,91,1,1,1,0,0,0,0,1,1,0,0,1,0
cpsat,2,92,0,1,1,0,0,0,0,0,0,1,0,1,0
cpsat,2,93,0,1,1,0,0,0,0,1,0,1,0,1,0
cpsat,2,94,0,1,1,0,0,0,0,0,1,1,0,1,0
cpsat,2,95,0,1,1,0,0,0,0,1,1,1,0,1,0
cpsat,2,96,0,1,1,0,0,0,0,0,0,0,1,1,0
cpsat,2,97,0,1,1,0,0,0,0,1,0,0,1,1,0
cpsat,2,98,1,1,1,0,0,0,0,0,1,0,1,1,0
cpsat,2,99,0,1,1,0,0,0,0,0,0,0,0,1,1
cpsat,2,100,0,1,1,0,0,0,0,1,0,0,0,1,1
cpsat,2,101,0,1,1,0,0,0,0,0,1,0,0,1,1
cpsat,2,102,0,1,1,0,0,0,0,1,1,0,0,1,1
cpsat,2,103,0,1,1,0,0,0,0,0,0,1,0,1,1
cpsat,2,104,1,1,1,0,0,0,0,1,0,1,0,1,1
cpsat,2,105,0,1,1,0,0,0,0,0,1,1,0,1,1
cpsat,2,106,0,1,1,0,0,0,0,1,1,1,0,1,1
cpsat,2,107,1,1,1,0,0,0,0,0,0,0,1,1,1
cpsat,2,108,0,1,1,0,0,0,0,1,0,0,1,1,1
cpsat,2,109,0,1,1,0,0,0,0,0,1,0,1,1,1
cpsat,2,110,0,1,1,0,0,0,0,0,0,0,0,1,0
cpsat,2,111,1,1,1,0,0,0,0,1,0,0,0,1,0
cpsat,2,112,0,1,1,0,0,0,0,0,1,0,0,1,0
cpsat,2,113,1,1,1,0,0,0,0,1,1,0,0,1,0
cpsat,2,114,0,1,1,0,0,0,0,0,0,1,0,1,0
cpsat,2,115,0,1,1,0,0,0,0,1,0,1,0,1,0
cpsat,2,116,0,1,1,0,0,0,0,0,1,1,0,1,0
cpsat,2,117,0,1,1,0,0,0,0,1,1,1,0,1,0
cpsat,2,118,0,1,1,0,0,0,0,0,0,0,1,1,0
cpsat,2,119,0,1,1,0,0,0,0,1,0,0,1,1,0
cpsat,2,120,0,1,1,0,0,0,0,0,1,0,1,1,0
